{
  "timing": {
    "total_seconds": 55.27479577064514,
    "Step 1: Transcript extraction": 1.2363319396972656,
    "Step 2: Claim extraction": 5.656536102294922,
    "Step 3.3.1: Query generation for claim 3": 2.1776349544525146,
    "Step 3.1.1: Query generation for claim 1": 2.3240551948547363,
    "Step 3.3.2.2.1.1: Google Search API (batch 1)": 0.9549691677093506,
    "Step 3.1.2.1.1.1: Google Search API (batch 1)": 0.9087100028991699,
    "Step 3.3.2.1.1.1: Google Search API (batch 1)": 1.0472509860992432,
    "Step 3.1.2.2.1.1: Google Search API (batch 1)": 0.9343998432159424,
    "Step 3.2.1: Query generation for claim 2": 3.547947883605957,
    "Step 3.2.2.2.1.1: Google Search API (batch 1)": 0.8056719303131104,
    "Step 3.2.2.1.1.1: Google Search API (batch 1)": 0.8568482398986816,
    "Step 3.3.2.1.2: Reliability assessment (result 2)": 0.0006868839263916016,
    "Step 3.3.2.1.2: Reliability assessment (result 3)": 0.0009300708770751953,
    "Step 3.3.2.1.2: Reliability assessment (result 4)": 0.0009620189666748047,
    "Step 3.3.2.1.2: Reliability assessment (result 5)": 0.34052085876464844,
    "Step 3.3.2.2.2: Reliability assessment (result 3)": 0.0010859966278076172,
    "Step 3.3.2.2.2: Reliability assessment (result 5)": 0.0011157989501953125,
    "Step 3.3.2.2.2: Reliability assessment (result 2)": 0.2696869373321533,
    "Step 3.3.2.1.2: Reliability assessment (result 6)": 0.9626498222351074,
    "Step 3.1.2.2.2: Reliability assessment (result 3)": 0.0006740093231201172,
    "Step 3.1.2.2.2: Reliability assessment (result 4)": 0.0007307529449462891,
    "Step 3.3.2.2.2: Reliability assessment (result 4)": 0.6238729953765869,
    "Step 3.3.2.1.2: Reliability assessment (result 1)": 1.0783019065856934,
    "Step 3.1.2.2.2: Reliability assessment (result 2)": 0.8028757572174072,
    "Step 3.1.2.2.2: Reliability assessment (result 6)": 1.1616528034210205,
    "Step 3.1.2.2.2: Reliability assessment (result 5)": 1.1617310047149658,
    "Step 3.1.2.2.2: Reliability assessment (result 1)": 1.1619977951049805,
    "Step 3.3.2.2.2: Reliability assessment (result 6)": 1.7847609519958496,
    "Step 3.3.2.2.2: Reliability assessment (result 1)": 1.7848472595214844,
    "Step 3.2.2.2.2: Reliability assessment (result 2)": 0.6881000995635986,
    "Step 3.2.2.2.2: Reliability assessment (result 3)": 0.6881699562072754,
    "Step 3.2.2.2.2: Reliability assessment (result 4)": 0.799069881439209,
    "Step 3.2.2.2.2: Reliability assessment (result 1)": 1.0544497966766357,
    "Step 3.1.2.2.3: Content fetching (result 3)": 10.220511198043823,
    "Step 3.1.2.2.3: Content fetching (result 4)": 10.222272872924805,
    "Step 3.1.2.1.2: Reliability assessment (result 2)": 9.060879945755005,
    "Step 3.1.2.2.3: Content fetching (result 2)": 9.42198395729065,
    "Step 3.1.2.2.3: Content fetching (result 6)": 9.065528154373169,
    "Step 3.1.2.2.3: Content fetching (result 5)": 9.067736148834229,
    "Step 3.1.2.2.3: Content fetching (result 1)": 9.06971001625061,
    "Step 3.1.2.1.2: Reliability assessment (result 5)": 9.621748924255371,
    "Step 3.2.2.1.2: Reliability assessment (result 2)": 9.621804237365723,
    "Step 3.1.2.1.2: Reliability assessment (result 6)": 9.918883085250854,
    "Step 3.2.2.1.2: Reliability assessment (result 3)": 9.91894793510437,
    "Step 3.1.2.1.2: Reliability assessment (result 3)": 10.187443971633911,
    "Step 3.1.2.1.2: Reliability assessment (result 1)": 10.187621116638184,
    "Step 3.2.2.1.2: Reliability assessment (result 5)": 10.19364619255066,
    "Step 3.2.2.1.2: Reliability assessment (result 4)": 10.199761867523193,
    "Step 3.2.2.1.2: Reliability assessment (result 1)": 10.215343952178955,
    "Step 3.1.2.1.2: Reliability assessment (result 4)": 10.786831140518188,
    "Step 3.3.2.1.3: Content fetching (result 2)": 15.886781215667725,
    "Step 3.3.2.1.3: Content fetching (result 4)": 15.889129877090454,
    "Step 3.3.2.1.3: Content fetching (result 3)": 15.892437934875488,
    "Step 3.3.2.1.3: Content fetching (result 5)": 15.556171178817749,
    "Step 3.3.2.1.3: Content fetching (result 6)": 14.936311721801758,
    "Step 3.3.2.1.3: Content fetching (result 1)": 14.822971820831299,
    "Step 3.3.2.2.3: Content fetching (result 3)": 20.970000982284546,
    "Step 3.3.2.2.3: Content fetching (result 5)": 20.97267723083496,
    "Step 3.3.2.2.3: Content fetching (result 2)": 20.707082986831665,
    "Step 3.3.2.2.3: Content fetching (result 4)": 20.356035947799683,
    "Step 3.3.2.2.3: Content fetching (result 6)": 19.198479175567627,
    "Step 3.3.2.2.3: Content fetching (result 1)": 19.201974153518677,
    "Step 3.3.2.2.4: Evidence extraction (result 5)": 2.060955762863159,
    "Step 3.3.2.1.4: Evidence extraction (result 3)": 7.483889818191528,
    "Step 3.3.2.1.4: Evidence extraction (result 1)": 7.632688760757446,
    "Step 3.3.2.1.4: Evidence extraction (result 2)": 7.731716871261597,
    "Step 3.3.2.2.4: Evidence extraction (result 2)": 2.5902152061462402,
    "Step 3.3.2.1.4: Evidence extraction (result 5)": 8.010779857635498,
    "Step 3.1.2.2.4: Evidence extraction (result 2)": 12.808500051498413,
    "Step 3.3.2.2.4: Evidence extraction (result 6)": 2.674386739730835,
    "Step 3.3.2.2.4: Evidence extraction (result 4)": 2.678786039352417,
    "Step 3.3.2.1.4: Evidence extraction (result 6)": 8.13647723197937,
    "Step 3.1.2.2.4: Evidence extraction (result 1)": 12.92990493774414,
    "Step 3.1.2.2.4: Evidence extraction (result 6)": 13.09374475479126,
    "Step 3.1.2.2.4: Evidence extraction (result 5)": 13.177663087844849,
    "Step 3.3.2.1.4: Evidence extraction (result 4)": 8.491850852966309,
    "Step 3.3.2: Search execution for claim 3 query 1": 29.506288766860962,
    "Step 3.2.2.2.3: Content fetching (result 2)": 22.503461122512817,
    "Step 3.2.2.2.3: Content fetching (result 3)": 22.505988121032715,
    "Step 3.2.2.2.3: Content fetching (result 4)": 22.397133111953735,
    "Step 3.2.2.2.3: Content fetching (result 1)": 22.144252061843872,
    "Step 3.3.2.2.4: Evidence extraction (result 1)": 3.396501064300537,
    "Step 3.3.2.2.4: Evidence extraction (result 3)": 4.035549879074097,
    "Step 3.3.2: Search execution for claim 3 query 2": 30.399718046188354,
    "Step 3.1.2.2.4: Evidence extraction (result 4)": 15.106826066970825,
    "Step 3.3.3: Verdict generation for claim 3": 1.5779550075531006,
    "Step 3.1.2.2.4: Evidence extraction (result 3)": 15.863512754440308,
    "Step 3.1.2: Search execution for claim 1 query 2": 31.968148231506348,
    "Step 3.2.2.2.4: Evidence extraction (result 1)": 4.736892223358154,
    "Step 3.1.2.1.3: Content fetching (result 2)": 18.293298959732056,
    "Step 3.1.2.1.3: Content fetching (result 5)": 17.735991716384888,
    "Step 3.1.2.1.3: Content fetching (result 6)": 17.441113233566284,
    "Step 3.1.2.1.3: Content fetching (result 3)": 17.17457389831543,
    "Step 3.1.2.1.3: Content fetching (result 1)": 17.176419019699097,
    "Step 3.1.2.1.3: Content fetching (result 4)": 16.57894802093506,
    "Step 3.2.2.2.4: Evidence extraction (result 2)": 5.264549016952515,
    "Step 3.2.2.2.4: Evidence extraction (result 4)": 6.14549994468689,
    "Step 3.1.2.1.4: Evidence extraction (result 4)": 2.2775681018829346,
    "Step 3.1.2.1.4: Evidence extraction (result 5)": 2.306152820587158,
    "Step 3.2.2.2.4: Evidence extraction (result 3)": 7.248226881027222,
    "Step 3.2.2: Search execution for claim 2 query 2": 35.565906286239624,
    "Step 3.1.2.1.4: Evidence extraction (result 2)": 2.482614040374756,
    "Step 3.2.2.1.3: Content fetching (result 2)": 20.34022092819214,
    "Step 3.2.2.1.3: Content fetching (result 3)": 20.048871994018555,
    "Step 3.2.2.1.3: Content fetching (result 5)": 19.776368141174316,
    "Step 3.2.2.1.3: Content fetching (result 4)": 19.7722008228302,
    "Step 3.2.2.1.3: Content fetching (result 1)": 19.758898973464966,
    "Step 3.1.2.1.4: Evidence extraction (result 3)": 2.740185022354126,