{
  "timing": {
    "total_seconds": 41.161301136016846,
    "Step 1: Transcript extraction": 1.5431489944458008,
    "Step 2: Claim extraction": 7.909487247467041,
    "Step 3.1.1: Query generation for claim 1": 1.8979277610778809,
    "Step 3.1.2.2.1.1: Google Search API (batch 1)": 0.804990291595459,
    "Step 3.1.2.1.1.1: Google Search API (batch 1)": 1.3771698474884033,
    "Step 3.1.2.1.2: Reliability assessment (result 1)": 0.0004990100860595703,
    "Step 3.1.2.1.2: Reliability assessment (result 2)": 0.000518798828125,
    "Step 3.1.2.1.2: Reliability assessment (result 4)": 0.0011830329895019531,
    "Step 3.1.2.1.2: Reliability assessment (result 6)": 0.9457659721374512,
    "Step 3.1.2.1.2: Reliability assessment (result 5)": 1.291146993637085,
    "Step 3.1.2.1.2: Reliability assessment (result 3)": 1.291260004043579,
    "Step 3.1.2.2.2: Reliability assessment (result 1)": 0.0010790824890136719,
    "Step 3.1.2.2.2: Reliability assessment (result 3)": 0.001068115234375,
    "Step 3.1.2.2.2: Reliability assessment (result 2)": 1.2253508567810059,
    "Step 3.1.2.2.2: Reliability assessment (result 5)": 1.2399239540100098,
    "Step 3.1.2.2.2: Reliability assessment (result 4)": 1.2482800483703613,
    "Step 3.1.2.2.3: Content fetching (result 1)": 7.6498401165008545,
    "Step 3.1.2.2.3: Content fetching (result 3)": 7.661106109619141,
    "Step 3.1.2.2.3: Content fetching (result 2)": 6.439152956008911,
    "Step 3.1.2.2.3: Content fetching (result 5)": 6.4276649951934814,
    "Step 3.1.2.2.3: Content fetching (result 4)": 6.42242693901062,
    "Step 3.1.2.2.4: Evidence extraction (result 3)": 3.614851713180542,
    "Step 3.1.2.2.4: Evidence extraction (result 4)": 4.396870851516724,
    "Step 3.1.2.2.4: Evidence extraction (result 5)": 4.484631061553955,
    "Step 3.1.2.1.3: Content fetching (result 1)": 13.594905138015747,
    "Step 3.1.2.1.3: Content fetching (result 2)": 13.603452920913696,
    "Step 3.1.2.1.3: Content fetching (result 4)": 13.605783700942993,
    "Step 3.1.2.1.3: Content fetching (result 6)": 12.66361689567566,
    "Step 3.1.2.1.3: Content fetching (result 5)": 12.320512056350708,
    "Step 3.1.2.1.3: Content fetching (result 3)": 12.322427749633789,
    "Step 3.1.2.2.4: Evidence extraction (result 1)": 5.494139194488525,
    "Step 3.1.2.2.4: Evidence extraction (result 2)": 6.286915063858032,
    "Step 3.1.2: Search execution for claim 1 query 2": 20.272063970565796,
    "Step 3.1.2.1.4: Evidence extraction (result 5)": 2.793186902999878,
    "Step 3.1.2.1.4: Evidence extraction (result 1)": 3.2831509113311768,
    "Step 3.1.2.1.4: Evidence extraction (result 3)": 3.8427011966705322,
    "Step 3.1.2.1.4: Evidence extraction (result 6)": 4.32915997505188,
    "Step 3.1.2.1.4: Evidence extraction (result 2)": 4.73675012588501,
    "Step 3.1.2.1.4: Evidence extraction (result 4)": 5.599041938781738,
    "Step 3.1.2: Search execution for claim 1 query 1": 24.322720766067505,
    "Step 3.1.3: Verdict generation for claim 1": 5.270226955413818,
    "Step 3: Query generation + search + verdicts for all claims (PARALLEL)": 31.492104053497314,
    "Step 4: Sort and assemble final output": 6.4849853515625e-05
  },
  "llm": {
    "total_calls": 14,
    "total_cost_usd": 0.00315135,
    "total_latency_seconds": 63.16
  },
  "claims_extracted": 1,
  "success": true,
  "error": null
}
