{
  "timing": {
    "total_seconds": 98.98678708076477,
    "Step 1: Transcript extraction": 0.9093399047851562,
    "Step 2: Claim extraction": 12.55110478401184,
    "Step 3.1.1: Query generation for claim 1": 11.02908992767334,
    "Step 3.3.1: Query generation for claim 3": 11.187038898468018,
    "Step 3.2.1: Query generation for claim 2": 11.949466228485107,
    "Step 3.1.2.1.1.1: Google Search API (batch 1)": 0.9930429458618164,
    "Step 3.3.2.2.1.1: Google Search API (batch 1)": 0.839885950088501,
    "Step 3.3.2.1.1.1: Google Search API (batch 1)": 0.920795202255249,
    "Step 3.1.2.2.1.1: Google Search API (batch 1)": 1.3092801570892334,
    "Step 3.2.2.1.1.1: Google Search API (batch 1)": 0.8731670379638672,
    "Step 3.2.2.2.1.1: Google Search API (batch 1)": 0.8507339954376221,
    "Step 3.3.2.1.2: Reliability assessment (result 1)": 0.0002989768981933594,
    "Step 3.3.2.1.2: Reliability assessment (result 3)": 0.0007350444793701172,
    "Step 3.3.2.1.2: Reliability assessment (result 4)": 0.6666929721832275,
    "Step 3.3.2.1.2: Reliability assessment (result 2)": 1.0792620182037354,
    "Step 3.3.2.1.2: Reliability assessment (result 5)": 1.0793161392211914,
    "Step 3.2.2.2.2: Reliability assessment (result 2)": 0.6017410755157471,
    "Step 3.2.2.2.2: Reliability assessment (result 6)": 0.6981680393218994,
    "Step 3.2.2.2.2: Reliability assessment (result 4)": 0.7662868499755859,
    "Step 3.2.2.2.2: Reliability assessment (result 5)": 0.7679688930511475,
    "Step 3.2.2.2.2: Reliability assessment (result 3)": 0.9830288887023926,
    "Step 3.2.2.2.2: Reliability assessment (result 1)": 1.099039077758789,
    "Step 3.2.2.1.2: Reliability assessment (result 1)": 0.6049990653991699,
    "Step 3.2.2.1.2: Reliability assessment (result 4)": 0.7612402439117432,
    "Step 3.2.2.1.2: Reliability assessment (result 6)": 0.8552646636962891,
    "Step 3.2.2.1.2: Reliability assessment (result 5)": 1.0413260459899902,
    "Step 3.2.2.1.2: Reliability assessment (result 3)": 1.058016061782837,
    "Step 3.2.2.1.2: Reliability assessment (result 2)": 1.0998289585113525,
    "Step 3.3.2.1.3: Content fetching (result 1)": 7.8487560749053955,
    "Step 3.3.2.1.3: Content fetching (result 3)": 7.85552716255188,
    "Step 3.3.2.1.3: Content fetching (result 4)": 7.191761016845703,
    "Step 3.3.2.1.3: Content fetching (result 5)": 6.782268047332764,
    "Step 3.3.2.1.3: Content fetching (result 2)": 6.78367018699646,
    "Step 3.3.2.2.2: Reliability assessment (result 2)": 0.0004642009735107422,
    "Step 3.3.2.2.2: Reliability assessment (result 3)": 0.6432342529296875,
    "Step 3.3.2.2.2: Reliability assessment (result 1)": 1.0810050964355469,
    "Step 3.3.2.2.2: Reliability assessment (result 4)": 1.1299922466278076,
    "Step 3.3.2.2.3: Content fetching (result 2)": 6.811579942703247,
    "Step 3.3.2.2.3: Content fetching (result 3)": 6.170875787734985,
    "Step 3.3.2.2.3: Content fetching (result 1)": 5.7353551387786865,
    "Step 3.3.2.2.3: Content fetching (result 4)": 5.688381910324097,
    "Step 3.2.2.2.3: Content fetching (result 2)": 14.725316762924194,
    "Step 3.2.2.2.3: Content fetching (result 6)": 14.630908966064453,
    "Step 3.2.2.2.3: Content fetching (result 4)": 14.563308954238892,
    "Step 3.2.2.2.3: Content fetching (result 5)": 14.56578803062439,
    "Step 3.2.2.2.3: Content fetching (result 3)": 14.352402925491333,
    "Step 3.2.2.2.3: Content fetching (result 1)": 14.238662958145142,
    "Step 3.1.2.2.2: Reliability assessment (result 3)": 6.0502190589904785,
    "Step 3.1.2.2.2: Reliability assessment (result 4)": 6.1872169971466064,
    "Step 3.1.2.2.2: Reliability assessment (result 5)": 6.4340620040893555,
    "Step 3.1.2.2.2: Reliability assessment (result 2)": 6.533242702484131,
    "Step 3.1.2.2.2: Reliability assessment (result 1)": 6.5592451095581055,
    "Step 3.1.2.1.2: Reliability assessment (result 3)": 0.0004799365997314453,
    "Step 3.1.2.1.2: Reliability assessment (result 4)": 0.0005791187286376953,
    "Step 3.3.2.2.2: Reliability assessment (result 5)": 10.383079051971436,
    "Step 3.1.2.1.2: Reliability assessment (result 2)": 1.0874722003936768,
    "Step 3.1.2.1.2: Reliability assessment (result 1)": 1.1136608123779297,
    "Step 3.3.2.2.4: Evidence extraction (result 1)": 3.805471897125244,
    "Step 3.3.2.1.4: Evidence extraction (result 5)": 12.561155796051025,
    "Step 3.3.2.2.4: Evidence extraction (result 2)": 4.094969034194946,
    "Step 3.3.2.2.4: Evidence extraction (result 4)": 4.159040689468384,
    "Step 3.3.2.1.4: Evidence extraction (result 1)": 13.191237926483154,
    "Step 3.2.2.2.4: Evidence extraction (result 1)": 5.503357172012329,
    "Step 3.3.2.1.4: Evidence extraction (result 2)": 18.600133895874023,
    "Step 3.3.2.1.4: Evidence extraction (result 4)": 18.664817810058594,
    "Step 3.3.2.1.4: Evidence extraction (result 3)": 18.688180923461914,
    "Step 3.3.2: Search execution for claim 3 query 1": 32.01399612426758,
    "Step 3.2.2.1.3: Content fetching (result 1)": 24.217360019683838,
    "Step 3.2.2.1.3: Content fetching (result 4)": 24.06684398651123,
    "Step 3.2.2.1.3: Content fetching (result 6)": 23.974747896194458,
    "Step 3.2.2.1.3: Content fetching (result 5)": 23.790823221206665,
    "Step 3.2.2.1.3: Content fetching (result 3)": 23.776574850082397,
    "Step 3.2.2.1.3: Content fetching (result 2)": 23.737589836120605,
    "Step 3.3.2.2.3: Content fetching (result 5)": 6.940772771835327,
    "Step 3.1.2.1.3: Content fetching (result 3)": 9.991597175598145,
    "Step 3.1.2.1.3: Content fetching (result 4)": 9.996586084365845,
    "Step 3.1.2.1.3: Content fetching (result 2)": 8.912070035934448,
    "Step 3.1.2.1.3: Content fetching (result 1)": 8.88772201538086,
    "Step 3.1.2.1.2: Reliability assessment (result 5)": 10.756017208099365,
    "Step 3.1.2.2.3: Content fetching (result 3)": 13.591479778289795,
    "Step 3.1.2.2.3: Content fetching (result 4)": 13.456522941589355,
    "Step 3.1.2.2.3: Content fetching (result 5)": 13.211367845535278,
    "Step 3.1.2.2.3: Content fetching (result 2)": 13.113907098770142,
    "Step 3.1.2.2.3: Content fetching (result 1)": 13.089966773986816,
    "Step 3.1.2.1.3: Content fetching (result 5)": 2.351407051086426,
    "Step 3.2.2.2.4: Evidence extraction (result 3)": 18.294967889785767,
    "Step 3.3.2.2.4: Evidence extraction (result 3)": 18.711120128631592,
    "Step 3.2.2.2.4: Evidence extraction (result 6)": 18.403711080551147,
    "Step 3.2.2.2.4: Evidence extraction (result 4)": 18.455986976623535,
    "Step 3.2.2.2.4: Evidence extraction (result 5)": 18.5921528339386,
    "Step 3.2.2.2.4: Evidence extraction (result 2)": 18.63428783416748,
    "Step 3.2.2: Search execution for claim 2 query 2": 40.14018726348877,
    "Step 3.2.2.1.4: Evidence extraction (result 5)": 18.13106608390808,
    "Step 3.2.2.1.4: Evidence extraction (result 6)": 18.21576690673828,
    "Step 3.2.2.1.4: Evidence extraction (result 1)": 18.234313011169434,
    "Step 3.2.2.1.4: Evidence extraction (result 4)": 18.33164095878601,
    "Step 3.2.2.1.4: Evidence extraction (result 3)": 18.349003076553345,
    "Step 3.2.2.1.4: Evidence extraction (result 2)": 18.35174798965454,
    "Step 3.2.2: Search execution for claim 2 query 1": 50.05879592895508,
    "Step 3.3.2.2.4: Evidence extraction (result 5)": 18.37923312187195,
    "Step 3.3.2: Search execution for claim 3 query 2": 50.896278858184814,
    "Step 3.1.2.1.4: Evidence extraction (result 1)": 17.943915128707886,
    "Step 3.1.2.1.4: Evidence extraction (result 3)": 18.148178100585938,
    "Step 3.1.2.1.4: Evidence extraction (result 4)": 18.26421093940735,
    "Step 3.1.2.1.4: Evidence extraction (result 2)": 18.26849389076233,
    "Step 3.1.2.2.4: Evidence extraction (result 3)": 18.01793670654297,
    "Step 3.1.2.2.4: Evidence extraction (result 2)": 18.04493999481201,
    "Step 3.1.2.2.4: Evidence extraction (result 1)": 18.075175046920776,