{
  "timing": {
    "total_seconds": 72.5900342464447,
    "Step 1: Transcript extraction": 0.8958621025085449,
    "Step 2: Claim extraction": 13.102272987365723,
    "Step 3.3.1: Query generation for claim 3": 2.5322470664978027,
    "Step 3.2.1: Query generation for claim 2": 2.6967759132385254,
    "Step 3.3.2.1.1.1: Google Search API (batch 1)": 1.0142452716827393,
    "Step 3.3.2.2.1.1: Google Search API (batch 1)": 0.9727640151977539,
    "Step 3.2.2.1.1.1: Google Search API (batch 1)": 0.9347200393676758,
    "Step 3.2.2.2.1.1: Google Search API (batch 1)": 0.9505088329315186,
    "Step 3.3.2.1.2: Reliability assessment (result 2)": 0.0003001689910888672,
    "Step 3.3.2.1.2: Reliability assessment (result 1)": 0.5469651222229004,
    "Step 3.3.2.1.2: Reliability assessment (result 3)": 0.5802328586578369,
    "Step 3.3.2.1.2: Reliability assessment (result 5)": 0.7263967990875244,
    "Step 3.3.2.1.2: Reliability assessment (result 4)": 0.7596509456634521,
    "Step 3.3.2.2.2: Reliability assessment (result 1)": 0.0005729198455810547,
    "Step 3.3.2.2.2: Reliability assessment (result 2)": 0.6359081268310547,
    "Step 3.3.2.2.2: Reliability assessment (result 5)": 0.8085031509399414,
    "Step 3.3.2.2.2: Reliability assessment (result 4)": 0.9739010334014893,
    "Step 3.3.2.2.2: Reliability assessment (result 3)": 1.427267074584961,
    "Step 3.2.2.2.2: Reliability assessment (result 1)": 0.0011110305786132812,
    "Step 3.2.2.2.2: Reliability assessment (result 3)": 0.000993967056274414,
    "Step 3.2.2.1.2: Reliability assessment (result 1)": 0.00039505958557128906,
    "Step 3.2.2.2.2: Reliability assessment (result 4)": 1.0293340682983398,
    "Step 3.2.2.2.2: Reliability assessment (result 2)": 1.0300321578979492,
    "Step 3.2.2.2.2: Reliability assessment (result 5)": 1.148108959197998,
    "Step 3.2.2.1.2: Reliability assessment (result 4)": 1.0129389762878418,
    "Step 3.2.2.1.2: Reliability assessment (result 2)": 1.0240139961242676,
    "Step 3.2.2.1.2: Reliability assessment (result 3)": 1.028562068939209,
    "Step 3.2.2.1.2: Reliability assessment (result 5)": 2.192387819290161,
    "Step 3.2.2.1.3: Content fetching (result 1)": 5.8912200927734375,
    "Step 3.2.2.1.3: Content fetching (result 4)": 4.88241982460022,
    "Step 3.2.2.1.3: Content fetching (result 2)": 5.114928960800171,
    "Step 3.2.2.1.4: Evidence extraction (result 1)": 1.3147001266479492,
    "Step 3.2.2.1.4: Evidence extraction (result 4)": 1.3988938331604004,
    "Step 3.3.2.1.3: Content fetching (result 2)": 10.765023946762085,
    "Step 3.3.2.1.3: Content fetching (result 1)": 10.22073221206665,
    "Step 3.3.2.1.3: Content fetching (result 3)": 10.189471960067749,
    "Step 3.3.2.1.3: Content fetching (result 5)": 10.045581817626953,
    "Step 3.3.2.1.3: Content fetching (result 4)": 10.01533317565918,
    "Step 3.1.1: Query generation for claim 1": 18.5416738986969,
    "Step 3.2.2.1.4: Evidence extraction (result 2)": 2.247654914855957,
    "Step 3.3.2.2.3: Content fetching (result 1)": 10.612469911575317,
    "Step 3.3.2.2.3: Content fetching (result 5)": 9.806944131851196,
    "Step 3.3.2.2.3: Content fetching (result 2)": 9.983471155166626,
    "Step 3.3.2.2.3: Content fetching (result 4)": 9.651246070861816,
    "Step 3.3.2.2.3: Content fetching (result 3)": 9.19998288154602,
    "Step 3.2.2.1.3: Content fetching (result 3)": 7.855419158935547,
    "Step 3.2.2.1.3: Content fetching (result 5)": 6.6936421394348145,
    "Step 3.2.2.2.3: Content fetching (result 2)": 8.422972917556763,
    "Step 3.2.2.2.3: Content fetching (result 3)": 9.453886985778809,
    "Step 3.2.2.2.3: Content fetching (result 5)": 8.309001207351685,
    "Step 3.2.2.2.3: Content fetching (result 4)": 8.430337905883789,
    "Step 3.2.2.2.3: Content fetching (result 1)": 9.461491346359253,
    "Step 3.3.2.1.4: Evidence extraction (result 3)": 18.180230855941772,
    "Step 3.3.2.1.4: Evidence extraction (result 2)": 18.28258490562439,
    "Step 3.3.2.1.4: Evidence extraction (result 1)": 18.29544186592102,
    "Step 3.3.2.1.4: Evidence extraction (result 5)": 18.34235906600952,
    "Step 3.3.2.1.4: Evidence extraction (result 4)": 18.378085136413574,
    "Step 3.3.2: Search execution for claim 3 query 1": 34.022014141082764,
    "Step 3.2.2.1.4: Evidence extraction (result 5)": 17.850396156311035,
    "Step 3.3.2.2.4: Evidence extraction (result 2)": 17.988807916641235,
    "Step 3.3.2.2.4: Evidence extraction (result 3)": 18.01416301727295,
    "Step 3.2.2.1.4: Evidence extraction (result 3)": 18.08926010131836,
    "Step 3.2.2: Search execution for claim 2 query 1": 35.088066816329956,
    "Step 3.3.2.2.4: Evidence extraction (result 5)": 18.24710702896118,
    "Step 3.3.2.2.4: Evidence extraction (result 4)": 18.237656116485596,
    "Step 3.2.2.2.4: Evidence extraction (result 3)": 18.065975666046143,
    "Step 3.2.2.2.4: Evidence extraction (result 2)": 18.075666904449463,
    "Step 3.3.2.2.4: Evidence extraction (result 1)": 18.34294819831848,
    "Step 3.3.2: Search execution for claim 3 query 2": 35.375486850738525,
    "Step 3.2.2.2.4: Evidence extraction (result 4)": 18.181257963180542,
    "Step 3.2.2.2.4: Evidence extraction (result 1)": 18.270052909851074,
    "Step 3.2.2.2.4: Evidence extraction (result 5)": 18.275707244873047,
    "Step 3.2.2: Search execution for claim 2 query 2": 35.453303813934326,
    "Step 3.3.3: Verdict generation for claim 3": 11.398509979248047,
    "Step 3.2.3: Verdict generation for claim 2": 20.21271300315857,
    "Step 3: Query generation + search + verdicts for all claims (PARALLEL)": 58.40708589553833,
    "Step 4: Sort and assemble final output": 0.00023794174194335938
  },
  "llm": {
    "total_calls": 8,
    "total_cost_usd": 0.00076875,
    "total_latency_seconds": 54.22
  },
  "claims_extracted": 3,
  "success": true,
  "error": null
}
