{
  "timing": {
    "total_seconds": 135.15706968307495,
    "Step 1: Transcript extraction": 0.9606869220733643,
    "Step 2: Claim extraction": 23.090628147125244,
    "Step 3.4.1: Query generation for claim 4": 2.155545711517334,
    "Step 3.1.1: Query generation for claim 1": 2.283766031265259,
    "Step 3.9.1: Query generation for claim 9": 2.363065004348755,
    "Step 3.10.1: Query generation for claim 10": 2.4464986324310303,
    "Step 3.2.1: Query generation for claim 2": 2.4515068531036377,
    "Step 3.5.1: Query generation for claim 5": 2.617542028427124,
    "Step 3.9.2.1.1.1: Google Search API (batch 1)": 1.1847000122070312,
    "Step 3.5.2.1.1.1: Google Search API (batch 1)": 0.9485650062561035,
    "Step 3.4.2.1.1.1: Google Search API (batch 1)": 1.3719050884246826,
    "Step 3.10.2.2.1.1: Google Search API (batch 1)": 1.079848051071167,
    "Step 3.1.2.1.1.1: Google Search API (batch 1)": 1.2920188903808594,
    "Step 3.5.2.2.1.1: Google Search API (batch 1)": 0.9175050258636475,
    "Step 3.1.2.2.1.1: Google Search API (batch 1)": 1.254730224609375,
    "Step 3.2.2.2.1.1: Google Search API (batch 1)": 1.0032269954681396,
    "Step 3.10.2.1.1.1: Google Search API (batch 1)": 1.128303050994873,
    "Step 3.4.2.2.1.1: Google Search API (batch 1)": 1.3403270244598389,
    "Step 3.9.2.2.1.1: Google Search API (batch 1)": 1.2237188816070557,
    "Step 3.2.2.1.1.1: Google Search API (batch 1)": 1.1230289936065674,
    "Step 3.10.2.2.2: Reliability assessment (result 3)": 0.0007340908050537109,
    "Step 3.10.2.2.2: Reliability assessment (result 4)": 0.0008540153503417969,
    "Step 3.10.2.2.2: Reliability assessment (result 5)": 0.0010371208190917969,
    "Step 3.10.2.2.2: Reliability assessment (result 6)": 0.25823068618774414,
    "Step 3.10.2.2.2: Reliability assessment (result 2)": 0.9021039009094238,
    "Step 3.10.2.2.2: Reliability assessment (result 1)": 0.9022109508514404,
    "Step 3.10.2.1.2: Reliability assessment (result 1)": 0.987957239151001,
    "Step 3.10.2.1.2: Reliability assessment (result 3)": 0.9881069660186768,
    "Step 3.10.2.1.2: Reliability assessment (result 4)": 0.988182783126831,
    "Step 3.10.2.1.2: Reliability assessment (result 2)": 1.3148488998413086,
    "Step 3.1.2.2.2: Reliability assessment (result 2)": 1.0044407844543457,
    "Step 3.1.2.2.2: Reliability assessment (result 3)": 1.004455804824829,
    "Step 3.1.2.2.2: Reliability assessment (result 4)": 1.0043129920959473,
    "Step 3.4.2.1.2: Reliability assessment (result 2)": 1.0042927265167236,
    "Step 3.4.2.1.2: Reliability assessment (result 3)": 1.0043509006500244,
    "Step 3.4.2.2.2: Reliability assessment (result 2)": 1.0043179988861084,
    "Step 3.4.2.2.2: Reliability assessment (result 3)": 1.0043320655822754,
    "Step 3.10.2.1.2: Reliability assessment (result 5)": 1.9921867847442627,
    "Step 3.4.2.1.2: Reliability assessment (result 4)": 1.004439115524292,
    "Step 3.1.2.2.2: Reliability assessment (result 6)": 1.004565954208374,
    "Step 3.1.2.2.2: Reliability assessment (result 5)": 1.0046379566192627,
    "Step 3.4.2.2.2: Reliability assessment (result 5)": 1.0044798851013184,
    "Step 3.4.2.2.2: Reliability assessment (result 4)": 1.0081708431243896,
    "Step 3.4.2.2.2: Reliability assessment (result 1)": 1.0317730903625488,
    "Step 3.5.2.2.2: Reliability assessment (result 2)": 0.028025150299072266,
    "Step 3.1.2.2.2: Reliability assessment (result 1)": 1.0324170589447021,
    "Step 3.4.2.1.2: Reliability assessment (result 1)": 1.0365009307861328,
    "Step 3.9.2.1.2: Reliability assessment (result 1)": 0.0490880012512207,
    "Step 3.9.2.1.2: Reliability assessment (result 2)": 0.04914689064025879,
    "Step 3.5.2.2.2: Reliability assessment (result 5)": 0.5860500335693359,
    "Step 3.5.2.2.2: Reliability assessment (result 4)": 0.5957229137420654,
    "Step 3.9.2.1.2: Reliability assessment (result 3)": 0.766514778137207,
    "Step 3.9.2.1.2: Reliability assessment (result 4)": 0.8420398235321045,
    "Step 3.2.2.1.2: Reliability assessment (result 1)": 0.8421189785003662,
    "Step 3.2.2.1.2: Reliability assessment (result 4)": 0.8421969413757324,
    "Step 3.5.2.2.2: Reliability assessment (result 1)": 1.1099610328674316,
    "Step 3.5.2.2.2: Reliability assessment (result 3)": 1.1282331943511963,
    "Step 3.2.2.1.2: Reliability assessment (result 2)": 1.3919320106506348,
    "Step 3.2.2.1.2: Reliability assessment (result 3)": 1.7696359157562256,
    "Step 3.4.2.1.3: Content fetching (result 2)": 6.227949142456055,
    "Step 3.4.2.1.3: Content fetching (result 3)": 6.2301671504974365,
    "Step 3.1.2.2.3: Content fetching (result 2)": 7.4785380363464355,
    "Step 3.1.2.2.3: Content fetching (result 3)": 7.480605840682983,
    "Step 3.1.2.2.3: Content fetching (result 4)": 7.48297905921936,
    "Step 3.4.2.2.3: Content fetching (result 2)": 8.275366067886353,
    "Step 3.4.2.2.3: Content fetching (result 3)": 8.277197122573853,
    "Step 3.10.2.2.3: Content fetching (result 3)": 11.530149698257446,
    "Step 3.10.2.2.3: Content fetching (result 4)": 11.537257194519043,
    "Step 3.10.2.2.3: Content fetching (result 5)": 11.540951013565063,
    "Step 3.10.2.2.3: Content fetching (result 6)": 11.287622690200806,
    "Step 3.10.2.2.3: Content fetching (result 2)": 10.646836042404175,
    "Step 3.10.2.2.3: Content fetching (result 1)": 10.650185823440552,
    "Step 3.5.2.2.3: Content fetching (result 2)": 10.007973909378052,
    "Step 3.3.1: Query generation for claim 3": 19.797723054885864,
    "Step 3.6.1: Query generation for claim 6": 19.94017720222473,
    "Step 3.8.1: Query generation for claim 8": 19.956674098968506,
    "Step 3.7.1: Query generation for claim 7": 20.085968255996704,
    "Step 3.5.2.2.3: Content fetching (result 5)": 12.64413595199585,
    "Step 3.5.2.2.3: Content fetching (result 4)": 12.637768030166626,
    "Step 3.4.2.1.3: Content fetching (result 4)": 13.339234113693237,
    "Step 3.4.2.1.3: Content fetching (result 1)": 13.308902263641357,
    "Step 3.10.2.1.3: Content fetching (result 1)": 14.412715911865234,
    "Step 3.10.2.1.3: Content fetching (result 3)": 14.414644956588745,
    "Step 3.10.2.1.3: Content fetching (result 4)": 14.416754961013794,
    "Step 3.10.2.1.3: Content fetching (result 2)": 14.092078685760498,
    "Step 3.10.2.1.3: Content fetching (result 5)": 13.4201078414917,
    "Step 3.9.2.2.2: Reliability assessment (result 1)": 3.3873448371887207,
    "Step 3.9.2.2.2: Reliability assessment (result 2)": 4.732615947723389,
    "Step 3.9.2.2.2: Reliability assessment (result 3)": 5.615185022354126,
    "Step 3.9.2.2.2: Reliability assessment (result 4)": 5.980085134506226,
    "Step 3.5.2.2.3: Content fetching (result 1)": 14.993791103363037,
    "Step 3.5.2.2.3: Content fetching (result 3)": 14.977934122085571,
    "Step 3.1.2.1.2: Reliability assessment (result 3)": 5.547440052032471,
    "Step 3.4.2.2.3: Content fetching (result 5)": 16.41391897201538,
    "Step 3.4.2.2.3: Content fetching (result 4)": 16.412420749664307,
    "Step 3.5.2.1.2: Reliability assessment (result 1)": 5.468919038772583,
    "Step 3.4.2.2.3: Content fetching (result 1)": 16.391093969345093,
    "Step 3.9.2.2.2: Reliability assessment (result 5)": 6.722045183181763,
    "Step 3.5.2.1.2: Reliability assessment (result 2)": 5.855450868606567,
    "Step 3.5.2.1.2: Reliability assessment (result 3)": 6.288051128387451,
    "Step 3.1.2.1.2: Reliability assessment (result 1)": 6.856482982635498,
    "Step 3.1.2.1.2: Reliability assessment (result 2)": 6.891180992126465,
    "Step 3.1.2.1.2: Reliability assessment (result 4)": 6.906646966934204,
    "Step 3.1.2.1.3: Content fetching (result 3)": 2.3092379570007324,
    "Step 3.5.2.1.3: Content fetching (result 1)": 6.459517002105713,
    "Step 3.9.2.1.3: Content fetching (result 1)": 24.33052396774292,
    "Step 3.9.2.1.3: Content fetching (result 2)": 24.33452010154724,
    "Step 3.9.2.1.3: Content fetching (result 3)": 23.61978816986084,