{
  "timing": {
    "total_seconds": 40.920639991760254,
    "Step 1: Transcript extraction": 1.3517942428588867,
    "Step 2: Claim extraction": 8.627641201019287,
    "Step 3.1.1: Query generation for claim 1": 4.152661085128784,
    "Step 3.1.2.1.1.1: Google Search API (batch 1)": 1.0677051544189453,
    "Step 3.1.2.2.1.1: Google Search API (batch 1)": 1.1664741039276123,
    "Step 3.1.2.1.2: Reliability assessment (result 1)": 0.0007169246673583984,
    "Step 3.1.2.1.2: Reliability assessment (result 2)": 0.0007469654083251953,
    "Step 3.1.2.2.2: Reliability assessment (result 1)": 0.0003859996795654297,
    "Step 3.1.2.2.2: Reliability assessment (result 2)": 0.0006158351898193359,
    "Step 3.1.2.1.2: Reliability assessment (result 4)": 0.5562849044799805,
    "Step 3.1.2.1.2: Reliability assessment (result 3)": 0.8397889137268066,
    "Step 3.1.2.1.2: Reliability assessment (result 5)": 0.8642888069152832,
    "Step 3.1.2.2.2: Reliability assessment (result 3)": 0.597771167755127,
    "Step 3.1.2.2.2: Reliability assessment (result 4)": 1.746824026107788,
    "Step 3.1.2.2.3: Content fetching (result 1)": 4.906885147094727,
    "Step 3.1.2.2.3: Content fetching (result 2)": 4.910220623016357,
    "Step 3.1.2.2.3: Content fetching (result 3)": 4.314722776412964,
    "Step 3.1.2.2.3: Content fetching (result 4)": 3.167310953140259,
    "Step 3.1.2.1.3: Content fetching (result 1)": 9.932854890823364,
    "Step 3.1.2.2.4: Evidence extraction (result 4)": 4.739233016967773,
    "Step 3.1.2.1.3: Content fetching (result 2)": 10.020450115203857,
    "Step 3.1.2.1.3: Content fetching (result 4)": 9.550620794296265,
    "Step 3.1.2.2.4: Evidence extraction (result 1)": 4.918612957000732,
    "Step 3.1.2.1.3: Content fetching (result 3)": 9.352195024490356,
    "Step 3.1.2.1.3: Content fetching (result 5)": 9.412125825881958,
    "Step 3.1.2.2.4: Evidence extraction (result 2)": 5.287197828292847,
    "Step 3.1.2.2.4: Evidence extraction (result 3)": 6.04296088218689,
    "Step 3.1.2: Search execution for claim 1 query 2": 17.291576147079468,
    "Step 3.1.2.1.4: Evidence extraction (result 5)": 3.6992108821868896,
    "Step 3.1.2.1.4: Evidence extraction (result 1)": 4.084936141967773,
    "Step 3.1.2.1.4: Evidence extraction (result 2)": 4.51049280166626,
    "Step 3.1.2.1.4: Evidence extraction (result 3)": 4.410876035690308,
    "Step 3.1.2.1.4: Evidence extraction (result 4)": 4.778830051422119,
    "Step 3.1.2: Search execution for claim 1 query 1": 20.94259285926819,
    "Step 3.1.3: Verdict generation for claim 1": 5.549052953720093,
    "Step 3: Query generation + search + verdicts for all claims (PARALLEL)": 30.646331071853638,
    "Step 4: Sort and assemble final output": 0.0007300376892089844
  },
  "llm": {
    "total_calls": 12,
    "total_cost_usd": 0.00247755,
    "total_latency_seconds": 59.230000000000004
  },
  "claims_extracted": 1,
  "success": true,
  "error": null
}
