{
  "timing": {
    "total_seconds": 119.92966866493225,
    "Step 1: Transcript extraction": 1.2681598663330078,
    "Step 2: Claim extraction": 28.544811725616455,
    "Step 3.5.1: Query generation for claim 5": 1.8026080131530762,
    "Step 3.1.1: Query generation for claim 1": 1.9296019077301025,
    "Step 3.6.1: Query generation for claim 6": 1.9252009391784668,
    "Step 3.2.1: Query generation for claim 2": 2.099975347518921,
    "Step 3.4.1: Query generation for claim 4": 2.099151849746704,
    "Step 3.1.2.1.1.1: Google Search API (batch 1)": 1.05790114402771,
    "Step 3.2.2.2.1.1: Google Search API (batch 1)": 0.8723211288452148,
    "Step 3.3.1: Query generation for claim 3": 3.0689239501953125,
    "Step 3.4.2.1.1.1: Google Search API (batch 1)": 0.9740650653839111,
    "Step 3.5.2.1.1.1: Google Search API (batch 1)": 1.3161110877990723,
    "Step 3.4.2.2.1.1: Google Search API (batch 1)": 0.9325108528137207,
    "Step 3.1.2.2.1.1: Google Search API (batch 1)": 1.1887238025665283,
    "Step 3.5.2.2.1.1: Google Search API (batch 1)": 1.2723848819732666,
    "Step 3.2.2.1.1.1: Google Search API (batch 1)": 1.1043789386749268,
    "Step 3.6.2.2.1.1: Google Search API (batch 1)": 1.2141411304473877,
    "Step 3.6.2.1.1.1: Google Search API (batch 1)": 1.399717092514038,
    "Step 3.3.2.2.1.1: Google Search API (batch 1)": 0.8483409881591797,
    "Step 3.3.2.1.1.1: Google Search API (batch 1)": 0.9137401580810547,
    "Step 3.6.2.1.2: Reliability assessment (result 1)": 0.0004410743713378906,
    "Step 3.6.2.1.2: Reliability assessment (result 2)": 0.0005390644073486328,
    "Step 3.5.2.1.2: Reliability assessment (result 1)": 0.3157963752746582,
    "Step 3.5.2.1.2: Reliability assessment (result 3)": 0.3159637451171875,
    "Step 3.5.2.1.2: Reliability assessment (result 2)": 0.3161501884460449,
    "Step 3.5.2.1.2: Reliability assessment (result 5)": 0.6666512489318848,
    "Step 3.6.2.1.2: Reliability assessment (result 3)": 0.9864640235900879,
    "Step 3.6.2.2.2: Reliability assessment (result 2)": 0.3519411087036133,
    "Step 3.6.2.2.2: Reliability assessment (result 3)": 0.3521749973297119,
    "Step 3.6.2.2.2: Reliability assessment (result 5)": 0.3524899482727051,
    "Step 3.6.2.2.2: Reliability assessment (result 4)": 0.35274291038513184,
    "Step 3.6.2.2.2: Reliability assessment (result 1)": 0.35292601585388184,
    "Step 3.5.2.2.2: Reliability assessment (result 1)": 0.0012612342834472656,
    "Step 3.5.2.2.2: Reliability assessment (result 3)": 0.0011739730834960938,
    "Step 3.5.2.1.2: Reliability assessment (result 4)": 0.7016489505767822,
    "Step 3.5.2.2.2: Reliability assessment (result 4)": 0.25579023361206055,
    "Step 3.5.2.2.2: Reliability assessment (result 2)": 0.5934920310974121,
    "Step 3.2.2.1.2: Reliability assessment (result 1)": 1.8441810607910156,
    "Step 3.2.2.1.2: Reliability assessment (result 2)": 2.2833120822906494,
    "Step 3.2.2.1.2: Reliability assessment (result 3)": 2.578338146209717,
    "Step 3.6.2.1.3: Content fetching (result 1)": 8.601063966751099,
    "Step 3.6.2.1.3: Content fetching (result 2)": 8.60359001159668,
    "Step 3.6.2.1.3: Content fetching (result 3)": 7.6193389892578125,
    "Step 3.5.2.2.3: Content fetching (result 1)": 7.725828170776367,
    "Step 3.5.2.2.3: Content fetching (result 3)": 7.729941129684448,
    "Step 3.5.2.2.3: Content fetching (result 4)": 7.477477073669434,
    "Step 3.3.2.1.2: Reliability assessment (result 1)": 3.3273348808288574,
    "Step 3.3.2.1.2: Reliability assessment (result 2)": 3.3273611068725586,
    "Step 3.3.2.1.2: Reliability assessment (result 3)": 3.327399969100952,
    "Step 3.5.2.2.3: Content fetching (result 2)": 7.490643262863159,
    "Step 3.3.2.1.2: Reliability assessment (result 4)": 4.08771824836731,
    "Step 3.5.2.1.3: Content fetching (result 1)": 9.958964824676514,
    "Step 3.5.2.1.3: Content fetching (result 2)": 9.959133863449097,
    "Step 3.3.2.1.2: Reliability assessment (result 6)": 4.851623058319092,
    "Step 3.5.2.1.3: Content fetching (result 5)": 9.609147787094116,
    "Step 3.1.2.1.2: Reliability assessment (result 3)": 1.5244238376617432,
    "Step 3.5.2.1.3: Content fetching (result 3)": 9.960032939910889,
    "Step 3.5.2.1.3: Content fetching (result 4)": 9.575545310974121,
    "Step 3.4.2.2.2: Reliability assessment (result 2)": 0.7658867835998535,
    "Step 3.7.1: Query generation for claim 7": 17.118053674697876,
    "Step 3.1.2.1.2: Reliability assessment (result 1)": 2.127156972885132,
    "Step 3.1.2.1.2: Reliability assessment (result 2)": 2.5578110218048096,
    "Step 3.4.2.2.2: Reliability assessment (result 1)": 1.8003458976745605,
    "Step 3.4.2.2.2: Reliability assessment (result 4)": 2.312025785446167,
    "Step 3.4.2.2.2: Reliability assessment (result 3)": 2.828684091567993,
    "Step 3.4.2.1.2: Reliability assessment (result 1)": 2.4622411727905273,
    "Step 3.4.2.1.2: Reliability assessment (result 2)": 2.6146528720855713,
    "Step 3.4.2.1.2: Reliability assessment (result 3)": 3.1020219326019287,
    "Step 3.1.2.2.2: Reliability assessment (result 1)": 2.720816135406494,
    "Step 3.1.2.1.2: Reliability assessment (result 4)": 4.30078387260437,
    "Step 3.4.2.1.2: Reliability assessment (result 4)": 3.671433925628662,
    "Step 3.4.2.1.2: Reliability assessment (result 5)": 3.7785351276397705,
    "Step 3.1.2.2.2: Reliability assessment (result 3)": 3.498804807662964,
    "Step 3.3.2.2.1.2: Google Search API (batch 2)": 4.292217254638672,
    "Step 3.1.2.2.2: Reliability assessment (result 2)": 3.9100759029388428,
    "Step 3.1.2.2.2: Reliability assessment (result 5)": 4.268108606338501,
    "Step 3.2.2.1.3: Content fetching (result 1)": 13.236800909042358,
    "Step 3.2.2.1.3: Content fetching (result 2)": 12.800088882446289,
    "Step 3.2.2.1.3: Content fetching (result 3)": 12.50947904586792,
    "Step 3.3.2.1.3: Content fetching (result 1)": 10.106945037841797,
    "Step 3.3.2.1.3: Content fetching (result 2)": 10.139918804168701,
    "Step 3.3.2.1.3: Content fetching (result 3)": 10.144556999206543,
    "Step 3.3.2.1.3: Content fetching (result 4)": 9.38709306716919,
    "Step 3.3.2.1.3: Content fetching (result 6)": 8.62653398513794,
    "Step 3.3.2.1.2: Reliability assessment (result 5)": 13.662883043289185,
    "Step 3.1.2.2.3: Content fetching (result 1)": 8.649312019348145,
    "Step 3.1.2.2.2: Reliability assessment (result 4)": 13.627336263656616,
    "Step 3.1.2.2.2: Reliability assessment (result 6)": 13.815356016159058,
    "Step 3.6.2.2.3: Content fetching (result 5)": 24.063772916793823,
    "Step 3.6.2.2.3: Content fetching (result 2)": 24.96548080444336,
    "Step 3.6.2.2.3: Content fetching (result 3)": 24.967121839523315,
    "Step 3.6.2.2.3: Content fetching (result 4)": 24.9686439037323,
    "Step 3.6.2.2.3: Content fetching (result 1)": 24.970734119415283,
    "Step 3.1.2.1.3: Content fetching (result 2)": 16.16454291343689,
    "Step 3.1.2.1.3: Content fetching (result 3)": 17.198784112930298,
    "Step 3.1.2.1.3: Content fetching (result 1)": 16.596712112426758,
    "Step 3.1.2.1.3: Content fetching (result 4)": 14.512742042541504,
    "Step 3.5.2.2.4: Evidence extraction (result 4)": 19.58579707145691,
    "Step 3.3.2.1.4: Evidence extraction (result 4)": 9.842175006866455,
    "Step 3.3.2.1.4: Evidence extraction (result 3)": 9.886560916900635,
    "Step 3.3.2.1.4: Evidence extraction (result 6)": 9.987239122390747,
    "Step 3.5.2.2.4: Evidence extraction (result 3)": 20.738131999969482,
    "Step 3.2.2.2.2: Reliability assessment (result 2)": 1.686589002609253,
    "Step 3.2.2.2.2: Reliability assessment (result 1)": 1.7920830249786377,
    "Step 3.5.2.2.4: Evidence extraction (result 1)": 21.211232900619507,
    "Step 3.6.2.1.4: Evidence extraction (result 3)": 21.794214010238647,
    "Step 3.6.2.1.4: Evidence extraction (result 2)": 21.897550106048584,
    "Step 3.6.2.1.4: Evidence extraction (result 1)": 22.062188148498535,