{
  "timing": {
    "total_seconds": 97.04776883125305,
    "Step 1: Transcript extraction": 1.2114779949188232,
    "Step 2: Claim extraction": 15.755903005599976,
    "Step 3.5.1: Query generation for claim 5": 1.8584949970245361,
    "Step 3.3.1: Query generation for claim 3": 1.9858849048614502,
    "Step 3.1.1: Query generation for claim 1": 1.988121747970581,
    "Step 3.2.1: Query generation for claim 2": 2.1557488441467285,
    "Step 3.5.2.2.1.1: Google Search API (batch 1)": 1.1151258945465088,
    "Step 3.2.2.1.1.1: Google Search API (batch 1)": 0.903480052947998,
    "Step 3.1.2.1.1.1: Google Search API (batch 1)": 0.9906432628631592,
    "Step 3.3.2.1.1.1: Google Search API (batch 1)": 1.0915217399597168,
    "Step 3.2.2.2.1.1: Google Search API (batch 1)": 0.9089028835296631,
    "Step 3.3.2.2.1.1: Google Search API (batch 1)": 1.0948750972747803,
    "Step 3.1.2.2.1.1: Google Search API (batch 1)": 1.0307412147521973,
    "Step 3.5.2.1.1.1: Google Search API (batch 1)": 1.4137260913848877,
    "Step 3.2.2.2.2: Reliability assessment (result 1)": 0.0010230541229248047,
    "Step 3.2.2.2.2: Reliability assessment (result 2)": 0.0010256767272949219,
    "Step 3.2.2.2.2: Reliability assessment (result 6)": 0.0009179115295410156,
    "Step 3.2.2.1.2: Reliability assessment (result 3)": 0.00043511390686035156,
    "Step 3.2.2.2.2: Reliability assessment (result 4)": 0.6788969039916992,
    "Step 3.2.2.2.2: Reliability assessment (result 3)": 0.6815700531005859,
    "Step 3.2.2.1.2: Reliability assessment (result 1)": 0.801375150680542,
    "Step 3.2.2.1.2: Reliability assessment (result 4)": 1.1425940990447998,
    "Step 3.2.2.1.2: Reliability assessment (result 2)": 1.142775058746338,
    "Step 3.3.2.1.2: Reliability assessment (result 2)": 0.34299182891845703,
    "Step 3.5.2.1.2: Reliability assessment (result 1)": 0.3586747646331787,
    "Step 3.3.2.1.2: Reliability assessment (result 3)": 0.7012836933135986,
    "Step 3.2.2.2.2: Reliability assessment (result 5)": 1.8713970184326172,
    "Step 3.3.2.1.2: Reliability assessment (result 1)": 0.816457986831665,
    "Step 3.1.2.2.2: Reliability assessment (result 1)": 0.1149911880493164,
    "Step 3.3.2.1.2: Reliability assessment (result 4)": 0.8340606689453125,
    "Step 3.5.2.1.2: Reliability assessment (result 2)": 0.6651432514190674,
    "Step 3.1.2.2.2: Reliability assessment (result 2)": 0.7661008834838867,
    "Step 3.5.2.1.2: Reliability assessment (result 3)": 1.1247611045837402,
    "Step 3.5.2.1.2: Reliability assessment (result 4)": 1.1474270820617676,
    "Step 3.1.2.2.2: Reliability assessment (result 3)": 1.0807721614837646,
    "Step 3.1.2.2.2: Reliability assessment (result 4)": 1.1767690181732178,
    "Step 3.5.2.1.3: Content fetching (result 1)": 1.3860242366790771,
    "Step 3.2.2.1.3: Content fetching (result 3)": 4.594034910202026,
    "Step 3.2.2.1.3: Content fetching (result 1)": 4.844381809234619,
    "Step 3.2.2.1.3: Content fetching (result 2)": 4.503964900970459,
    "Step 3.2.2.1.3: Content fetching (result 4)": 4.5044801235198975,
    "Step 3.2.2.2.3: Content fetching (result 1)": 8.079746723175049,
    "Step 3.2.2.2.3: Content fetching (result 6)": 8.083526849746704,
    "Step 3.2.2.2.3: Content fetching (result 2)": 8.091708898544312,
    "Step 3.3.2.2.2: Reliability assessment (result 2)": 2.0776138305664062,
    "Step 3.2.2.2.3: Content fetching (result 4)": 7.418281078338623,
    "Step 3.2.2.2.3: Content fetching (result 3)": 7.420605897903442,
    "Step 3.2.2.2.3: Content fetching (result 5)": 6.2344770431518555,
    "Step 3.3.2.1.3: Content fetching (result 2)": 6.8871660232543945,
    "Step 3.3.2.1.3: Content fetching (result 3)": 6.532907009124756,
    "Step 3.3.2.1.3: Content fetching (result 1)": 6.422960042953491,
    "Step 3.3.2.1.3: Content fetching (result 4)": 6.408716201782227,
    "Step 3.3.2.2.2: Reliability assessment (result 1)": 2.651197910308838,
    "Step 3.3.2.2.2: Reliability assessment (result 3)": 2.693356990814209,
    "Step 3.3.2.2.2: Reliability assessment (result 6)": 2.95965576171875,
    "Step 3.3.2.2.2: Reliability assessment (result 5)": 3.0721731185913086,
    "Step 3.3.2.2.2: Reliability assessment (result 4)": 3.2224972248077393,
    "Step 3.1.2.1.2: Reliability assessment (result 1)": 0.0006721019744873047,
    "Step 3.1.2.1.2: Reliability assessment (result 2)": 0.0006878376007080078,
    "Step 3.1.2.2.3: Content fetching (result 1)": 8.747797012329102,
    "Step 3.1.2.2.3: Content fetching (result 2)": 8.118783950805664,
    "Step 3.1.2.2.3: Content fetching (result 3)": 7.8088109493255615,
    "Step 3.1.2.2.3: Content fetching (result 4)": 7.7579920291900635,
    "Step 3.1.2.1.2: Reliability assessment (result 3)": 0.5242490768432617,
    "Step 3.1.2.1.2: Reliability assessment (result 4)": 0.5305130481719971,
    "Step 3.5.2.2.2: Reliability assessment (result 1)": 0.0006129741668701172,
    "Step 3.5.2.2.2: Reliability assessment (result 4)": 0.6287698745727539,
    "Step 3.5.2.2.2: Reliability assessment (result 5)": 0.8092818260192871,
    "Step 3.5.2.2.2: Reliability assessment (result 2)": 1.1373651027679443,
    "Step 3.5.2.2.2: Reliability assessment (result 6)": 1.569892168045044,
    "Step 3.1.2.1.3: Content fetching (result 1)": 8.40424394607544,
    "Step 3.1.2.1.3: Content fetching (result 2)": 8.4061439037323,
    "Step 3.1.2.1.3: Content fetching (result 3)": 7.884242057800293,
    "Step 3.1.2.1.3: Content fetching (result 4)": 7.879793882369995,
    "Step 3.6.1: Query generation for claim 6": 24.495847940444946,
    "Step 3.4.1: Query generation for claim 4": 24.626781940460205,
    "Step 3.7.1: Query generation for claim 7": 24.63382577896118,
    "Step 3.5.2.1.3: Content fetching (result 2)": 18.01362371444702,
    "Step 3.5.2.1.3: Content fetching (result 3)": 17.55645203590393,
    "Step 3.5.2.1.3: Content fetching (result 4)": 17.535420894622803,
    "Step 3.1.2.1.2: Reliability assessment (result 5)": 10.376394033432007,
    "Step 3.5.2.2.2: Reliability assessment (result 3)": 10.46399998664856,
    "Step 3.3.2.2.3: Content fetching (result 2)": 14.939096689224243,
    "Step 3.3.2.2.3: Content fetching (result 1)": 14.367830038070679,
    "Step 3.3.2.2.3: Content fetching (result 3)": 14.327198028564453,
    "Step 3.3.2.2.3: Content fetching (result 6)": 14.062500238418579,
    "Step 3.3.2.2.3: Content fetching (result 5)": 13.952428102493286,
    "Step 3.3.2.2.3: Content fetching (result 4)": 13.803739786148071,
    "Step 3.1.2.1.3: Content fetching (result 5)": 3.43794322013855,
    "Step 3.2.2.2.4: Evidence extraction (result 5)": 20.215801000595093,
    "Step 3.2.2.1.4: Evidence extraction (result 1)": 22.307143926620483,
    "Step 3.2.2.2.4: Evidence extraction (result 4)": 20.271161794662476,
    "Step 3.3.2.1.4: Evidence extraction (result 2)": 20.004782676696777,
    "Step 3.2.2.1.4: Evidence extraction (result 2)": 22.441694974899292,
    "Step 3.3.2.1.4: Evidence extraction (result 1)": 20.09967827796936,
    "Step 3.2.2.1.4: Evidence extraction (result 3)": 23.561163902282715,
    "Step 3.2.2.2.4: Evidence extraction (result 2)": 20.477488040924072,
    "Step 3.3.2.1.4: Evidence extraction (result 4)": 20.163642168045044,
    "Step 3.1.2.2.4: Evidence extraction (result 3)": 18.15508794784546,
    "Step 3.1.2.2.4: Evidence extraction (result 2)": 18.23655104637146,
    "Step 3.1.2.2.4: Evidence extraction (result 4)": 18.211355924606323,
    "Step 3.1.2.2.4: Evidence extraction (result 1)": 18.383188009262085,
    "Step 3.1.2: Search execution for claim 1 query 2": 32.4560341835022,
    "Step 3.2.2.1.4: Evidence extraction (result 4)": 23.83378028869629,
    "Step 3.2.2: Search execution for claim 2 query 1": 33.138957023620605,
    "Step 3.5.2.1.4: Evidence extraction (result 1)": 27.577197790145874,
    "Step 3.3.2.1.4: Evidence extraction (result 3)": 23.263864755630493,
    "Step 3.3.2: Search execution for claim 3 query 1": 35.13130211830139,