{
  "timing": {
    "total_seconds": 117.94581294059753,
    "Step 1: Transcript extraction": 10.43924593925476,
    "Step 2: Claim extraction": 11.402158737182617,
    "Step 3.4.1: Query generation for claim 4": 2.0078959465026855,
    "Step 3.3.1: Query generation for claim 3": 2.1325790882110596,
    "Step 3.5.1: Query generation for claim 5": 2.2145369052886963,
    "Step 3.1.1: Query generation for claim 1": 2.3017289638519287,
    "Step 3.7.1: Query generation for claim 7": 2.3826041221618652,
    "Step 3.2.1: Query generation for claim 2": 2.4709627628326416,
    "Step 3.5.2.1.1.1: Google Search API (batch 1)": 1.1790828704833984,
    "Step 3.7.2.1.1.1: Google Search API (batch 1)": 1.010655164718628,
    "Step 3.3.2.2.1.1: Google Search API (batch 1)": 1.2247092723846436,
    "Step 3.4.2.1.1.1: Google Search API (batch 1)": 1.3518180847167969,
    "Step 3.4.2.2.1.1: Google Search API (batch 1)": 1.3083322048187256,
    "Step 3.1.2.2.1.1: Google Search API (batch 1)": 1.0579020977020264,
    "Step 3.3.2.1.1.1: Google Search API (batch 1)": 1.2677738666534424,
    "Step 3.1.2.1.1.1: Google Search API (batch 1)": 1.1131911277770996,
    "Step 3.1.2.1.2: Reliability assessment (result 1)": 0.002145051956176758,
    "Step 3.1.2.1.2: Reliability assessment (result 2)": 0.002165079116821289,
    "Step 3.1.2.1.2: Reliability assessment (result 3)": 0.002351045608520508,
    "Step 3.1.2.1.2: Reliability assessment (result 4)": 0.0025620460510253906,
    "Step 3.1.2.1.2: Reliability assessment (result 5)": 0.0027887821197509766,
    "Step 3.1.2.1.2: Reliability assessment (result 6)": 0.0030052661895751953,
    "Step 3.7.2.2.1.1: Google Search API (batch 1)": 1.4622678756713867,
    "Step 3.2.2.1.1.1: Google Search API (batch 1)": 1.3938539028167725,
    "Step 3.5.2.2.1.1: Google Search API (batch 1)": 1.632516860961914,
    "Step 3.2.2.2.1.1: Google Search API (batch 1)": 1.3521101474761963,
    "Step 3.3.2.1.2: Reliability assessment (result 1)": 0.0004229545593261719,
    "Step 3.3.2.1.2: Reliability assessment (result 3)": 0.0005092620849609375,
    "Step 3.3.2.1.2: Reliability assessment (result 5)": 0.0007207393646240234,
    "Step 3.3.2.1.2: Reliability assessment (result 6)": 0.0008227825164794922,
    "Step 3.2.2.2.2: Reliability assessment (result 1)": 0.06961512565612793,
    "Step 3.2.2.2.2: Reliability assessment (result 2)": 0.06965088844299316,
    "Step 3.2.2.2.2: Reliability assessment (result 3)": 0.06966495513916016,
    "Step 3.3.2.1.2: Reliability assessment (result 4)": 0.9844982624053955,
    "Step 3.2.2.2.2: Reliability assessment (result 5)": 0.2151341438293457,
    "Step 3.3.2.1.2: Reliability assessment (result 2)": 0.9868359565734863,
    "Step 3.2.2.2.2: Reliability assessment (result 4)": 0.7460677623748779,
    "Step 3.1.2.2.2: Reliability assessment (result 1)": 1.2140049934387207,
    "Step 3.1.2.2.2: Reliability assessment (result 2)": 1.2141330242156982,
    "Step 3.1.2.2.2: Reliability assessment (result 3)": 1.214184045791626,
    "Step 3.1.2.2.2: Reliability assessment (result 5)": 1.2142601013183594,
    "Step 3.1.2.2.2: Reliability assessment (result 6)": 1.4495773315429688,
    "Step 3.1.2.2.2: Reliability assessment (result 4)": 1.839216947555542,
    "Step 3.3.2.2.2: Reliability assessment (result 1)": 0.9462449550628662,
    "Step 3.3.2.2.2: Reliability assessment (result 2)": 2.0487329959869385,
    "Step 3.3.2.2.2: Reliability assessment (result 3)": 2.0488741397857666,
    "Step 3.3.2.2.2: Reliability assessment (result 4)": 2.048906087875366,
    "Step 3.3.2.2.2: Reliability assessment (result 5)": 2.048919916152954,
    "Step 3.3.2.2.2: Reliability assessment (result 6)": 2.8407270908355713,
    "Step 3.1.2.1.3: Content fetching (result 1)": 9.526013374328613,
    "Step 3.1.2.1.3: Content fetching (result 3)": 9.5282621383667,
    "Step 3.1.2.1.3: Content fetching (result 2)": 9.531129121780396,
    "Step 3.1.2.1.3: Content fetching (result 6)": 9.533450841903687,
    "Step 3.4.2.2.2: Reliability assessment (result 1)": 6.134273052215576,
    "Step 3.4.2.2.2: Reliability assessment (result 2)": 6.133192300796509,
    "Step 3.1.2.1.3: Content fetching (result 4)": 9.536333084106445,
    "Step 3.1.2.1.3: Content fetching (result 5)": 9.538693189620972,
    "Step 3.4.2.2.2: Reliability assessment (result 5)": 6.138040781021118,
    "Step 3.2.2.2.3: Content fetching (result 1)": 7.884075164794922,
    "Step 3.4.2.1.2: Reliability assessment (result 1)": 5.890329837799072,
    "Step 3.4.2.1.2: Reliability assessment (result 2)": 5.89050817489624,
    "Step 3.4.2.1.2: Reliability assessment (result 3)": 5.890588045120239,
    "Step 3.2.2.2.3: Content fetching (result 2)": 8.246227979660034,
    "Step 3.2.2.2.3: Content fetching (result 3)": 8.246824979782104,
    "Step 3.2.2.2.3: Content fetching (result 5)": 8.101936101913452,
    "Step 3.2.2.2.3: Content fetching (result 4)": 7.5712199211120605,
    "Step 3.4.2.1.2: Reliability assessment (result 4)": 6.344182014465332,
    "Step 3.4.2.2.2: Reliability assessment (result 4)": 6.968122243881226,
    "Step 3.4.2.2.2: Reliability assessment (result 3)": 7.248289108276367,
    "Step 3.1.2.2.3: Content fetching (result 1)": 8.992101192474365,
    "Step 3.3.2.1.3: Content fetching (result 1)": 12.847487926483154,
    "Step 3.7.2.2.2: Reliability assessment (result 1)": 7.023712158203125,
    "Step 3.3.2.1.3: Content fetching (result 3)": 12.852483034133911,
    "Step 3.7.2.2.2: Reliability assessment (result 3)": 7.02872896194458,
    "Step 3.3.2.1.3: Content fetching (result 5)": 12.85470724105835,
    "Step 3.7.2.2.2: Reliability assessment (result 5)": 7.030872821807861,
    "Step 3.3.2.1.3: Content fetching (result 6)": 12.856828927993774,
    "Step 3.2.2.1.2: Reliability assessment (result 1)": 7.033239126205444,
    "Step 3.2.2.1.2: Reliability assessment (result 2)": 7.03328013420105,
    "Step 3.3.2.1.3: Content fetching (result 4)": 11.875190019607544,
    "Step 3.3.2.1.3: Content fetching (result 2)": 11.875382900238037,
    "Step 3.2.2.1.2: Reliability assessment (result 5)": 7.037352800369263,
    "Step 3.2.2.1.2: Reliability assessment (result 6)": 8.21890902519226,
    "Step 3.7.2.2.2: Reliability assessment (result 4)": 8.606912851333618,
    "Step 3.7.2.2.2: Reliability assessment (result 6)": 8.60701608657837,
    "Step 3.7.2.2.2: Reliability assessment (result 2)": 8.607938051223755,
    "Step 3.2.2.1.2: Reliability assessment (result 3)": 8.60762071609497,
    "Step 3.2.2.1.2: Reliability assessment (result 4)": 8.607842922210693,
    "Step 3.6.1: Query generation for claim 6": 19.947038888931274,
    "Step 3.1.2.2.3: Content fetching (result 2)": 16.43011212348938,
    "Step 3.5.2.1.2: Reliability assessment (result 1)": 9.915101051330566,
    "Step 3.5.2.1.2: Reliability assessment (result 2)": 9.915167093276978,
    "Step 3.1.2.2.3: Content fetching (result 3)": 16.432071924209595,
    "Step 3.5.2.1.2: Reliability assessment (result 4)": 9.9168221950531,
    "Step 3.1.2.2.3: Content fetching (result 5)": 16.43441677093506,
    "Step 3.1.2.2.3: Content fetching (result 6)": 16.202946662902832,
    "Step 3.1.2.2.3: Content fetching (result 4)": 15.814814805984497,
    "Step 3.4.2.1.2: Reliability assessment (result 5)": 15.840837001800537,
    "Step 3.7.2.1.2: Reliability assessment (result 1)": 8.839237928390503,
    "Step 3.5.2.1.2: Reliability assessment (result 3)": 10.892221927642822,
    "Step 3.7.2.1.2: Reliability assessment (result 3)": 9.781239032745361,
    "Step 3.7.2.1.2: Reliability assessment (result 4)": 9.781254053115845,
    "Step 3.5.2.1.2: Reliability assessment (result 5)": 11.21010160446167,
    "Step 3.7.2.1.2: Reliability assessment (result 2)": 10.40567398071289,
    "Step 3.7.2.1.2: Reliability assessment (result 5)": 11.9002366065979,
    "Step 3.4.2.1.3: Content fetching (result 1)": 13.10702109336853,
    "Step 3.4.2.1.3: Content fetching (result 2)": 13.116844892501831,