{
  "timing": {
    "total_seconds": 44.43308711051941,
    "Step 1: Transcript extraction": 1.2010650634765625,
    "Step 2: Claim extraction": 3.9369430541992188,
    "Step 3.1.1: Query generation for claim 1": 5.411396026611328,
    "Step 3.3.1: Query generation for claim 3": 5.72598671913147,
    "Step 3.1.2.2.1.1: Google Search API (batch 1)": 0.9314439296722412,
    "Step 3.1.2.1.1.1: Google Search API (batch 1)": 0.9782218933105469,
    "Step 3.2.1: Query generation for claim 2": 6.474397897720337,
    "Step 3.3.2.2.1.1: Google Search API (batch 1)": 0.7996890544891357,
    "Step 3.3.2.1.1.1: Google Search API (batch 1)": 0.8999209403991699,
    "Step 3.2.2.1.1.1: Google Search API (batch 1)": 0.9212989807128906,
    "Step 3.2.2.2.1.1: Google Search API (batch 1)": 1.1539978981018066,
    "Step 3.1.2.2.2: Reliability assessment (result 1)": 0.0002529621124267578,
    "Step 3.1.2.2.2: Reliability assessment (result 2)": 0.000392913818359375,
    "Step 3.1.2.2.2: Reliability assessment (result 6)": 0.0010890960693359375,
    "Step 3.1.2.2.2: Reliability assessment (result 4)": 1.0593442916870117,
    "Step 3.1.2.2.2: Reliability assessment (result 3)": 1.4114010334014893,
    "Step 3.3.2.1.2: Reliability assessment (result 1)": 0.6699340343475342,
    "Step 3.3.2.1.2: Reliability assessment (result 2)": 0.6699259281158447,
    "Step 3.1.2.2.2: Reliability assessment (result 5)": 1.4123258590698242,
    "Step 3.1.2.1.2: Reliability assessment (result 2)": 0.0008018016815185547,
    "Step 3.2.2.1.2: Reliability assessment (result 1)": 0.0008001327514648438,
    "Step 3.3.2.1.2: Reliability assessment (result 3)": 0.813809871673584,
    "Step 3.1.2.1.2: Reliability assessment (result 1)": 0.27521586418151855,
    "Step 3.2.2.1.2: Reliability assessment (result 5)": 0.27565503120422363,
    "Step 3.1.2.1.2: Reliability assessment (result 3)": 0.2998051643371582,
    "Step 3.2.2.1.2: Reliability assessment (result 3)": 0.29969286918640137,
    "Step 3.3.2.1.2: Reliability assessment (result 5)": 1.0239102840423584,
    "Step 3.3.2.1.2: Reliability assessment (result 4)": 1.130553960800171,
    "Step 3.2.2.1.2: Reliability assessment (result 2)": 0.5858609676361084,
    "Step 3.2.2.1.2: Reliability assessment (result 4)": 0.6358730792999268,
    "Step 3.1.2.1.3: Content fetching (result 2)": 6.076392889022827,
    "Step 3.1.2.1.3: Content fetching (result 1)": 5.805798053741455,
    "Step 3.1.2.1.3: Content fetching (result 3)": 5.785851716995239,
    "Step 3.3.2.2.2: Reliability assessment (result 1)": 0.7433431148529053,
    "Step 3.1.2.2.3: Content fetching (result 1)": 9.636298894882202,
    "Step 3.1.2.2.3: Content fetching (result 6)": 9.639564990997314,
    "Step 3.3.2.2.2: Reliability assessment (result 5)": 0.8752069473266602,
    "Step 3.2.2.2.2: Reliability assessment (result 1)": 0.5082359313964844,
    "Step 3.1.2.2.3: Content fetching (result 2)": 9.64421010017395,
    "Step 3.1.2.2.3: Content fetching (result 4)": 8.589984893798828,
    "Step 3.1.2.2.3: Content fetching (result 3)": 8.24265193939209,
    "Step 3.1.2.2.3: Content fetching (result 5)": 8.246370077133179,
    "Step 3.3.2.2.2: Reliability assessment (result 2)": 0.9122540950775146,
    "Step 3.2.2.2.2: Reliability assessment (result 2)": 1.0617520809173584,
    "Step 3.3.2.2.2: Reliability assessment (result 3)": 1.7005009651184082,
    "Step 3.2.2.2.2: Reliability assessment (result 3)": 1.4700658321380615,
    "Step 3.2.2.2.2: Reliability assessment (result 4)": 1.5164210796356201,
    "Step 3.2.2.2.2: Reliability assessment (result 5)": 1.520557165145874,
    "Step 3.3.2.2.2: Reliability assessment (result 4)": 1.9214379787445068,
    "Step 3.3.2.1.3: Content fetching (result 1)": 10.623322010040283,
    "Step 3.3.2.1.3: Content fetching (result 2)": 10.625322103500366,
    "Step 3.3.2.1.3: Content fetching (result 3)": 10.484020948410034,
    "Step 3.3.2.1.3: Content fetching (result 5)": 10.27655291557312,
    "Step 3.3.2.1.3: Content fetching (result 4)": 10.172181129455566,
    "Step 3.1.2.1.4: Evidence extraction (result 2)": 5.588458061218262,
    "Step 3.1.2.1.4: Evidence extraction (result 1)": 5.606765031814575,
    "Step 3.1.2.1.4: Evidence extraction (result 3)": 6.181018114089966,
    "Step 3.1.2: Search execution for claim 1 query 1": 18.219664096832275,
    "Step 3.2.2.1.3: Content fetching (result 1)": 12.430836915969849,
    "Step 3.2.2.1.3: Content fetching (result 5)": 12.157685041427612,
    "Step 3.2.2.1.3: Content fetching (result 3)": 12.137791872024536,
    "Step 3.2.2.1.3: Content fetching (result 2)": 11.854240655899048,
    "Step 3.2.2.1.3: Content fetching (result 4)": 11.806619882583618,
    "Step 3.1.2.2.4: Evidence extraction (result 2)": 4.8998730182647705,
    "Step 3.1.2.2.4: Evidence extraction (result 1)": 4.980348348617554,
    "Step 3.1.2.2.4: Evidence extraction (result 4)": 5.547983169555664,
    "Step 3.3.2.1.4: Evidence extraction (result 5)": 3.946047067642212,
    "Step 3.1.2.2.4: Evidence extraction (result 3)": 6.509226083755493,
    "Step 3.3.2.1.4: Evidence extraction (result 4)": 4.370119094848633,
    "Step 3.3.2.1.4: Evidence extraction (result 2)": 5.066738843917847,
    "Step 3.1.2.2.4: Evidence extraction (result 6)": 7.505564212799072,
    "Step 3.3.2.1.4: Evidence extraction (result 3)": 5.456587791442871,
    "Step 3.1.2.2.4: Evidence extraction (result 5)": 7.886844873428345,
    "Step 3.1.2: Search execution for claim 1 query 2": 22.045290231704712,
    "Step 3.3.2.1.4: Evidence extraction (result 1)": 5.685966968536377,
    "Step 3.3.2: Search execution for claim 3 query 1": 21.955226182937622,
    "Step 3.2.2.1.4: Evidence extraction (result 2)": 4.676219940185547,
    "Step 3.2.2.1.4: Evidence extraction (result 1)": 4.966152906417847,
    "Step 3.2.2.1.4: Evidence extraction (result 5)": 5.408495187759399,
    "Step 3.2.2.1.4: Evidence extraction (result 3)": 5.962389707565308,
    "Step 3.1.3: Verdict generation for claim 1": 2.176654100418091,
    "Step 3.2.2.2.3: Content fetching (result 1)": 10.74636173248291,
    "Step 3.2.2.2.3: Content fetching (result 2)": 10.194984912872314,
    "Step 3.2.2.2.3: Content fetching (result 3)": 9.788477897644043,
    "Step 3.2.2.2.3: Content fetching (result 4)": 9.743918895721436,
    "Step 3.2.2.2.3: Content fetching (result 5)": 9.741909980773926,
    "Step 3.2.2.1.4: Evidence extraction (result 4)": 6.573641061782837,
    "Step 3.2.2: Search execution for claim 2 query 1": 23.903844118118286,
    "Step 3.2.2.2.4: Evidence extraction (result 4)": 0.900040864944458,
    "Step 3.2.2.2.4: Evidence extraction (result 1)": 1.0010631084442139,
    "Step 3.2.2.2.4: Evidence extraction (result 3)": 1.021562099456787,
    "Step 3.2.2.2.4: Evidence extraction (result 2)": 1.2937219142913818,
    "Step 3.3.2.2.3: Content fetching (result 1)": 12.385223150253296,
    "Step 3.3.2.2.3: Content fetching (result 5)": 12.25712513923645,
    "Step 3.3.2.2.3: Content fetching (result 2)": 12.222194910049438,
    "Step 3.3.2.2.3: Content fetching (result 3)": 11.436298131942749,
    "Step 3.3.2.2.3: Content fetching (result 4)": 11.217456102371216,
    "Step 3.2.2.2.4: Evidence extraction (result 5)": 1.6797959804534912,
    "Step 3.2.2: Search execution for claim 2 query 2": 25.472300052642822,
    "Step 3.2.3: Verdict generation for claim 2": 2.319899082183838,
    "Step 3.3.2.2.4: Evidence extraction (result 2)": 4.162521123886108,
    "Step 3.3.2.2.4: Evidence extraction (result 3)": 4.855104923248291,
    "Step 3.3.2.2.4: Evidence extraction (result 5)": 5.006339073181152,
    "Step 3.3.2.2.4: Evidence extraction (result 1)": 5.026793956756592,
    "Step 3.3.2.2.4: Evidence extraction (result 4)": 5.376880884170532,
    "Step 3.3.2: Search execution for claim 3 query 2": 31.46057891845703,
    "Step 3.3.3: Verdict generation for claim 3": 1.83833909034729,
    "Step 3: Query generation + search + verdicts for all claims (PARALLEL)": 39.10617017745972,