{
  "timing": {
    "total_seconds": 95.11241912841797,
    "Step 1: Transcript extraction": 7.256076812744141,
    "Step 2: Claim extraction": 10.220883131027222,
    "Step 3.7.1: Query generation for claim 7": 1.9557299613952637,
    "Step 3.2.1: Query generation for claim 2": 2.0829710960388184,
    "Step 3.10.1: Query generation for claim 10": 2.1616969108581543,
    "Step 3.3.1: Query generation for claim 3": 2.2491767406463623,
    "Step 3.3.2.1.1.1: Google Search API (batch 1)": 0.9038479328155518,
    "Step 3.10.2.2.1.1: Google Search API (batch 1)": 0.9500470161437988,
    "Step 3.7.2.1.1.1: Google Search API (batch 1)": 1.1610491275787354,
    "Step 3.2.2.1.1.1: Google Search API (batch 1)": 1.0764238834381104,
    "Step 3.2.2.2.1.1: Google Search API (batch 1)": 1.0402891635894775,
    "Step 3.10.2.1.1.1: Google Search API (batch 1)": 1.034132957458496,
    "Step 3.3.2.2.1.1: Google Search API (batch 1)": 0.9538650512695312,
    "Step 3.7.2.2.1.1: Google Search API (batch 1)": 1.2284338474273682,
    "Step 3.2.2.1.2: Reliability assessment (result 1)": 0.30763912200927734,
    "Step 3.2.2.1.2: Reliability assessment (result 2)": 0.3077108860015869,
    "Step 3.3.2.2.2: Reliability assessment (result 1)": 0.33701586723327637,
    "Step 3.2.2.1.2: Reliability assessment (result 3)": 0.6450159549713135,
    "Step 3.3.2.2.2: Reliability assessment (result 4)": 0.646963357925415,
    "Step 3.2.2.2.2: Reliability assessment (result 2)": 0.3105909824371338,
    "Step 3.2.2.1.2: Reliability assessment (result 6)": 0.9552390575408936,
    "Step 3.2.2.1.2: Reliability assessment (result 5)": 0.9554531574249268,
    "Step 3.10.2.1.2: Reliability assessment (result 1)": 0.000576019287109375,
    "Step 3.10.2.1.2: Reliability assessment (result 2)": 0.0006318092346191406,
    "Step 3.3.2.2.2: Reliability assessment (result 3)": 0.8761599063873291,
    "Step 3.3.2.2.2: Reliability assessment (result 2)": 0.8818559646606445,
    "Step 3.2.2.2.2: Reliability assessment (result 1)": 0.5479509830474854,
    "Step 3.2.2.2.2: Reliability assessment (result 3)": 0.6474819183349609,
    "Step 3.2.2.2.2: Reliability assessment (result 4)": 0.7924129962921143,
    "Step 3.10.2.1.2: Reliability assessment (result 4)": 0.5613160133361816,
    "Step 3.2.2.2.2: Reliability assessment (result 5)": 0.8744549751281738,
    "Step 3.2.2.1.2: Reliability assessment (result 4)": 1.7780370712280273,
    "Step 3.10.2.1.2: Reliability assessment (result 3)": 0.8231320381164551,
    "Step 3.2.2.2.2: Reliability assessment (result 6)": 2.0130279064178467,
    "Step 3.10.2.1.3: Content fetching (result 1)": 3.1594431400299072,
    "Step 3.10.2.1.3: Content fetching (result 2)": 3.1614677906036377,
    "Step 3.10.2.1.3: Content fetching (result 4)": 3.748075008392334,
    "Step 3.10.2.1.3: Content fetching (result 3)": 6.65053391456604,
    "Step 3.3.2.2.3: Content fetching (result 1)": 7.784769773483276,
    "Step 3.3.2.2.3: Content fetching (result 4)": 7.475072860717773,
    "Step 3.3.2.2.3: Content fetching (result 3)": 7.246037006378174,
    "Step 3.3.2.2.3: Content fetching (result 2)": 7.240800857543945,
    "Step 3.3.2.1.2: Reliability assessment (result 1)": 0.0038602352142333984,
    "Step 3.3.2.1.2: Reliability assessment (result 2)": 0.00390625,
    "Step 3.3.2.1.2: Reliability assessment (result 3)": 0.7905099391937256,
    "Step 3.3.2.1.2: Reliability assessment (result 5)": 0.7907519340515137,
    "Step 3.3.2.1.2: Reliability assessment (result 4)": 0.7908098697662354,
    "Step 3.10.2.2.2: Reliability assessment (result 1)": 0.0025930404663085938,
    "Step 3.10.2.2.2: Reliability assessment (result 2)": 0.002641916275024414,
    "Step 3.10.2.2.2: Reliability assessment (result 3)": 0.002691030502319336,
    "Step 3.10.2.2.2: Reliability assessment (result 5)": 1.1201128959655762,
    "Step 3.1.1: Query generation for claim 1": 18.513957023620605,
    "Step 3.9.1: Query generation for claim 9": 18.589023113250732,
    "Step 3.5.1: Query generation for claim 5": 18.63087296485901,
    "Step 3.6.1: Query generation for claim 6": 18.67877197265625,
    "Step 3.2.2.1.3: Content fetching (result 1)": 11.035498857498169,
    "Step 3.2.2.1.3: Content fetching (result 2)": 11.039506196975708,
    "Step 3.2.2.1.3: Content fetching (result 3)": 10.707674741744995,
    "Step 3.2.2.1.3: Content fetching (result 6)": 10.404435873031616,
    "Step 3.2.2.1.3: Content fetching (result 5)": 10.40869402885437,
    "Step 3.2.2.1.3: Content fetching (result 4)": 9.590424060821533,
    "Step 3.7.2.1.2: Reliability assessment (result 1)": 0.0037069320678710938,
    "Step 3.4.1: Query generation for claim 4": 20.807431936264038,
    "Step 3.8.1: Query generation for claim 8": 20.901092052459717,
    "Step 3.7.2.1.2: Reliability assessment (result 2)": 0.7149820327758789,
    "Step 3.7.2.1.2: Reliability assessment (result 3)": 1.8508551120758057,
    "Step 3.7.2.1.2: Reliability assessment (result 4)": 2.4989941120147705,
    "Step 3.2.2.2.3: Content fetching (result 2)": 17.806240797042847,
    "Step 3.2.2.2.3: Content fetching (result 1)": 17.577203273773193,
    "Step 3.2.2.2.3: Content fetching (result 3)": 17.480014085769653,
    "Step 3.2.2.2.3: Content fetching (result 4)": 17.33736515045166,
    "Step 3.2.2.2.3: Content fetching (result 5)": 17.25779390335083,
    "Step 3.2.2.2.3: Content fetching (result 6)": 16.121230125427246,
    "Step 3.10.2.2.3: Content fetching (result 1)": 9.58070182800293,
    "Step 3.10.2.2.3: Content fetching (result 2)": 9.583158016204834,
    "Step 3.10.2.2.3: Content fetching (result 3)": 9.586652040481567,
    "Step 3.10.2.2.3: Content fetching (result 5)": 8.471065759658813,
    "Step 3.3.2.1.2: Reliability assessment (result 6)": 10.467462062835693,
    "Step 3.10.2.2.2: Reliability assessment (result 4)": 10.469280004501343,
    "Step 3.7.2.1.2: Reliability assessment (result 6)": 7.281728029251099,
    "Step 3.3.2.1.3: Content fetching (result 1)": 12.861068964004517,
    "Step 3.3.2.1.3: Content fetching (result 2)": 12.862067222595215,
    "Step 3.3.2.1.3: Content fetching (result 3)": 12.075974941253662,
    "Step 3.3.2.1.3: Content fetching (result 5)": 12.076164245605469,
    "Step 3.3.2.1.3: Content fetching (result 4)": 12.076833009719849,
    "Step 3.10.2.2.3: Content fetching (result 4)": 1.6082329750061035,
    "Step 3.7.2.2.2: Reliability assessment (result 1)": 0.003566265106201172,
    "Step 3.7.2.2.2: Reliability assessment (result 4)": 0.5399580001831055,
    "Step 3.7.2.2.2: Reliability assessment (result 6)": 0.6985268592834473,
    "Step 3.7.2.2.2: Reliability assessment (result 5)": 0.892132043838501,
    "Step 3.3.2.1.3: Content fetching (result 6)": 3.316642999649048,
    "Step 3.3.2.1.4: Evidence extraction (result 5)": 0.9764597415924072,
    "Step 3.7.2.2.2: Reliability assessment (result 2)": 1.0653419494628906,
    "Step 3.3.2.1.4: Evidence extraction (result 2)": 2.8970749378204346,
    "Step 3.3.2.1.4: Evidence extraction (result 3)": 3.350493907928467,
    "Step 3.3.2.1.4: Evidence extraction (result 1)": 3.8450000286102295,
    "Step 3.2.2.1.4: Evidence extraction (result 3)": 13.818674087524414,
    "Step 3.2.2.1.4: Evidence extraction (result 1)": 13.920787811279297,
    "Step 3.7.2.1.2: Reliability assessment (result 5)": 12.968467235565186,
    "Step 3.10.2.2.4: Evidence extraction (result 4)": 4.807111978530884,
    "Step 3.10.2.1.4: Evidence extraction (result 2)": 24.013396978378296,
    "Step 3.10.2.1.4: Evidence extraction (result 1)": 24.03828477859497,
    "Step 3.10.2.1.4: Evidence extraction (result 3)": 19.74217176437378,
    "Step 3.10.2.1.4: Evidence extraction (result 4)": 22.963983297348022,
    "Step 3.10.2: Search execution for claim 10 query 1": 34.046823024749756,
    "Step 3.7.2.1.3: Content fetching (result 1)": 15.929304122924805,
    "Step 3.7.2.1.3: Content fetching (result 2)": 15.222227334976196,
    "Step 3.7.2.1.3: Content fetching (result 3)": 14.088585138320923,