{
  "timing": {
    "total_seconds": 45.02805709838867,
    "Step 1: Transcript extraction": 1.065709114074707,
    "Step 2: Claim extraction": 16.222222089767456,
    "Step 3.1.1: Query generation for claim 1": 2.4096901416778564,
    "Step 3.1.2.1.1.1: Google Search API (batch 1)": 1.1693320274353027,
    "Step 3.1.2.2.1.1: Google Search API (batch 1)": 1.1269421577453613,
    "Step 3.1.2.1.2: Reliability assessment (result 6)": 0.0004627704620361328,
    "Step 3.1.2.2.2: Reliability assessment (result 3)": 0.592430830001831,
    "Step 3.1.2.2.2: Reliability assessment (result 1)": 0.6036899089813232,
    "Step 3.1.2.1.2: Reliability assessment (result 3)": 0.27091312408447266,
    "Step 3.1.2.1.2: Reliability assessment (result 1)": 0.2752370834350586,
    "Step 3.1.2.1.2: Reliability assessment (result 5)": 0.27529096603393555,
    "Step 3.1.2.1.2: Reliability assessment (result 2)": 0.28145885467529297,
    "Step 3.1.2.2.2: Reliability assessment (result 5)": 0.769420862197876,
    "Step 3.1.2.1.2: Reliability assessment (result 4)": 0.5794439315795898,
    "Step 3.1.2.2.2: Reliability assessment (result 2)": 1.0355119705200195,
    "Step 3.1.2.2.2: Reliability assessment (result 4)": 2.0774662494659424,
    "Step 3.1.2.1.3: Content fetching (result 6)": 8.516857147216797,
    "Step 3.1.2.1.3: Content fetching (result 3)": 8.248752117156982,
    "Step 3.1.2.1.3: Content fetching (result 1)": 8.245713949203491,
    "Step 3.1.2.1.3: Content fetching (result 5)": 8.24688196182251,
    "Step 3.1.2.1.3: Content fetching (result 2)": 8.243020057678223,
    "Step 3.1.2.1.3: Content fetching (result 4)": 7.94649600982666,
    "Step 3.1.2.1.4: Evidence extraction (result 2)": 2.5051770210266113,
    "Step 3.1.2.1.4: Evidence extraction (result 4)": 3.1204721927642822,
    "Step 3.1.2.1.4: Evidence extraction (result 6)": 3.229318857192993,
    "Step 3.1.2.1.4: Evidence extraction (result 3)": 3.75616717338562,
    "Step 3.1.2.1.4: Evidence extraction (result 1)": 4.313323020935059,
    "Step 3.1.2.2.3: Content fetching (result 3)": 12.767616033554077,
    "Step 3.1.2.2.3: Content fetching (result 1)": 12.758448839187622,
    "Step 3.1.2.2.3: Content fetching (result 5)": 12.594357013702393,
    "Step 3.1.2.2.3: Content fetching (result 2)": 12.330144166946411,
    "Step 3.1.2.2.3: Content fetching (result 4)": 11.29049015045166,
    "Step 3.1.2.1.4: Evidence extraction (result 5)": 4.808858156204224,
    "Step 3.1.2: Search execution for claim 1 query 1": 20.01942205429077,
    "Step 3.1.2.2.4: Evidence extraction (result 3)": 1.9529550075531006,
    "Step 3.1.2.2.4: Evidence extraction (result 1)": 2.0582029819488525,
    "Step 3.1.2.2.4: Evidence extraction (result 4)": 2.1824278831481934,
    "Step 3.1.2.2.4: Evidence extraction (result 2)": 2.3641419410705566,
    "Step 3.1.2.2.4: Evidence extraction (result 5)": 2.9381489753723145,
    "Step 3.1.2: Search execution for claim 1 query 2": 22.548852920532227,
    "Step 3.1.3: Verdict generation for claim 1": 2.439511775970459,
    "Step 3: Query generation + search + verdicts for all claims (PARALLEL)": 27.481346130371094,
    "Step 4: Sort and assemble final output": 0.0005199909210205078
  },
  "llm": {
    "total_calls": 14,
    "total_cost_usd": 0.0030432,
    "total_latency_seconds": 50.16
  },
  "claims_extracted": 1,
  "success": true,
  "error": null
}
