{
  "timing": {
    "total_seconds": 129.5746591091156,
    "Step 1: Transcript extraction": 1.1828510761260986,
    "Step 2: Claim extraction": 26.845916986465454,
    "Step 3.7.1: Query generation for claim 7": 1.8752467632293701,
    "Step 3.5.1: Query generation for claim 5": 2.0831596851348877,
    "Step 3.1.1: Query generation for claim 1": 2.180528163909912,
    "Step 3.2.1: Query generation for claim 2": 2.2638967037200928,
    "Step 3.3.1: Query generation for claim 3": 2.263740301132202,
    "Step 3.4.1: Query generation for claim 4": 2.431259870529175,
    "Step 3.7.2.2.1.1: Google Search API (batch 1)": 0.9325351715087891,
    "Step 3.7.2.2.2: Reliability assessment (result 1)": 0.0039827823638916016,
    "Step 3.7.2.2.2: Reliability assessment (result 2)": 0.003998279571533203,
    "Step 3.7.2.2.2: Reliability assessment (result 3)": 0.004177093505859375,
    "Step 3.7.2.2.2: Reliability assessment (result 4)": 0.00418400764465332,
    "Step 3.7.2.2.2: Reliability assessment (result 5)": 0.0041980743408203125,
    "Step 3.7.2.2.2: Reliability assessment (result 6)": 0.0042078495025634766,
    "Step 3.1.2.1.1.1: Google Search API (batch 1)": 1.2212309837341309,
    "Step 3.4.2.1.1.1: Google Search API (batch 1)": 0.9685821533203125,
    "Step 3.3.2.2.1.1: Google Search API (batch 1)": 1.0127058029174805,
    "Step 3.5.2.1.1.1: Google Search API (batch 1)": 1.3159217834472656,
    "Step 3.5.2.2.1.1: Google Search API (batch 1)": 1.2752101421356201,
    "Step 3.2.2.2.1.1: Google Search API (batch 1)": 1.0978479385375977,
    "Step 3.2.2.1.1.1: Google Search API (batch 1)": 1.1390578746795654,
    "Step 3.3.2.1.1.1: Google Search API (batch 1)": 1.056731939315796,
    "Step 3.4.2.2.1.1: Google Search API (batch 1)": 0.9292967319488525,
    "Step 3.7.2.1.1.1: Google Search API (batch 1)": 1.4884941577911377,
    "Step 3.1.2.2.1.1: Google Search API (batch 1)": 1.183516025543213,
    "Step 3.5.2.1.2: Reliability assessment (result 1)": 0.3081629276275635,
    "Step 3.5.2.1.2: Reliability assessment (result 2)": 0.3082609176635742,
    "Step 3.5.2.1.2: Reliability assessment (result 3)": 0.30843496322631836,
    "Step 3.5.2.1.2: Reliability assessment (result 4)": 0.30869412422180176,
    "Step 3.5.2.1.2: Reliability assessment (result 5)": 0.308758020401001,
    "Step 3.5.2.1.2: Reliability assessment (result 6)": 0.30878591537475586,
    "Step 3.7.2.1.2: Reliability assessment (result 1)": 0.3087947368621826,
    "Step 3.7.2.1.2: Reliability assessment (result 2)": 0.3088109493255615,
    "Step 3.7.2.1.2: Reliability assessment (result 3)": 0.3088228702545166,
    "Step 3.7.2.1.2: Reliability assessment (result 4)": 0.3088407516479492,
    "Step 3.7.2.1.2: Reliability assessment (result 5)": 0.3081660270690918,
    "Step 3.7.2.1.2: Reliability assessment (result 6)": 0.3081808090209961,
    "Step 3.1.2.2.2: Reliability assessment (result 1)": 0.001352071762084961,
    "Step 3.1.2.2.2: Reliability assessment (result 2)": 0.001664876937866211,
    "Step 3.1.2.2.2: Reliability assessment (result 3)": 0.0016889572143554688,
    "Step 3.1.2.2.2: Reliability assessment (result 4)": 0.0017058849334716797,
    "Step 3.1.2.2.2: Reliability assessment (result 5)": 0.0017180442810058594,
    "Step 3.1.2.2.2: Reliability assessment (result 6)": 0.0017321109771728516,
    "Step 3.7.2.2.3: Content fetching (result 1)": 11.981021881103516,
    "Step 3.7.2.2.3: Content fetching (result 2)": 11.986815929412842,
    "Step 3.7.2.2.3: Content fetching (result 5)": 11.988981008529663,
    "Step 3.7.2.2.3: Content fetching (result 6)": 11.991888046264648,
    "Step 3.7.2.2.3: Content fetching (result 3)": 11.99427604675293,
    "Step 3.7.2.2.3: Content fetching (result 4)": 11.99665093421936,
    "Step 3.5.2.1.3: Content fetching (result 1)": 13.828490018844604,
    "Step 3.1.2.1.2: Reliability assessment (result 1)": 13.240308284759521,
    "Step 3.1.2.1.2: Reliability assessment (result 2)": 13.24035096168518,
    "Step 3.1.2.1.2: Reliability assessment (result 3)": 13.240381002426147,
    "Step 3.1.2.1.2: Reliability assessment (result 4)": 13.240394115447998,
    "Step 3.1.2.1.2: Reliability assessment (result 5)": 13.240404844284058,
    "Step 3.5.2.1.3: Content fetching (result 2)": 13.830657005310059,
    "Step 3.5.2.1.3: Content fetching (result 3)": 13.832635164260864,
    "Step 3.2.2.2.2: Reliability assessment (result 1)": 12.892066717147827,
    "Step 3.2.2.2.2: Reliability assessment (result 2)": 12.892104864120483,
    "Step 3.2.2.2.2: Reliability assessment (result 3)": 12.891916990280151,
    "Step 3.2.2.2.2: Reliability assessment (result 4)": 12.891931056976318,
    "Step 3.5.2.1.3: Content fetching (result 5)": 13.83476185798645,
    "Step 3.5.2.1.3: Content fetching (result 6)": 13.839231014251709,
    "Step 3.5.2.1.3: Content fetching (result 4)": 13.841284990310669,
    "Step 3.7.2.1.3: Content fetching (result 1)": 13.968015909194946,
    "Step 3.7.2.1.3: Content fetching (result 2)": 13.969927072525024,
    "Step 3.7.2.1.3: Content fetching (result 3)": 13.975280046463013,
    "Step 3.7.2.1.3: Content fetching (result 4)": 13.976517915725708,
    "Step 3.7.2.1.3: Content fetching (result 5)": 13.978464841842651,
    "Step 3.7.2.1.3: Content fetching (result 6)": 13.980594873428345,
    "Step 3.6.1: Query generation for claim 6": 18.67830204963684,
    "Step 3.2.2.2.2: Reliability assessment (result 5)": 13.918335914611816,
    "Step 3.1.2.1.2: Reliability assessment (result 6)": 14.671918153762817,
    "Step 3.4.2.2.2: Reliability assessment (result 1)": 0.7320990562438965,
    "Step 3.4.2.2.2: Reliability assessment (result 2)": 0.7321243286132812,
    "Step 3.4.2.2.2: Reliability assessment (result 3)": 0.7321329116821289,
    "Step 3.4.2.2.2: Reliability assessment (result 4)": 0.7321419715881348,
    "Step 3.4.2.2.2: Reliability assessment (result 5)": 0.7321500778198242,
    "Step 3.5.2.2.2: Reliability assessment (result 1)": 0.004307985305786133,
    "Step 3.5.2.2.2: Reliability assessment (result 2)": 0.004354000091552734,
    "Step 3.5.2.2.2: Reliability assessment (result 3)": 0.004363059997558594,
    "Step 3.5.2.2.2: Reliability assessment (result 4)": 0.004158973693847656,
    "Step 3.5.2.2.2: Reliability assessment (result 5)": 0.004163026809692383,
    "Step 3.5.2.2.2: Reliability assessment (result 6)": 1.102895975112915,
    "Step 3.2.2.1.2: Reliability assessment (result 1)": 1.1059651374816895,
    "Step 3.2.2.1.2: Reliability assessment (result 2)": 1.1060161590576172,
    "Step 3.2.2.1.2: Reliability assessment (result 3)": 1.106029987335205,
    "Step 3.2.2.1.2: Reliability assessment (result 4)": 1.1060409545898438,
    "Step 3.2.2.1.2: Reliability assessment (result 5)": 1.106041669845581,
    "Step 3.4.2.2.3: Content fetching (result 1)": 2.449552059173584,
    "Step 3.4.2.2.3: Content fetching (result 2)": 5.366570234298706,
    "Step 3.4.2.2.3: Content fetching (result 3)": 7.524537086486816,
    "Step 3.2.2.2.3: Content fetching (result 1)": 12.72239899635315,
    "Step 3.2.2.2.3: Content fetching (result 2)": 12.840343952178955,
    "Step 3.2.2.2.3: Content fetching (result 3)": 12.960219144821167,
    "Step 3.2.2.2.3: Content fetching (result 4)": 13.068289041519165,
    "Step 3.2.2.2.3: Content fetching (result 5)": 12.140916109085083,
    "Step 3.5.2.1.4: Evidence extraction (result 5)": 16.8017840385437,
    "Step 3.1.2.2.3: Content fetching (result 1)": 31.166263103485107,
    "Step 3.1.2.2.3: Content fetching (result 2)": 31.16843581199646,
    "Step 3.1.2.2.3: Content fetching (result 3)": 31.17225480079651,
    "Step 3.1.2.2.3: Content fetching (result 4)": 31.17451000213623,
    "Step 3.1.2.2.3: Content fetching (result 5)": 31.17695903778076,
    "Step 3.1.2.2.3: Content fetching (result 6)": 31.179529190063477,
    "Step 3.4.2.2.3: Content fetching (result 4)": 15.327728986740112,
    "Step 3.7.2.2.4: Evidence extraction (result 4)": 20.362222909927368,