{
  "timing": {
    "total_seconds": 44.697641134262085,
    "Step 1: Transcript extraction": 1.2377777099609375,
    "Step 2: Claim extraction": 6.295958995819092,
    "Step 3.1.1: Query generation for claim 1": 2.64205002784729,
    "Step 3.2.1: Query generation for claim 2": 2.765933036804199,
    "Step 3.3.1: Query generation for claim 3": 2.765874147415161,
    "Step 3.3.2.2.1.1: Google Search API (batch 1)": 0.7577238082885742,
    "Step 3.2.2.1.1.1: Google Search API (batch 1)": 0.888026237487793,
    "Step 3.1.2.2.1.1: Google Search API (batch 1)": 0.9490392208099365,
    "Step 3.2.2.2.1.1: Google Search API (batch 1)": 0.9318671226501465,
    "Step 3.1.2.1.1.1: Google Search API (batch 1)": 1.0660920143127441,
    "Step 3.3.2.1.1.1: Google Search API (batch 1)": 0.9077179431915283,
    "Step 3.3.2.2.2: Reliability assessment (result 1)": 0.0009877681732177734,
    "Step 3.3.2.2.2: Reliability assessment (result 3)": 0.0012698173522949219,
    "Step 3.3.2.2.2: Reliability assessment (result 4)": 0.0007028579711914062,
    "Step 3.3.2.2.2: Reliability assessment (result 2)": 0.5403518676757812,
    "Step 3.1.2.2.2: Reliability assessment (result 2)": 0.3510420322418213,
    "Step 3.3.2.1.2: Reliability assessment (result 1)": 0.30899810791015625,
    "Step 3.1.2.2.2: Reliability assessment (result 3)": 0.660301923751831,
    "Step 3.1.2.2.2: Reliability assessment (result 4)": 0.6603481769561768,
    "Step 3.1.2.2.2: Reliability assessment (result 1)": 0.6605911254882812,
    "Step 3.3.2.1.2: Reliability assessment (result 2)": 0.30962514877319336,
    "Step 3.3.2.1.2: Reliability assessment (result 3)": 0.30963778495788574,
    "Step 3.3.2.1.2: Reliability assessment (result 4)": 0.30992913246154785,
    "Step 3.2.2.1.2: Reliability assessment (result 4)": 0.0012900829315185547,
    "Step 3.1.2.2.2: Reliability assessment (result 5)": 1.066443920135498,
    "Step 3.2.2.1.2: Reliability assessment (result 1)": 0.5702958106994629,
    "Step 3.2.2.1.2: Reliability assessment (result 3)": 0.5838370323181152,
    "Step 3.3.2.1.2: Reliability assessment (result 5)": 1.0168120861053467,
    "Step 3.2.2.1.2: Reliability assessment (result 5)": 0.7420759201049805,
    "Step 3.1.2.1.2: Reliability assessment (result 1)": 0.5717391967773438,
    "Step 3.1.2.1.2: Reliability assessment (result 3)": 0.5718131065368652,
    "Step 3.2.2.1.2: Reliability assessment (result 6)": 0.9948499202728271,
    "Step 3.1.2.1.2: Reliability assessment (result 2)": 0.6068670749664307,
    "Step 3.2.2.1.2: Reliability assessment (result 2)": 1.0758061408996582,
    "Step 3.1.2.1.2: Reliability assessment (result 4)": 1.3094301223754883,
    "Step 3.1.2.1.2: Reliability assessment (result 5)": 1.3336129188537598,
    "Step 3.1.2.1.2: Reliability assessment (result 6)": 1.3338680267333984,
    "Step 3.1.2.2.3: Content fetching (result 2)": 5.7293760776519775,
    "Step 3.1.2.2.3: Content fetching (result 3)": 5.429468154907227,
    "Step 3.1.2.2.3: Content fetching (result 4)": 5.431554079055786,
    "Step 3.1.2.2.3: Content fetching (result 1)": 5.433560132980347,
    "Step 3.1.2.2.3: Content fetching (result 5)": 5.030059099197388,
    "Step 3.3.2.2.3: Content fetching (result 1)": 8.422744035720825,
    "Step 3.3.2.2.3: Content fetching (result 4)": 8.424829006195068,
    "Step 3.3.2.2.3: Content fetching (result 3)": 8.426774024963379,
    "Step 3.2.2.2.2: Reliability assessment (result 3)": 4.585647821426392,
    "Step 3.3.2.2.3: Content fetching (result 2)": 7.889405250549316,
    "Step 3.2.2.2.2: Reliability assessment (result 1)": 5.232208967208862,
    "Step 3.2.2.2.2: Reliability assessment (result 4)": 5.238141059875488,
    "Step 3.2.2.2.2: Reliability assessment (result 2)": 5.740512847900391,
    "Step 3.2.2.2.2: Reliability assessment (result 5)": 5.819100856781006,
    "Step 3.2.2.2.2: Reliability assessment (result 6)": 5.990981817245483,
    "Step 3.2.2.2.3: Content fetching (result 3)": 3.0949769020080566,
    "Step 3.2.2.2.3: Content fetching (result 1)": 3.4554927349090576,
    "Step 3.3.2.1.3: Content fetching (result 1)": 10.674592971801758,
    "Step 3.3.2.1.3: Content fetching (result 2)": 10.677934885025024,
    "Step 3.3.2.1.3: Content fetching (result 3)": 10.679840087890625,
    "Step 3.3.2.1.3: Content fetching (result 4)": 10.681833028793335,
    "Step 3.3.2.1.3: Content fetching (result 5)": 9.977262020111084,
    "Step 3.1.2.2.4: Evidence extraction (result 4)": 7.658327102661133,
    "Step 3.3.2.2.4: Evidence extraction (result 1)": 7.709025859832764,
    "Step 3.1.2.2.4: Evidence extraction (result 5)": 8.42927598953247,
    "Step 3.1.2.2.4: Evidence extraction (result 1)": 8.437254905700684,
    "Step 3.3.2.2.4: Evidence extraction (result 2)": 7.941427946090698,
    "Step 3.1.2.2.4: Evidence extraction (result 2)": 8.601362943649292,
    "Step 3.1.2.1.3: Content fetching (result 1)": 13.539294958114624,
    "Step 3.1.2.1.3: Content fetching (result 3)": 13.547490119934082,
    "Step 3.1.2.1.3: Content fetching (result 2)": 13.514362812042236,
    "Step 3.1.2.1.3: Content fetching (result 4)": 12.813776969909668,
    "Step 3.1.2.1.3: Content fetching (result 5)": 12.791754007339478,
    "Step 3.1.2.1.3: Content fetching (result 6)": 12.793748140335083,
    "Step 3.1.2.2.4: Evidence extraction (result 3)": 9.229918956756592,
    "Step 3.1.2: Search execution for claim 1 query 2": 19.865437030792236,
    "Step 3.2.2.2.4: Evidence extraction (result 1)": 4.583769798278809,
    "Step 3.2.2.2.4: Evidence extraction (result 3)": 6.387969017028809,
    "Step 3.3.2.2.4: Evidence extraction (result 4)": 10.040152072906494,
    "Step 3.3.2.2.4: Evidence extraction (result 3)": 10.05447506904602,
    "Step 3.3.2: Search execution for claim 3 query 2": 21.156519174575806,
    "Step 3.3.2.1.4: Evidence extraction (result 5)": 5.884204864501953,
    "Step 3.2.2.1.3: Content fetching (result 4)": 16.727468967437744,
    "Step 3.2.2.1.3: Content fetching (result 1)": 16.16379189491272,
    "Step 3.2.2.1.3: Content fetching (result 3)": 16.152419805526733,
    "Step 3.2.2.1.3: Content fetching (result 5)": 15.99603009223938,
    "Step 3.2.2.1.3: Content fetching (result 6)": 15.74505615234375,
    "Step 3.2.2.1.3: Content fetching (result 2)": 15.666199684143066,
    "Step 3.3.2.1.4: Evidence extraction (result 1)": 6.461271047592163,
    "Step 3.1.2.1.4: Evidence extraction (result 1)": 2.689908266067505,
    "Step 3.1.2.1.4: Evidence extraction (result 5)": 3.1171271800994873,
    "Step 3.3.2.1.4: Evidence extraction (result 4)": 7.008904218673706,
    "Step 3.1.2.1.4: Evidence extraction (result 6)": 3.5919580459594727,
    "Step 3.3.2.1.4: Evidence extraction (result 2)": 7.4892027378082275,
    "Step 3.3.2.1.4: Evidence extraction (result 3)": 7.745036840438843,
    "Step 3.3.2: Search execution for claim 3 query 1": 23.512375831604004,
    "Step 3.1.2.1.4: Evidence extraction (result 2)": 4.037880897521973,
    "Step 3.1.2.1.4: Evidence extraction (result 4)": 4.79026198387146,
    "Step 3.1.2.1.4: Evidence extraction (result 3)": 4.794750928878784,
    "Step 3.1.2: Search execution for claim 1 query 1": 24.612059831619263,
    "Step 3.2.2.1.4: Evidence extraction (result 1)": 4.238012075424194,
    "Step 3.2.2.1.4: Evidence extraction (result 5)": 4.237242937088013,
    "Step 3.2.2.1.4: Evidence extraction (result 2)": 4.259174108505249,
    "Step 3.2.2.1.4: Evidence extraction (result 4)": 4.395275115966797,
    "Step 3.1.3: Verdict generation for claim 1": 1.761686086654663,
    "Step 3.3.3: Verdict generation for claim 3": 3.091353178024292,
    "Step 3.2.2.2.3: Content fetching (result 4)": 15.144696712493896,
    "Step 3.2.2.2.3: Content fetching (result 2)": 14.644408941268921,
    "Step 3.2.2.2.3: Content fetching (result 5)": 14.567747831344604,
    "Step 3.2.2.2.3: Content fetching (result 6)": 14.397840976715088,
    "Step 3.2.2.1.4: Evidence extraction (result 3)": 5.265751123428345,