{
  "timing": {
    "total_seconds": 96.78416776657104,
    "Step 1: Transcript extraction": 1.269484043121338,
    "Step 2: Claim extraction": 9.907294034957886,
    "Step 3.6.1: Query generation for claim 6": 1.7730722427368164,
    "Step 3.10.1: Query generation for claim 10": 1.8925960063934326,
    "Step 3.2.1: Query generation for claim 2": 1.898569107055664,
    "Step 3.4.1: Query generation for claim 4": 2.0643649101257324,
    "Step 3.9.1: Query generation for claim 9": 2.0622799396514893,
    "Step 3.3.1: Query generation for claim 3": 2.232954978942871,
    "Step 3.2.2.2.1.1: Google Search API (batch 1)": 1.1850202083587646,
    "Step 3.4.2.2.1.1: Google Search API (batch 1)": 1.1088898181915283,
    "Step 3.9.2.2.1.1: Google Search API (batch 1)": 1.0282440185546875,
    "Step 3.9.2.1.1.1: Google Search API (batch 1)": 1.070600986480713,
    "Step 3.2.2.1.1.1: Google Search API (batch 1)": 1.2396879196166992,
    "Step 3.10.2.1.1.1: Google Search API (batch 1)": 1.3228638172149658,
    "Step 3.6.2.2.1.1: Google Search API (batch 1)": 1.3672468662261963,
    "Step 3.3.2.2.1.1: Google Search API (batch 1)": 0.952117919921875,
    "Step 3.10.2.2.1.1: Google Search API (batch 1)": 1.2885489463806152,
    "Step 3.6.2.1.1.1: Google Search API (batch 1)": 1.4169890880584717,
    "Step 3.4.2.1.1.1: Google Search API (batch 1)": 1.1623830795288086,
    "Step 3.3.2.1.1.1: Google Search API (batch 1)": 1.1450471878051758,
    "Step 3.2.2.1.2: Reliability assessment (result 1)": 0.340242862701416,
    "Step 3.2.2.1.2: Reliability assessment (result 2)": 0.340487003326416,
    "Step 3.2.2.1.2: Reliability assessment (result 4)": 0.33964014053344727,
    "Step 3.4.2.2.2: Reliability assessment (result 2)": 0.0009410381317138672,
    "Step 3.4.2.2.2: Reliability assessment (result 3)": 0.0009567737579345703,
    "Step 3.4.2.2.2: Reliability assessment (result 1)": 0.235396146774292,
    "Step 3.4.2.2.2: Reliability assessment (result 5)": 0.5822930335998535,
    "Step 3.4.2.2.2: Reliability assessment (result 4)": 0.5825181007385254,
    "Step 3.6.2.1.2: Reliability assessment (result 1)": 0.3479268550872803,
    "Step 3.6.2.1.2: Reliability assessment (result 3)": 0.3478429317474365,
    "Step 3.6.2.1.2: Reliability assessment (result 4)": 0.34787917137145996,
    "Step 3.6.2.1.2: Reliability assessment (result 5)": 0.3479030132293701,
    "Step 3.2.2.1.2: Reliability assessment (result 3)": 1.2701947689056396,
    "Step 3.2.2.1.2: Reliability assessment (result 5)": 1.2691128253936768,
    "Step 3.4.2.1.2: Reliability assessment (result 1)": 0.3211991786956787,
    "Step 3.4.2.1.2: Reliability assessment (result 3)": 0.6407392024993896,
    "Step 3.4.2.1.2: Reliability assessment (result 5)": 0.6408379077911377,
    "Step 3.4.2.1.2: Reliability assessment (result 2)": 0.9971928596496582,
    "Step 3.6.2.1.2: Reliability assessment (result 6)": 1.344621181488037,
    "Step 3.6.2.1.2: Reliability assessment (result 2)": 1.3451659679412842,
    "Step 3.4.2.1.2: Reliability assessment (result 4)": 1.0482878684997559,
    "Step 3.10.2.2.2: Reliability assessment (result 2)": 0.7272720336914062,
    "Step 3.10.2.2.2: Reliability assessment (result 3)": 1.2948129177093506,
    "Step 3.10.2.2.2: Reliability assessment (result 1)": 1.4693491458892822,
    "Step 3.10.2.2.2: Reliability assessment (result 5)": 2.3038671016693115,
    "Step 3.4.2.1.3: Content fetching (result 1)": 3.3378517627716064,
    "Step 3.2.2.1.3: Content fetching (result 1)": 6.478006839752197,
    "Step 3.2.2.1.3: Content fetching (result 2)": 6.483299970626831,
    "Step 3.2.2.1.3: Content fetching (result 4)": 6.486213684082031,
    "Step 3.2.2.1.3: Content fetching (result 3)": 5.559529066085815,
    "Step 3.9.2.2.2: Reliability assessment (result 3)": 4.5638933181762695,
    "Step 3.2.2.1.3: Content fetching (result 5)": 5.561537027359009,
    "Step 3.9.2.2.2: Reliability assessment (result 2)": 5.263093948364258,
    "Step 3.2.2.2.2: Reliability assessment (result 1)": 5.38358998298645,
    "Step 3.2.2.2.2: Reliability assessment (result 2)": 5.3836400508880615,
    "Step 3.2.2.2.2: Reliability assessment (result 3)": 5.383655786514282,
    "Step 3.9.2.2.2: Reliability assessment (result 5)": 5.509088039398193,
    "Step 3.9.2.2.2: Reliability assessment (result 1)": 5.641325950622559,
    "Step 3.9.2.2.2: Reliability assessment (result 4)": 5.6553168296813965,
    "Step 3.9.2.2.2: Reliability assessment (result 6)": 6.024666786193848,
    "Step 3.2.2.2.2: Reliability assessment (result 4)": 6.3836588859558105,
    "Step 3.2.2.2.2: Reliability assessment (result 5)": 6.542202949523926,
    "Step 3.2.2.2.2: Reliability assessment (result 6)": 6.683851003646851,
    "Step 3.10.2.2.3: Content fetching (result 2)": 7.3157830238342285,
    "Step 3.4.2.2.3: Content fetching (result 2)": 12.135335922241211,
    "Step 3.4.2.2.3: Content fetching (result 3)": 12.137206077575684,
    "Step 3.4.2.2.3: Content fetching (result 1)": 11.908153057098389,
    "Step 3.4.2.2.3: Content fetching (result 5)": 11.563010215759277,
    "Step 3.4.2.2.3: Content fetching (result 4)": 11.564234256744385,
    "Step 3.1.1: Query generation for claim 1": 20.71834897994995,
    "Step 3.8.1: Query generation for claim 8": 20.749547004699707,
    "Step 3.5.1: Query generation for claim 5": 20.766923904418945,
    "Step 3.7.1: Query generation for claim 7": 20.80619788169861,
    "Step 3.10.2.2.2: Reliability assessment (result 4)": 11.558758020401001,
    "Step 3.9.2.2.3: Content fetching (result 3)": 10.290354013442993,
    "Step 3.9.2.2.3: Content fetching (result 2)": 9.594645023345947,
    "Step 3.2.2.2.3: Content fetching (result 1)": 9.838865995407104,
    "Step 3.2.2.2.3: Content fetching (result 2)": 9.84128189086914,
    "Step 3.2.2.2.3: Content fetching (result 3)": 9.843154191970825,
    "Step 3.6.2.1.3: Content fetching (result 1)": 17.384860038757324,
    "Step 3.6.2.1.3: Content fetching (result 3)": 17.386384963989258,
    "Step 3.6.2.1.3: Content fetching (result 4)": 17.388551950454712,
    "Step 3.10.2.2.3: Content fetching (result 3)": 15.842689990997314,
    "Step 3.10.2.2.3: Content fetching (result 1)": 16.384718656539917,
    "Step 3.6.2.1.3: Content fetching (result 5)": 18.176104068756104,
    "Step 3.6.2.1.3: Content fetching (result 6)": 17.17994713783264,
    "Step 3.6.2.1.3: Content fetching (result 2)": 17.180498838424683,
    "Step 3.10.2.2.3: Content fetching (result 5)": 15.55361294746399,
    "Step 3.10.2.2.3: Content fetching (result 4)": 6.299642086029053,
    "Step 3.9.2.1.2: Reliability assessment (result 1)": 0.006346225738525391,
    "Step 3.9.2.1.2: Reliability assessment (result 3)": 0.006485939025878906,
    "Step 3.9.2.1.2: Reliability assessment (result 4)": 0.0065228939056396484,
    "Step 3.3.2.1.2: Reliability assessment (result 2)": 0.605118989944458,
    "Step 3.3.2.1.2: Reliability assessment (result 3)": 0.6052331924438477,
    "Step 3.9.2.1.2: Reliability assessment (result 2)": 1.3929541110992432,
    "Step 3.9.2.1.2: Reliability assessment (result 5)": 1.3930449485778809,
    "Step 3.9.2.1.2: Reliability assessment (result 6)": 1.3960199356079102,
    "Step 3.3.2.1.2: Reliability assessment (result 4)": 1.4162259101867676,
    "Step 3.3.2.1.2: Reliability assessment (result 1)": 1.5065522193908691,
    "Step 3.4.2.1.3: Content fetching (result 3)": 19.468483924865723,
    "Step 3.6.2.2.2: Reliability assessment (result 2)": 1.3276031017303467,
    "Step 3.6.2.2.2: Reliability assessment (result 3)": 1.3276429176330566,
    "Step 3.4.2.1.3: Content fetching (result 5)": 19.472745895385742,
    "Step 3.4.2.1.3: Content fetching (result 2)": 19.118484020233154,
    "Step 3.4.2.1.3: Content fetching (result 4)": 19.069416284561157,
    "Step 3.10.2.1.2: Reliability assessment (result 2)": 0.9683609008789062,
    "Step 3.6.2.2.2: Reliability assessment (result 1)": 2.1349847316741943,
    "Step 3.6.2.2.2: Reliability assessment (result 5)": 2.2206897735595703,