{
  "timing": {
    "total_seconds": 71.63943290710449,
    "Step 1: Transcript extraction": 1.1666131019592285,
    "Step 2: Claim extraction": 9.905266046524048,
    "Step 3.2.1: Query generation for claim 2": 2.4360411167144775,
    "Step 3.3.1: Query generation for claim 3": 2.572996139526367,
    "Step 3.1.1: Query generation for claim 1": 2.9028680324554443,
    "Step 3.3.2.2.1.1: Google Search API (batch 1)": 1.018765926361084,
    "Step 3.2.2.2.1.1: Google Search API (batch 1)": 1.1087749004364014,
    "Step 3.3.2.1.1.1: Google Search API (batch 1)": 1.0672650337219238,
    "Step 3.2.2.1.1.1: Google Search API (batch 1)": 1.1511647701263428,
    "Step 3.1.2.2.1.1: Google Search API (batch 1)": 0.7959439754486084,
    "Step 3.1.2.1.1.1: Google Search API (batch 1)": 1.0383989810943604,
    "Step 3.3.2.1.2: Reliability assessment (result 1)": 0.0009038448333740234,
    "Step 3.3.2.1.2: Reliability assessment (result 2)": 0.0012209415435791016,
    "Step 3.3.2.1.2: Reliability assessment (result 3)": 0.001405954360961914,
    "Step 3.3.2.1.2: Reliability assessment (result 5)": 0.0012359619140625,
    "Step 3.3.2.1.2: Reliability assessment (result 6)": 0.0014820098876953125,
    "Step 3.3.2.1.2: Reliability assessment (result 4)": 1.2783448696136475,
    "Step 3.1.2.2.2: Reliability assessment (result 1)": 0.0007410049438476562,
    "Step 3.1.2.2.2: Reliability assessment (result 2)": 0.0007708072662353516,
    "Step 3.1.2.2.2: Reliability assessment (result 3)": 0.0007905960083007812,
    "Step 3.1.2.2.2: Reliability assessment (result 5)": 0.8751521110534668,
    "Step 3.3.2.2.2: Reliability assessment (result 1)": 0.000537872314453125,
    "Step 3.3.2.2.2: Reliability assessment (result 5)": 0.0007460117340087891,
    "Step 3.1.2.2.2: Reliability assessment (result 6)": 1.699221134185791,
    "Step 3.1.2.2.2: Reliability assessment (result 4)": 1.6993062496185303,
    "Step 3.2.2.1.2: Reliability assessment (result 1)": 0.0004200935363769531,
    "Step 3.2.2.1.2: Reliability assessment (result 3)": 0.00040602684020996094,
    "Step 3.3.2.2.2: Reliability assessment (result 2)": 0.9821159839630127,
    "Step 3.3.2.2.2: Reliability assessment (result 3)": 1.3699500560760498,
    "Step 3.3.2.2.2: Reliability assessment (result 4)": 1.4479379653930664,
    "Step 3.2.2.1.2: Reliability assessment (result 4)": 0.7354741096496582,
    "Step 3.2.2.1.2: Reliability assessment (result 2)": 1.2418091297149658,
    "Step 3.2.2.1.2: Reliability assessment (result 5)": 1.3772549629211426,
    "Step 3.2.2.1.2: Reliability assessment (result 6)": 1.686769962310791,
    "Step 3.3.2.2.3: Content fetching (result 1)": 5.450505971908569,
    "Step 3.3.2.2.3: Content fetching (result 5)": 5.4524407386779785,
    "Step 3.2.2.1.3: Content fetching (result 1)": 6.695400953292847,
    "Step 3.2.2.1.3: Content fetching (result 3)": 6.697611093521118,
    "Step 3.3.2.2.3: Content fetching (result 2)": 12.87791395187378,
    "Step 3.3.2.2.3: Content fetching (result 3)": 12.707609176635742,
    "Step 3.3.2.2.3: Content fetching (result 4)": 12.633373022079468,
    "Step 3.1.2.1.2: Reliability assessment (result 1)": 0.0011281967163085938,
    "Step 3.1.2.1.2: Reliability assessment (result 2)": 0.0011789798736572266,
    "Step 3.1.2.2.3: Content fetching (result 1)": 16.74261975288391,
    "Step 3.1.2.2.3: Content fetching (result 3)": 16.745617866516113,
    "Step 3.1.2.2.3: Content fetching (result 2)": 16.749661207199097,
    "Step 3.2.2.2.2: Reliability assessment (result 1)": 0.03571891784667969,
    "Step 3.2.2.2.2: Reliability assessment (result 2)": 0.03571295738220215,
    "Step 3.2.2.2.2: Reliability assessment (result 3)": 0.035739898681640625,
    "Step 3.1.2.2.3: Content fetching (result 5)": 15.877453088760376,
    "Step 3.1.2.2.3: Content fetching (result 6)": 15.073389053344727,
    "Step 3.1.2.2.3: Content fetching (result 4)": 15.075845003128052,
    "Step 3.1.2.1.2: Reliability assessment (result 3)": 1.5972962379455566,
    "Step 3.3.2.2.4: Evidence extraction (result 1)": 11.81228494644165,
    "Step 3.3.2.2.4: Evidence extraction (result 2)": 3.4045870304107666,
    "Step 3.2.2.1.4: Evidence extraction (result 3)": 9.882021188735962,
    "Step 3.3.2.1.3: Content fetching (result 1)": 20.73760175704956,
    "Step 3.3.2.1.3: Content fetching (result 5)": 20.744328022003174,
    "Step 3.3.2.1.3: Content fetching (result 6)": 20.747236728668213,
    "Step 3.3.2.1.3: Content fetching (result 2)": 20.750235080718994,
    "Step 3.3.2.1.3: Content fetching (result 3)": 20.752187967300415,
    "Step 3.3.2.1.3: Content fetching (result 4)": 19.477264881134033,
    "Step 3.3.2.2.4: Evidence extraction (result 5)": 12.58839201927185,
    "Step 3.2.2.2.2: Reliability assessment (result 4)": 2.4375736713409424,
    "Step 3.2.2.2.2: Reliability assessment (result 5)": 2.437116861343384,
    "Step 3.2.2.1.4: Evidence extraction (result 1)": 10.760021924972534,
    "Step 3.3.2.1.4: Evidence extraction (result 5)": 0.9407470226287842,
    "Step 3.2.2.1.3: Content fetching (result 4)": 17.4271080493927,
    "Step 3.2.2.1.3: Content fetching (result 2)": 16.92501974105835,
    "Step 3.2.2.1.3: Content fetching (result 5)": 16.79170298576355,
    "Step 3.2.2.1.3: Content fetching (result 6)": 16.484063863754272,
    "Step 3.3.2.2.4: Evidence extraction (result 3)": 5.396998882293701,
    "Step 3.3.2.2.4: Evidence extraction (result 4)": 6.0049121379852295,
    "Step 3.3.2: Search execution for claim 3 query 2": 25.934223175048828,
    "Step 3.3.2.1.4: Evidence extraction (result 2)": 3.8424758911132812,
    "Step 3.2.2.1.4: Evidence extraction (result 6)": 2.8246090412139893,
    "Step 3.1.2.2.4: Evidence extraction (result 5)": 6.449817180633545,
    "Step 3.1.2.2.4: Evidence extraction (result 2)": 6.805614233016968,
    "Step 3.2.2.1.4: Evidence extraction (result 5)": 3.813530683517456,
    "Step 3.2.2.1.4: Evidence extraction (result 4)": 3.8857500553131104,
    "Step 3.1.2.2.4: Evidence extraction (result 1)": 7.143959045410156,
    "Step 3.3.2.1.4: Evidence extraction (result 3)": 5.435950994491577,
    "Step 3.1.2.2.4: Evidence extraction (result 4)": 7.192668914794922,
    "Step 3.3.2.1.4: Evidence extraction (result 4)": 5.531907796859741,
    "Step 3.3.2.1.4: Evidence extraction (result 6)": 5.688735008239746,
    "Step 3.1.2.2.4: Evidence extraction (result 6)": 7.44328498840332,
    "Step 3.1.2.2.4: Evidence extraction (result 3)": 7.47305703163147,
    "Step 3.1.2: Search execution for claim 1 query 2": 28.839833736419678,
    "Step 3.3.2.1.4: Evidence extraction (result 1)": 5.966800928115845,
    "Step 3.3.2: Search execution for claim 3 query 1": 29.502118825912476,
    "Step 3.2.2.1.4: Evidence extraction (result 2)": 4.987905025482178,
    "Step 3.2.2: Search execution for claim 2 query 1": 29.999479055404663,
    "Step 3.3.3: Verdict generation for claim 3": 2.5333328247070312,
    "Step 3.2.2.2.2: Reliability assessment (result 6)": 10.620240926742554,
    "Step 3.1.2.1.2: Reliability assessment (result 4)": 11.411149024963379,
    "Step 3.1.2.1.3: Content fetching (result 2)": 13.821421146392822,
    "Step 3.1.2.1.3: Content fetching (result 3)": 12.226521730422974,
    "Step 3.1.2.1.3: Content fetching (result 1)": 13.824079990386963,
    "Step 3.1.2.1.3: Content fetching (result 4)": 2.5388920307159424,
    "Step 3.1.2.1.4: Evidence extraction (result 3)": 0.8263390064239502,
    "Step 3.1.2.1.4: Evidence extraction (result 2)": 1.0454490184783936,
    "Step 3.1.2.1.4: Evidence extraction (result 1)": 2.529376983642578,
    "Step 3.1.2.1.4: Evidence extraction (result 4)": 3.458493947982788,
    "Step 3.1.2: Search execution for claim 1 query 1": 38.28665781021118,
    "Step 3.1.3: Verdict generation for claim 1": 2.631248950958252,
    "Step 3.2.2.2.3: Content fetching (result 1)": 28.408311128616333,
    "Step 3.2.2.2.3: Content fetching (result 2)": 28.41232419013977,
    "Step 3.2.2.2.3: Content fetching (result 3)": 28.414396286010742,