{
  "timing": {
    "total_seconds": 116.86393284797668,
    "Step 1: Transcript extraction": 0.9349098205566406,
    "Step 2: Claim extraction": 24.311575174331665,
    "Step 3.1.1: Query generation for claim 1": 1.8446338176727295,
    "Step 3.2.1: Query generation for claim 2": 1.9680366516113281,
    "Step 3.2.2.2.1.1: Google Search API (batch 1)": 1.0298659801483154,
    "Step 3.1.2.1.1.1: Google Search API (batch 1)": 1.1650218963623047,
    "Step 3.1.2.2.1.1: Google Search API (batch 1)": 1.1222550868988037,
    "Step 3.2.2.1.1.1: Google Search API (batch 1)": 1.0819249153137207,
    "Step 3.1.2.1.2: Reliability assessment (result 3)": 0.0005509853363037109,
    "Step 3.2.2.2.2: Reliability assessment (result 1)": 0.31825685501098633,
    "Step 3.2.2.2.2: Reliability assessment (result 2)": 0.31830883026123047,
    "Step 3.2.2.2.2: Reliability assessment (result 4)": 0.6755990982055664,
    "Step 3.1.2.1.2: Reliability assessment (result 1)": 0.9932739734649658,
    "Step 3.2.2.1.2: Reliability assessment (result 2)": 0.35727429389953613,
    "Step 3.2.2.1.2: Reliability assessment (result 3)": 0.3575780391693115,
    "Step 3.1.2.1.2: Reliability assessment (result 4)": 0.994002103805542,
    "Step 3.2.2.1.2: Reliability assessment (result 4)": 0.35773324966430664,
    "Step 3.2.2.1.2: Reliability assessment (result 1)": 0.3579380512237549,
    "Step 3.2.2.1.2: Reliability assessment (result 5)": 0.358051061630249,
    "Step 3.2.2.1.2: Reliability assessment (result 6)": 0.3580739498138428,
    "Step 3.1.2.1.2: Reliability assessment (result 2)": 0.9944770336151123,
    "Step 3.1.2.2.2: Reliability assessment (result 1)": 0.0010230541229248047,
    "Step 3.2.2.2.2: Reliability assessment (result 5)": 0.7516050338745117,
    "Step 3.2.2.2.2: Reliability assessment (result 3)": 0.7517004013061523,
    "Step 3.2.2.2.2: Reliability assessment (result 6)": 1.0440378189086914,
    "Step 3.1.2.2.2: Reliability assessment (result 3)": 0.5564291477203369,
    "Step 3.1.2.2.2: Reliability assessment (result 4)": 0.7317302227020264,
    "Step 3.1.2.2.2: Reliability assessment (result 6)": 0.7603859901428223,
    "Step 3.1.2.2.2: Reliability assessment (result 5)": 1.025635004043579,
    "Step 3.1.2.2.2: Reliability assessment (result 2)": 1.0257551670074463,
    "Step 3.1.2.2.3: Content fetching (result 1)": 8.604811191558838,
    "Step 3.1.2.2.3: Content fetching (result 3)": 8.051490068435669,
    "Step 3.1.2.1.3: Content fetching (result 3)": 11.42492389678955,
    "Step 3.1.2.1.3: Content fetching (result 1)": 10.440463066101074,
    "Step 3.1.2.1.3: Content fetching (result 4)": 10.441589832305908,
    "Step 3.1.2.1.3: Content fetching (result 2)": 10.444868803024292,
    "Step 3.3.1: Query generation for claim 3": 20.96458387374878,
    "Step 3.3.2.2.1.1: Google Search API (batch 1)": 0.791330099105835,
    "Step 3.3.2.1.1.1: Google Search API (batch 1)": 1.0140349864959717,
    "Step 3.1.2.1.4: Evidence extraction (result 1)": 3.896934986114502,
    "Step 3.2.2.1.3: Content fetching (result 2)": 14.628249168395996,
    "Step 3.2.2.1.3: Content fetching (result 3)": 14.630008935928345,
    "Step 3.2.2.1.3: Content fetching (result 4)": 14.631463289260864,
    "Step 3.2.2.1.3: Content fetching (result 1)": 14.633381843566895,
    "Step 3.2.2.1.3: Content fetching (result 5)": 14.63533902168274,
    "Step 3.2.2.1.3: Content fetching (result 6)": 14.640264987945557,
    "Step 3.1.2.1.4: Evidence extraction (result 2)": 4.214637756347656,
    "Step 3.1.2.2.4: Evidence extraction (result 1)": 6.717135190963745,
    "Step 3.1.2.2.4: Evidence extraction (result 3)": 7.111202955245972,
    "Step 3.2.2.2.3: Content fetching (result 1)": 17.951199054718018,
    "Step 3.2.2.2.3: Content fetching (result 2)": 17.953153133392334,
    "Step 3.2.2.2.3: Content fetching (result 4)": 17.597606897354126,
    "Step 3.2.2.2.3: Content fetching (result 5)": 17.523319959640503,
    "Step 3.2.2.2.3: Content fetching (result 3)": 17.525641918182373,
    "Step 3.2.2.2.3: Content fetching (result 6)": 17.235126972198486,
    "Step 3.3.2.2.1.2: Google Search API (batch 2)": 0.8885340690612793,
    "Step 3.3.2.2.2: Reliability assessment (result 3)": 0.90525221824646,
    "Step 3.3.2.2.2: Reliability assessment (result 1)": 0.9059603214263916,
    "Step 3.3.2.2.2: Reliability assessment (result 2)": 1.0426180362701416,
    "Step 3.3.2.2.2: Reliability assessment (result 4)": 1.0836689472198486,
    "Step 3.1.2.2.3: Content fetching (result 4)": 27.106133937835693,
    "Step 3.1.2.2.3: Content fetching (result 6)": 27.0799560546875,
    "Step 3.1.2.2.3: Content fetching (result 5)": 26.816440105438232,
    "Step 3.1.2.2.3: Content fetching (result 2)": 26.8178768157959,
    "Step 3.3.2.1.2: Reliability assessment (result 1)": 0.0024907588958740234,
    "Step 3.3.2.1.2: Reliability assessment (result 2)": 0.003590106964111328,
    "Step 3.1.2.1.4: Evidence extraction (result 4)": 18.44045114517212,
    "Step 3.1.2.1.4: Evidence extraction (result 3)": 18.5147967338562,
    "Step 3.1.2: Search execution for claim 1 query 1": 34.97028088569641,
    "Step 3.3.2.1.2: Reliability assessment (result 3)": 1.0334951877593994,
    "Step 3.3.2.1.2: Reliability assessment (result 5)": 1.0715341567993164,
    "Step 3.3.2.2.3: Content fetching (result 3)": 5.574365854263306,
    "Step 3.3.2.2.3: Content fetching (result 1)": 5.575937986373901,
    "Step 3.3.2.2.3: Content fetching (result 2)": 5.440999984741211,
    "Step 3.3.2.2.3: Content fetching (result 4)": 5.401994943618774,
    "Step 3.2.2.1.4: Evidence extraction (result 3)": 18.11547589302063,
    "Step 3.2.2.1.4: Evidence extraction (result 1)": 18.18594717979431,
    "Step 3.2.2.1.4: Evidence extraction (result 4)": 18.36485505104065,
    "Step 3.2.2.1.4: Evidence extraction (result 6)": 18.37419319152832,
    "Step 3.2.2.1.4: Evidence extraction (result 2)": 18.432510137557983,
    "Step 3.2.2.1.4: Evidence extraction (result 5)": 18.514702081680298,
    "Step 3.2.2: Search execution for claim 2 query 1": 39.053551197052,
    "Step 3.3.2.1.3: Content fetching (result 1)": 5.524590969085693,
    "Step 3.3.2.1.3: Content fetching (result 2)": 5.527545213699341,
    "Step 3.3.2.1.3: Content fetching (result 3)": 4.500272035598755,
    "Step 3.3.2.1.3: Content fetching (result 5)": 4.464878797531128,
    "Step 3.2.2.2.4: Evidence extraction (result 2)": 18.093808889389038,
    "Step 3.2.2.2.4: Evidence extraction (result 5)": 18.24914002418518,
    "Step 3.2.2.2.4: Evidence extraction (result 3)": 18.268303871154785,
    "Step 3.2.2.2.4: Evidence extraction (result 4)": 18.326900005340576,
    "Step 3.2.2.2.4: Evidence extraction (result 1)": 18.354968786239624,
    "Step 3.2.2.2.4: Evidence extraction (result 6)": 18.376165866851807,
    "Step 3.2.2: Search execution for claim 2 query 2": 41.85484290122986,
    "Step 3.3.2.1.2: Reliability assessment (result 4)": 10.818084955215454,
    "Step 3.3.2.1.3: Content fetching (result 4)": 5.1411049365997314,
    "Step 3.1.2.2.4: Evidence extraction (result 6)": 18.399177074432373,
    "Step 3.1.2.2.4: Evidence extraction (result 4)": 18.404482126235962,
    "Step 3.1.2.2.4: Evidence extraction (result 5)": 18.546112060546875,
    "Step 3.1.2.2.4: Evidence extraction (result 2)": 18.545106887817383,
    "Step 3.1.2: Search execution for claim 1 query 2": 52.342992067337036,
    "Step 3.3.2.2.4: Evidence extraction (result 4)": 18.12144923210144,
    "Step 3.3.2.2.4: Evidence extraction (result 3)": 20.704088926315308,
    "Step 3.3.2.2.4: Evidence extraction (result 1)": 20.881654977798462,
    "Step 3.3.2.2.4: Evidence extraction (result 2)": 21.07727813720703,
    "Step 3.3.2: Search execution for claim 3 query 2": 37.59421920776367,
    "Step 3.3.2.1.4: Evidence extraction (result 1)": 17.876718282699585,
    "Step 3.3.2.1.4: Evidence extraction (result 3)": 17.93986701965332,
    "Step 3.3.2.1.4: Evidence extraction (result 5)": 18.21681785583496,