{
  "timing": {
    "total_seconds": 41.85235118865967,
    "Step 1: Transcript extraction": 1.2247021198272705,
    "Step 2: Claim extraction": 9.56508493423462,
    "Step 3.1.1: Query generation for claim 1": 2.4173800945281982,
    "Step 3.4.1: Query generation for claim 4": 2.519533157348633,
    "Step 3.2.1: Query generation for claim 2": 2.5211470127105713,
    "Step 3.5.1: Query generation for claim 5": 2.7707009315490723,
    "Step 3.3.1: Query generation for claim 3": 2.9796762466430664,
    "Step 3.2.2.1.1.1: Google Search API (batch 1)": 0.8373918533325195,
    "Step 3.4.2.1.1.1: Google Search API (batch 1)": 0.9837641716003418,
    "Step 3.1.2.2.1.1: Google Search API (batch 1)": 1.0501046180725098,
    "Step 3.5.2.1.1.1: Google Search API (batch 1)": 0.8141119480133057,
    "Step 3.4.2.2.1.1: Google Search API (batch 1)": 1.034275770187378,
    "Step 3.1.2.1.1.1: Google Search API (batch 1)": 1.2135090827941895,
    "Step 3.5.2.2.1.1: Google Search API (batch 1)": 0.8562760353088379,
    "Step 3.2.2.2.1.1: Google Search API (batch 1)": 1.0519061088562012,
    "Step 3.3.2.2.1.1: Google Search API (batch 1)": 0.7657279968261719,
    "Step 3.3.2.1.1.1: Google Search API (batch 1)": 0.8542687892913818,
    "Step 3.1.2.2.2: Reliability assessment (result 1)": 0.3166830539703369,
    "Step 3.1.2.2.2: Reliability assessment (result 2)": 0.3167901039123535,
    "Step 3.1.2.2.2: Reliability assessment (result 3)": 0.31693577766418457,
    "Step 3.1.2.2.2: Reliability assessment (result 4)": 0.3169701099395752,
    "Step 3.1.2.2.2: Reliability assessment (result 5)": 0.3172798156738281,
    "Step 3.2.2.2.2: Reliability assessment (result 1)": 0.0013511180877685547,
    "Step 3.2.2.2.2: Reliability assessment (result 2)": 0.0013930797576904297,
    "Step 3.2.2.2.2: Reliability assessment (result 3)": 0.0014240741729736328,
    "Step 3.2.2.2.2: Reliability assessment (result 4)": 0.001440286636352539,
    "Step 3.1.2.2.2: Reliability assessment (result 6)": 0.9862017631530762,
    "Step 3.1.2.1.2: Reliability assessment (result 1)": 0.32688403129577637,
    "Step 3.1.2.1.2: Reliability assessment (result 2)": 0.3270587921142578,
    "Step 3.1.2.1.2: Reliability assessment (result 3)": 0.32714200019836426,
    "Step 3.1.2.1.2: Reliability assessment (result 4)": 0.32718777656555176,
    "Step 3.1.2.1.2: Reliability assessment (result 5)": 0.3272130489349365,
    "Step 3.2.2.1.2: Reliability assessment (result 1)": 0.32743000984191895,
    "Step 3.2.2.1.2: Reliability assessment (result 2)": 0.3278472423553467,
    "Step 3.2.2.1.2: Reliability assessment (result 3)": 0.3280000686645508,
    "Step 3.2.2.1.2: Reliability assessment (result 4)": 0.32807135581970215,
    "Step 3.4.2.1.2: Reliability assessment (result 1)": 0.3774597644805908,
    "Step 3.4.2.1.2: Reliability assessment (result 2)": 0.3774678707122803,
    "Step 3.4.2.1.2: Reliability assessment (result 4)": 0.37748003005981445,
    "Step 3.2.2.1.2: Reliability assessment (result 5)": 0.704221248626709,
    "Step 3.4.2.1.2: Reliability assessment (result 5)": 0.37750983238220215,
    "Step 3.1.2.1.2: Reliability assessment (result 6)": 0.7043290138244629,
    "Step 3.4.2.1.2: Reliability assessment (result 3)": 0.575775146484375,
    "Step 3.2.2.2.3: Content fetching (result 2)": 6.70095682144165,
    "Step 3.2.2.2.3: Content fetching (result 4)": 6.705298185348511,
    "Step 3.2.2.2.3: Content fetching (result 1)": 6.708313941955566,
    "Step 3.5.2.2.2: Reliability assessment (result 1)": 5.709504127502441,
    "Step 3.5.2.2.2: Reliability assessment (result 2)": 5.709568977355957,
    "Step 3.5.2.2.2: Reliability assessment (result 3)": 5.709613800048828,
    "Step 3.2.2.2.3: Content fetching (result 3)": 7.0819010734558105,
    "Step 3.1.2.2.3: Content fetching (result 2)": 8.451899766921997,
    "Step 3.1.2.2.3: Content fetching (result 1)": 8.454391956329346,
    "Step 3.1.2.2.3: Content fetching (result 5)": 8.45573616027832,
    "Step 3.1.2.2.3: Content fetching (result 3)": 8.458567142486572,
    "Step 3.1.2.2.3: Content fetching (result 6)": 7.79157280921936,
    "Step 3.1.2.2.3: Content fetching (result 4)": 8.463044881820679,
    "Step 3.4.2.1.3: Content fetching (result 1)": 11.389665603637695,
    "Step 3.4.2.1.3: Content fetching (result 2)": 11.39968204498291,
    "Step 3.4.2.2.2: Reliability assessment (result 1)": 5.690457820892334,
    "Step 3.4.2.2.2: Reliability assessment (result 2)": 5.690496921539307,
    "Step 3.4.2.1.3: Content fetching (result 4)": 11.403264045715332,
    "Step 3.4.2.2.2: Reliability assessment (result 4)": 5.693962097167969,
    "Step 3.4.2.1.3: Content fetching (result 5)": 11.406742095947266,
    "Step 3.4.2.1.3: Content fetching (result 3)": 11.212078094482422,
    "Step 3.4.2.2.2: Reliability assessment (result 3)": 6.000669002532959,
    "Step 3.1.2.1.3: Content fetching (result 1)": 12.598243951797485,
    "Step 3.1.2.1.3: Content fetching (result 2)": 12.599939107894897,
    "Step 3.1.2.1.3: Content fetching (result 3)": 12.600863933563232,
    "Step 3.1.2.1.3: Content fetching (result 4)": 12.601892709732056,
    "Step 3.1.2.1.3: Content fetching (result 5)": 12.607187032699585,
    "Step 3.1.2.1.3: Content fetching (result 6)": 12.230533123016357,
    "Step 3.5.2.1.2: Reliability assessment (result 1)": 0.0045642852783203125,
    "Step 3.5.2.1.2: Reliability assessment (result 2)": 0.004578828811645508,
    "Step 3.3.2.1.1.2: Google Search API (batch 2)": 5.254635572433472,
    "Step 3.2.2.2.4: Evidence extraction (result 2)": 7.312845230102539,
    "Step 3.3.2.2.2: Reliability assessment (result 4)": 0.42365479469299316,
    "Step 3.3.2.2.2: Reliability assessment (result 3)": 0.4265317916870117,
    "Step 3.5.2.1.2: Reliability assessment (result 6)": 0.2147839069366455,
    "Step 3.5.2.1.2: Reliability assessment (result 5)": 0.21694517135620117,
    "Step 3.3.2.2.2: Reliability assessment (result 1)": 0.6851320266723633,
    "Step 3.5.2.1.2: Reliability assessment (result 4)": 0.3092329502105713,
    "Step 3.3.2.2.2: Reliability assessment (result 2)": 0.8720519542694092,
    "Step 3.2.2.1.3: Content fetching (result 2)": 13.488023042678833,
    "Step 3.2.2.1.3: Content fetching (result 1)": 13.543398141860962,
    "Step 3.5.2.1.2: Reliability assessment (result 3)": 0.5852327346801758,
    "Step 3.2.2.1.3: Content fetching (result 3)": 13.595291137695312,
    "Step 3.2.2.1.3: Content fetching (result 4)": 13.657675981521606,
    "Step 3.2.2.1.3: Content fetching (result 5)": 13.346674919128418,
    "Step 3.5.2.2.3: Content fetching (result 1)": 7.839191198348999,
    "Step 3.2.2.2.4: Evidence extraction (result 3)": 7.843186855316162,
    "Step 3.5.2.2.3: Content fetching (result 2)": 7.917916297912598,
    "Step 3.4.2.2.3: Content fetching (result 1)": 2.812088966369629,
    "Step 3.4.2.2.3: Content fetching (result 2)": 2.8141331672668457,
    "Step 3.4.2.2.3: Content fetching (result 4)": 2.812309980392456,
    "Step 3.4.2.2.3: Content fetching (result 3)": 2.5075340270996094,
    "Step 3.2.2.2.4: Evidence extraction (result 4)": 8.999537944793701,
    "Step 3.5.2.2.3: Content fetching (result 3)": 9.181798934936523,
    "Step 3.3.2.1.2: Reliability assessment (result 1)": 0.0030677318572998047,
    "Step 3.3.2.1.2: Reliability assessment (result 2)": 0.0033211708068847656,
    "Step 3.1.2.2.4: Evidence extraction (result 5)": 7.8125786781311035,
    "Step 3.5.2.2.4: Evidence extraction (result 2)": 1.268547773361206,
    "Step 3.1.2.1.4: Evidence extraction (result 5)": 2.8203980922698975,
    "Step 3.1.2.1.4: Evidence extraction (result 1)": 2.8818769454956055,
    "Step 3.1.2.1.4: Evidence extraction (result 2)": 2.881862163543701,
    "Step 3.1.2.1.4: Evidence extraction (result 4)": 2.9113337993621826,
    "Step 3.3.2.1.2: Reliability assessment (result 3)": 0.2860732078552246,
    "Step 3.3.2.1.2: Reliability assessment (result 4)": 0.2864997386932373,