{
  "timing": {
    "total_seconds": 80.9496579170227,
    "Step 1: Transcript extraction": 7.164668083190918,
    "Step 2: Claim extraction": 9.370319128036499,
    "Step 3.1.1: Query generation for claim 1": 1.9887030124664307,
    "Step 3.3.1: Query generation for claim 3": 2.10981822013855,
    "Step 3.2.1: Query generation for claim 2": 2.110846996307373,
    "Step 3.4.1: Query generation for claim 4": 2.1099750995635986,
    "Step 3.2.2.1.1.1: Google Search API (batch 1)": 0.9904201030731201,
    "Step 3.4.2.1.1.1: Google Search API (batch 1)": 0.9134011268615723,
    "Step 3.1.2.1.1.1: Google Search API (batch 1)": 1.1651549339294434,
    "Step 3.1.2.2.1.1: Google Search API (batch 1)": 1.1222758293151855,
    "Step 3.3.2.2.1.1: Google Search API (batch 1)": 1.0447149276733398,
    "Step 3.2.2.2.1.1: Google Search API (batch 1)": 1.0871331691741943,
    "Step 3.4.2.2.1.1: Google Search API (batch 1)": 1.0064129829406738,
    "Step 3.3.2.1.1.1: Google Search API (batch 1)": 1.3973610401153564,
    "Step 3.1.2.2.2: Reliability assessment (result 1)": 0.0003490447998046875,
    "Step 3.1.2.2.2: Reliability assessment (result 2)": 0.0004830360412597656,
    "Step 3.1.2.2.2: Reliability assessment (result 3)": 0.0006411075592041016,
    "Step 3.1.2.2.2: Reliability assessment (result 4)": 0.0006551742553710938,
    "Step 3.1.2.2.2: Reliability assessment (result 5)": 0.000659942626953125,
    "Step 3.2.2.1.2: Reliability assessment (result 1)": 0.0005991458892822266,
    "Step 3.2.2.1.2: Reliability assessment (result 2)": 0.0007750988006591797,
    "Step 3.2.2.1.2: Reliability assessment (result 3)": 0.0008921623229980469,
    "Step 3.2.2.1.2: Reliability assessment (result 4)": 0.0011241436004638672,
    "Step 3.2.2.1.2: Reliability assessment (result 5)": 0.9803297519683838,
    "Step 3.4.2.2.2: Reliability assessment (result 1)": 0.34786105155944824,
    "Step 3.4.2.2.2: Reliability assessment (result 2)": 0.34798717498779297,
    "Step 3.4.2.2.2: Reliability assessment (result 3)": 0.34808969497680664,
    "Step 3.2.2.1.2: Reliability assessment (result 6)": 0.9813308715820312,
    "Step 3.4.2.2.2: Reliability assessment (result 5)": 0.34891700744628906,
    "Step 3.4.2.2.2: Reliability assessment (result 4)": 0.34919023513793945,
    "Step 3.2.2.2.2: Reliability assessment (result 1)": 0.3296473026275635,
    "Step 3.2.2.2.2: Reliability assessment (result 2)": 0.3297128677368164,
    "Step 3.2.2.2.2: Reliability assessment (result 3)": 0.32975077629089355,
    "Step 3.2.2.2.2: Reliability assessment (result 5)": 0.44805121421813965,
    "Step 3.2.2.2.2: Reliability assessment (result 4)": 1.1903471946716309,
    "Step 3.2.2.2.3: Content fetching (result 1)": 3.873952865600586,
    "Step 3.2.2.2.3: Content fetching (result 2)": 3.8757669925689697,
    "Step 3.4.2.1.2: Reliability assessment (result 1)": 3.87774920463562,
    "Step 3.4.2.1.2: Reliability assessment (result 2)": 3.8780200481414795,
    "Step 3.4.2.1.2: Reliability assessment (result 3)": 4.677876949310303,
    "Step 3.2.2.2.3: Content fetching (result 3)": 4.871529817581177,
    "Step 3.4.2.1.2: Reliability assessment (result 5)": 4.871838092803955,
    "Step 3.4.2.1.2: Reliability assessment (result 4)": 5.416960000991821,
    "Step 3.2.2.2.3: Content fetching (result 5)": 7.214747905731201,
    "Step 3.1.2.1.2: Reliability assessment (result 1)": 6.4730072021484375,
    "Step 3.1.2.1.2: Reliability assessment (result 2)": 6.47306489944458,
    "Step 3.2.2.2.3: Content fetching (result 4)": 6.474497079849243,
    "Step 3.1.2.1.2: Reliability assessment (result 4)": 6.895071268081665,
    "Step 3.1.2.1.2: Reliability assessment (result 3)": 7.232330083847046,
    "Step 3.1.2.1.2: Reliability assessment (result 5)": 7.679333925247192,
    "Step 3.1.2.2.3: Content fetching (result 1)": 11.81125807762146,
    "Step 3.1.2.2.3: Content fetching (result 3)": 11.813297748565674,
    "Step 3.1.2.2.3: Content fetching (result 2)": 11.815610885620117,
    "Step 3.1.2.2.3: Content fetching (result 4)": 11.818171977996826,
    "Step 3.1.2.2.3: Content fetching (result 5)": 11.820261001586914,
    "Step 3.3.2.1.2: Reliability assessment (result 1)": 3.3123281002044678,
    "Step 3.3.2.1.2: Reliability assessment (result 2)": 4.031498193740845,
    "Step 3.3.2.1.2: Reliability assessment (result 3)": 4.08980393409729,
    "Step 3.3.2.1.2: Reliability assessment (result 5)": 4.511441946029663,
    "Step 3.3.2.1.2: Reliability assessment (result 4)": 4.588320970535278,
    "Step 3.4.2.2.3: Content fetching (result 1)": 11.891658306121826,
    "Step 3.4.2.2.3: Content fetching (result 2)": 11.894541025161743,
    "Step 3.4.2.2.3: Content fetching (result 3)": 11.895925045013428,
    "Step 3.4.2.2.3: Content fetching (result 5)": 11.897237062454224,
    "Step 3.4.2.2.3: Content fetching (result 4)": 11.901304006576538,
    "Step 3.3.2.2.2: Reliability assessment (result 1)": 1.1349408626556396,
    "Step 3.5.1: Query generation for claim 5": 18.769482135772705,
    "Step 3.3.2.2.2: Reliability assessment (result 2)": 2.0067877769470215,
    "Step 3.2.2.1.3: Content fetching (result 1)": 14.233597993850708,
    "Step 3.2.2.1.3: Content fetching (result 4)": 14.235088348388672,
    "Step 3.2.2.1.3: Content fetching (result 2)": 14.237552165985107,
    "Step 3.2.2.1.3: Content fetching (result 3)": 14.239789962768555,
    "Step 3.2.2.1.3: Content fetching (result 5)": 13.263247013092041,
    "Step 3.2.2.1.3: Content fetching (result 6)": 13.264034748077393,
    "Step 3.3.2.2.2: Reliability assessment (result 3)": 2.526447296142578,
    "Step 3.3.2.2.2: Reliability assessment (result 4)": 2.9856529235839844,
    "Step 3.3.2.2.2: Reliability assessment (result 5)": 3.3823530673980713,
    "Step 3.4.2.1.3: Content fetching (result 1)": 14.548353910446167,
    "Step 3.4.2.1.3: Content fetching (result 2)": 14.560219287872314,
    "Step 3.4.2.1.3: Content fetching (result 3)": 13.762882232666016,
    "Step 3.4.2.1.3: Content fetching (result 5)": 13.57219910621643,
    "Step 3.4.2.1.3: Content fetching (result 4)": 13.028850793838501,
    "Step 3.3.2.1.3: Content fetching (result 1)": 8.927436113357544,
    "Step 3.3.2.1.3: Content fetching (result 2)": 8.217499017715454,
    "Step 3.3.2.1.3: Content fetching (result 3)": 8.161170959472656,
    "Step 3.3.2.1.3: Content fetching (result 5)": 7.741696119308472,
    "Step 3.3.2.1.3: Content fetching (result 4)": 7.667162895202637,
    "Step 3.3.2.2.3: Content fetching (result 1)": 7.93115496635437,
    "Step 3.3.2.2.3: Content fetching (result 2)": 7.066164016723633,
    "Step 3.3.2.2.3: Content fetching (result 3)": 6.549142122268677,
    "Step 3.3.2.2.3: Content fetching (result 4)": 6.092335939407349,
    "Step 3.3.2.2.3: Content fetching (result 5)": 5.728013038635254,
    "Step 3.1.2.1.3: Content fetching (result 1)": 13.435375928878784,
    "Step 3.1.2.1.3: Content fetching (result 2)": 13.4374098777771,
    "Step 3.1.2.1.3: Content fetching (result 4)": 13.017208099365234,
    "Step 3.1.2.1.3: Content fetching (result 3)": 12.682094812393188,
    "Step 3.1.2.1.3: Content fetching (result 5)": 12.237052917480469,
    "Step 3.2.2.1.4: Evidence extraction (result 6)": 12.583666801452637,
    "Step 3.2.2.1.4: Evidence extraction (result 5)": 12.635892152786255,
    "Step 3.2.2.1.4: Evidence extraction (result 3)": 12.977355003356934,
    "Step 3.2.2.1.4: Evidence extraction (result 2)": 13.174830913543701,
    "Step 3.2.2.2.4: Evidence extraction (result 1)": 25.754212141036987,
    "Step 3.2.2.2.4: Evidence extraction (result 3)": 24.859129190444946,
    "Step 3.2.2.2.4: Evidence extraction (result 2)": 25.957077026367188,
    "Step 3.4.2.2.4: Evidence extraction (result 1)": 19.43374514579773,
    "Step 3.4.2.2.4: Evidence extraction (result 3)": 19.439804792404175,
    "Step 3.4.2.2.4: Evidence extraction (result 5)": 19.457958936691284,
    "Step 3.4.2.2.4: Evidence extraction (result 2)": 19.58733296394348,