{
  "timing": {
    "total_seconds": 104.28161787986755,
    "Step 1: Transcript extraction": 1.2885448932647705,
    "Step 2: Claim extraction": 16.822515964508057,
    "Step 3.1.1: Query generation for claim 1": 2.5250790119171143,
    "Step 3.1.2.1.1.1: Google Search API (batch 1)": 1.383100986480713,
    "Step 3.1.2.2.1.1: Google Search API (batch 1)": 1.3413269519805908,
    "Step 3.1.2.1.2: Reliability assessment (result 1)": 0.0004677772521972656,
    "Step 3.1.2.1.2: Reliability assessment (result 2)": 0.0004668235778808594,
    "Step 3.1.2.2.2: Reliability assessment (result 1)": 0.0005018711090087891,
    "Step 3.1.2.2.2: Reliability assessment (result 3)": 0.0005359649658203125,
    "Step 3.1.2.1.2: Reliability assessment (result 4)": 0.5522608757019043,
    "Step 3.1.2.1.2: Reliability assessment (result 5)": 0.7192530632019043,
    "Step 3.1.2.1.2: Reliability assessment (result 3)": 0.9937469959259033,
    "Step 3.1.2.2.2: Reliability assessment (result 5)": 0.6069939136505127,
    "Step 3.1.2.2.2: Reliability assessment (result 2)": 1.0000441074371338,
    "Step 3.1.2.2.2: Reliability assessment (result 4)": 1.0067641735076904,
    "Step 3.1.2.1.3: Content fetching (result 1)": 23.193604230880737,
    "Step 3.1.2.1.3: Content fetching (result 2)": 23.198617935180664,
    "Step 3.1.2.1.3: Content fetching (result 4)": 22.65317988395691,
    "Step 3.1.2.1.3: Content fetching (result 5)": 22.491305351257324,
    "Step 3.1.2.1.3: Content fetching (result 3)": 22.222089290618896,
    "Step 3.1.2.1.4: Evidence extraction (result 2)": 1.145522117614746,
    "Step 3.1.2.1.4: Evidence extraction (result 4)": 2.3899240493774414,
    "Step 3.1.2.1.4: Evidence extraction (result 5)": 2.995812177658081,
    "Step 3.1.2.1.4: Evidence extraction (result 3)": 3.4393198490142822,
    "Step 3.1.2.1.4: Evidence extraction (result 1)": 3.8970189094543457,
    "Step 3.1.2: Search execution for claim 1 query 1": 32.599815130233765,
    "Step 3.1.2.2.3: Content fetching (result 2)": 34.60842704772949,
    "Step 3.1.2.2.3: Content fetching (result 1)": 37.53790998458862,
    "Step 3.1.2.2.3: Content fetching (result 3)": 37.54295492172241,
    "Step 3.1.2.2.3: Content fetching (result 4)": 36.542142152786255,
    "Step 3.1.2.2.3: Content fetching (result 5)": 36.947027921676636,
    "Step 3.1.2.2.4: Evidence extraction (result 2)": 2.500718116760254,
    "Step 3.1.2.2.4: Evidence extraction (result 1)": 10.073724269866943,
    "Step 3.1.2.2.4: Evidence extraction (result 4)": 10.305499792098999,
    "Step 3.1.2.2.4: Evidence extraction (result 5)": 11.344139099121094,
    "Step 3.1.2.2.4: Evidence extraction (result 3)": 18.33071804046631,
    "Step 3.1.2: Search execution for claim 1 query 2": 61.71959328651428,
    "Step 3.1.3: Verdict generation for claim 1": 21.673290014266968,
    "Step 3: Query generation + search + verdicts for all claims (PARALLEL)": 86.00026321411133,
    "Step 4: Sort and assemble final output": 0.0002028942108154297
  },
  "llm": {
    "total_calls": 12,
    "total_cost_usd": 0.0017796,
    "total_latency_seconds": 82.64
  },
  "claims_extracted": 1,
  "success": true,
  "error": null
}
