{
  "timing": {
    "total_seconds": 47.30386185646057,
    "Step 1: Transcript extraction": 1.3197572231292725,
    "Step 2: Claim extraction": 17.74733304977417,
    "Step 3.1.1: Query generation for claim 1": 2.4356508255004883,
    "Step 3.1.2.1.1.1: Google Search API (batch 1)": 1.0083858966827393,
    "Step 3.1.2.2.1.1: Google Search API (batch 1)": 0.9882009029388428,
    "Step 3.1.2.2.2: Reliability assessment (result 1)": 0.0003781318664550781,
    "Step 3.1.2.2.2: Reliability assessment (result 2)": 0.0004000663757324219,
    "Step 3.1.2.2.2: Reliability assessment (result 3)": 0.0005450248718261719,
    "Step 3.1.2.2.2: Reliability assessment (result 4)": 0.0005676746368408203,
    "Step 3.1.2.2.2: Reliability assessment (result 6)": 0.0005707740783691406,
    "Step 3.1.2.2.2: Reliability assessment (result 5)": 0.893211841583252,
    "Step 3.1.2.1.2: Reliability assessment (result 1)": 0.000514984130859375,
    "Step 3.1.2.1.2: Reliability assessment (result 2)": 0.0006279945373535156,
    "Step 3.1.2.1.2: Reliability assessment (result 5)": 0.47887206077575684,
    "Step 3.1.2.1.2: Reliability assessment (result 4)": 0.4805281162261963,
    "Step 3.1.2.1.2: Reliability assessment (result 3)": 0.8733532428741455,
    "Step 3.1.2.1.2: Reliability assessment (result 6)": 0.8739120960235596,
    "Step 3.1.2.1.3: Content fetching (result 1)": 10.932772159576416,
    "Step 3.1.2.1.3: Content fetching (result 2)": 10.935094118118286,
    "Step 3.1.2.1.3: Content fetching (result 5)": 10.457099199295044,
    "Step 3.1.2.1.3: Content fetching (result 4)": 10.458261966705322,
    "Step 3.1.2.1.3: Content fetching (result 3)": 10.067519187927246,
    "Step 3.1.2.1.3: Content fetching (result 6)": 10.068971633911133,
    "Step 3.1.2.1.4: Evidence extraction (result 4)": 2.110010862350464,
    "Step 3.1.2.1.4: Evidence extraction (result 1)": 2.2588438987731934,
    "Step 3.1.2.1.4: Evidence extraction (result 6)": 2.4038758277893066,
    "Step 3.1.2.1.4: Evidence extraction (result 5)": 2.4216597080230713,
    "Step 3.1.2.1.4: Evidence extraction (result 3)": 2.8075709342956543,
    "Step 3.1.2.1.4: Evidence extraction (result 2)": 4.0701751708984375,
    "Step 3.1.2: Search execution for claim 1 query 1": 19.616530895233154,
    "Step 3.1.2.2.3: Content fetching (result 1)": 17.310613870620728,
    "Step 3.1.2.2.3: Content fetching (result 2)": 17.312545776367188,
    "Step 3.1.2.2.3: Content fetching (result 6)": 17.31404972076416,
    "Step 3.1.2.2.3: Content fetching (result 3)": 17.316174030303955,
    "Step 3.1.2.2.3: Content fetching (result 4)": 17.31809711456299,
    "Step 3.1.2.2.3: Content fetching (result 5)": 16.427053213119507,
    "Step 3.1.2.2.4: Evidence extraction (result 4)": 2.250577926635742,
    "Step 3.1.2.2.4: Evidence extraction (result 1)": 2.260869264602661,
    "Step 3.1.2.2.4: Evidence extraction (result 5)": 2.762554168701172,
    "Step 3.1.2.2.4: Evidence extraction (result 6)": 2.7721939086914062,
    "Step 3.1.2.2.4: Evidence extraction (result 3)": 2.988640069961548,
    "Step 3.1.2.2.4: Evidence extraction (result 2)": 3.513806104660034,
    "Step 3.1.2: Search execution for claim 1 query 2": 23.56584596633911,
    "Step 3.1.3: Verdict generation for claim 1": 1.8932838439941406,
    "Step 3: Query generation + search + verdicts for all claims (PARALLEL)": 27.96907091140747,
    "Step 4: Sort and assemble final output": 0.0010037422180175781
  },
  "llm": {
    "total_calls": 15,
    "total_cost_usd": 0.0045978,
    "total_latency_seconds": 47.32
  },
  "claims_extracted": 1,
  "success": true,
  "error": null
}
