{
  "timing": {
    "total_seconds": 108.81700587272644,
    "Step 1: Transcript extraction": 1.171241044998169,
    "Step 2: Claim extraction": 29.459142208099365,
    "Step 3.7.1: Query generation for claim 7": 2.5492799282073975,
    "Step 3.6.1: Query generation for claim 6": 2.674793004989624,
    "Step 3.1.1: Query generation for claim 1": 2.6792850494384766,
    "Step 3.4.1: Query generation for claim 4": 2.843602180480957,
    "Step 3.3.1: Query generation for claim 3": 2.8446309566497803,
    "Step 3.6.2.1.1.1: Google Search API (batch 1)": 1.3774399757385254,
    "Step 3.4.2.1.1.1: Google Search API (batch 1)": 1.219223976135254,
    "Step 3.4.2.2.1.1: Google Search API (batch 1)": 1.1783459186553955,
    "Step 3.1.2.2.1.1: Google Search API (batch 1)": 1.264375925064087,
    "Step 3.3.2.2.1.1: Google Search API (batch 1)": 1.098992109298706,
    "Step 3.1.2.1.1.1: Google Search API (batch 1)": 1.3342032432556152,
    "Step 3.7.2.1.1.1: Google Search API (batch 1)": 1.5310349464416504,
    "Step 3.6.2.2.1.1: Google Search API (batch 1)": 1.5110118389129639,
    "Step 3.3.2.1.1.1: Google Search API (batch 1)": 1.5980000495910645,
    "Step 3.7.2.2.1.1: Google Search API (batch 1)": 2.377537965774536,
    "Step 3.6.2.1.2: Reliability assessment (result 2)": 0.0003287792205810547,
    "Step 3.6.2.1.2: Reliability assessment (result 3)": 0.001129150390625,
    "Step 3.6.2.1.2: Reliability assessment (result 4)": 0.0012111663818359375,
    "Step 3.6.2.1.2: Reliability assessment (result 5)": 0.0014300346374511719,
    "Step 3.6.2.1.2: Reliability assessment (result 1)": 0.63385009765625,
    "Step 3.1.2.1.2: Reliability assessment (result 2)": 0.31847286224365234,
    "Step 3.1.2.1.2: Reliability assessment (result 3)": 0.31800317764282227,
    "Step 3.1.2.1.2: Reliability assessment (result 5)": 0.31819605827331543,
    "Step 3.4.2.2.2: Reliability assessment (result 2)": 0.0011150836944580078,
    "Step 3.4.2.2.2: Reliability assessment (result 4)": 0.0012049674987792969,
    "Step 3.4.2.2.2: Reliability assessment (result 3)": 0.24575304985046387,
    "Step 3.4.2.2.2: Reliability assessment (result 6)": 0.25190019607543945,
    "Step 3.4.2.2.2: Reliability assessment (result 5)": 0.617077112197876,
    "Step 3.1.2.1.2: Reliability assessment (result 4)": 0.9347100257873535,
    "Step 3.1.2.1.2: Reliability assessment (result 6)": 0.9347679615020752,
    "Step 3.7.2.1.2: Reliability assessment (result 1)": 0.0007669925689697266,
    "Step 3.7.2.1.2: Reliability assessment (result 3)": 0.0007910728454589844,
    "Step 3.1.2.1.2: Reliability assessment (result 1)": 1.3074967861175537,
    "Step 3.4.2.2.2: Reliability assessment (result 1)": 1.0976698398590088,
    "Step 3.7.2.1.2: Reliability assessment (result 2)": 1.1273701190948486,
    "Step 3.7.2.1.2: Reliability assessment (result 4)": 1.1273789405822754,
    "Step 3.7.2.1.3: Content fetching (result 1)": 6.33441686630249,
    "Step 3.7.2.2.2: Reliability assessment (result 1)": 5.963485956192017,
    "Step 3.7.2.1.3: Content fetching (result 3)": 6.336565017700195,
    "Step 3.7.2.2.2: Reliability assessment (result 3)": 6.576103925704956,
    "Step 3.7.2.2.2: Reliability assessment (result 4)": 6.576170921325684,
    "Step 3.7.2.2.2: Reliability assessment (result 2)": 7.0541582107543945,
    "Step 3.6.2.1.3: Content fetching (result 2)": 9.891043186187744,
    "Step 3.6.2.1.3: Content fetching (result 3)": 9.892247200012207,
    "Step 3.6.2.1.3: Content fetching (result 5)": 9.89387583732605,
    "Step 3.3.2.1.2: Reliability assessment (result 3)": 7.517770290374756,
    "Step 3.3.2.1.2: Reliability assessment (result 4)": 7.5177857875823975,
    "Step 3.6.2.1.3: Content fetching (result 4)": 9.895933866500854,
    "Step 3.6.2.1.3: Content fetching (result 1)": 9.265944004058838,
    "Step 3.1.2.2.2: Reliability assessment (result 1)": 7.324190855026245,
    "Step 3.3.2.1.2: Reliability assessment (result 2)": 8.113616228103638,
    "Step 3.3.2.1.2: Reliability assessment (result 5)": 8.14763593673706,
    "Step 3.4.2.2.3: Content fetching (result 2)": 10.028635025024414,
    "Step 3.4.2.2.3: Content fetching (result 4)": 10.030434131622314,
    "Step 3.4.2.2.3: Content fetching (result 3)": 9.788072109222412,
    "Step 3.4.2.2.3: Content fetching (result 6)": 9.786001920700073,
    "Step 3.4.2.2.3: Content fetching (result 5)": 9.422939777374268,
    "Step 3.4.2.2.3: Content fetching (result 1)": 8.944862842559814,
    "Step 3.3.2.2.2: Reliability assessment (result 4)": 6.1891138553619385,
    "Step 3.3.2.1.2: Reliability assessment (result 1)": 8.520573139190674,
    "Step 3.3.2.2.2: Reliability assessment (result 5)": 6.424106121063232,
    "Step 3.3.2.2.2: Reliability assessment (result 2)": 6.42549991607666,
    "Step 3.3.2.2.2: Reliability assessment (result 1)": 6.429987907409668,
    "Step 3.1.2.2.2: Reliability assessment (result 3)": 8.280266046524048,
    "Step 3.1.2.2.2: Reliability assessment (result 4)": 8.310669183731079,
    "Step 3.3.2.2.2: Reliability assessment (result 6)": 6.700663805007935,
    "Step 3.3.2.2.2: Reliability assessment (result 3)": 7.111090898513794,
    "Step 3.1.2.2.2: Reliability assessment (result 5)": 8.77553105354309,
    "Step 3.2.1: Query generation for claim 2": 17.96287703514099,
    "Step 3.5.1: Query generation for claim 5": 17.96063208580017,
    "Step 3.1.2.2.2: Reliability assessment (result 2)": 9.450011968612671,
    "Step 3.1.2.2.3: Content fetching (result 1)": 2.9036638736724854,
    "Step 3.3.2.2.3: Content fetching (result 4)": 3.1822211742401123,
    "Step 3.1.2.1.3: Content fetching (result 2)": 13.5365309715271,
    "Step 3.1.2.1.3: Content fetching (result 3)": 14.931027889251709,
    "Step 3.1.2.1.3: Content fetching (result 5)": 14.933281183242798,
    "Step 3.1.2.1.3: Content fetching (result 4)": 14.318466186523438,
    "Step 3.1.2.1.3: Content fetching (result 6)": 14.32266902923584,
    "Step 3.1.2.1.3: Content fetching (result 1)": 13.952894926071167,
    "Step 3.6.2.2.2: Reliability assessment (result 1)": 5.611793279647827,
    "Step 3.6.2.2.2: Reliability assessment (result 2)": 5.611830949783325,
    "Step 3.6.2.2.2: Reliability assessment (result 3)": 6.859445095062256,
    "Step 3.6.2.2.2: Reliability assessment (result 4)": 8.242423057556152,
    "Step 3.7.2.1.3: Content fetching (result 2)": 17.535035133361816,
    "Step 3.7.2.1.3: Content fetching (result 4)": 17.5376079082489,
    "Step 3.6.2.2.2: Reliability assessment (result 5)": 9.091754913330078,
    "Step 3.6.2.2.2: Reliability assessment (result 6)": 9.189929962158203,
    "Step 3.7.2.2.3: Content fetching (result 1)": 13.566314220428467,
    "Step 3.7.2.2.3: Content fetching (result 3)": 12.95931601524353,
    "Step 3.7.2.2.3: Content fetching (result 4)": 12.959929943084717,
    "Step 3.7.2.2.3: Content fetching (result 2)": 12.482837915420532,
    "Step 3.3.2.2.3: Content fetching (result 5)": 10.667081117630005,
    "Step 3.3.2.2.3: Content fetching (result 2)": 10.668063163757324,
    "Step 3.3.2.2.3: Content fetching (result 1)": 10.665531873703003,
    "Step 3.3.2.2.3: Content fetching (result 6)": 10.396788835525513,
    "Step 3.4.2.1.2: Reliability assessment (result 2)": 0.43281006813049316,
    "Step 3.4.2.1.2: Reliability assessment (result 3)": 0.4328572750091553,
    "Step 3.4.2.1.2: Reliability assessment (result 4)": 0.4328958988189697,
    "Step 3.3.2.2.3: Content fetching (result 3)": 9.990738153457642,
    "Step 3.4.2.1.2: Reliability assessment (result 6)": 1.2719218730926514,
    "Step 3.4.2.1.2: Reliability assessment (result 1)": 1.5770046710968018,
    "Step 3.4.2.1.2: Reliability assessment (result 5)": 1.7083730697631836,
    "Step 3.1.2.2.3: Content fetching (result 3)": 13.8822500705719,
    "Step 3.1.2.2.3: Content fetching (result 4)": 13.857877969741821,
    "Step 3.1.2.2.3: Content fetching (result 5)": 13.395563125610352,
    "Step 3.1.2.2.3: Content fetching (result 2)": 12.722965002059937,