{
  "timing": {
    "total_seconds": 64.09621810913086,
    "Step 1: Transcript extraction": 1.3564941883087158,
    "Step 2: Claim extraction": 9.40054702758789,
    "Step 3.1.1: Query generation for claim 1": 2.765825033187866,
    "Step 3.1.2.1.1.1: Google Search API (batch 1)": 1.046792984008789,
    "Step 3.1.2.2.1.1: Google Search API (batch 1)": 1.0057299137115479,
    "Step 3.1.2.1.2: Reliability assessment (result 1)": 0.00022912025451660156,
    "Step 3.1.2.2.2: Reliability assessment (result 5)": 0.0005030632019042969,
    "Step 3.1.2.1.2: Reliability assessment (result 4)": 0.4227139949798584,
    "Step 3.1.2.2.2: Reliability assessment (result 3)": 0.28447628021240234,
    "Step 3.1.2.1.2: Reliability assessment (result 2)": 0.755241870880127,
    "Step 3.1.2.2.2: Reliability assessment (result 4)": 0.6852321624755859,
    "Step 3.1.2.2.2: Reliability assessment (result 1)": 0.805264949798584,
    "Step 3.1.2.1.3: Content fetching (result 1)": 4.87306809425354,
    "Step 3.1.2.1.3: Content fetching (result 4)": 4.452879190444946,
    "Step 3.1.2.1.3: Content fetching (result 2)": 4.121058702468872,
    "Step 3.1.2.2.3: Content fetching (result 5)": 4.944899082183838,
    "Step 3.1.2.2.3: Content fetching (result 3)": 4.662798166275024,
    "Step 3.1.2.2.3: Content fetching (result 4)": 4.263943195343018,
    "Step 3.1.2.2.3: Content fetching (result 1)": 4.146859884262085,
    "Step 3.1.2.1.4: Evidence extraction (result 2)": 2.385565757751465,
    "Step 3.1.2.2.4: Evidence extraction (result 1)": 2.4282970428466797,
    "Step 3.1.2.2.4: Evidence extraction (result 5)": 2.5686919689178467,
    "Step 3.1.2.1.4: Evidence extraction (result 1)": 3.1453969478607178,
    "Step 3.1.2.1.4: Evidence extraction (result 4)": 3.423631191253662,
    "Step 3.1.2.2.4: Evidence extraction (result 4)": 4.060351133346558,
    "Step 3.1.2.2.4: Evidence extraction (result 3)": 4.0822858810424805,
    "Step 3.1.2.1.2: Reliability assessment (result 3)": 10.423436164855957,
    "Step 3.1.2.2.2: Reliability assessment (result 2)": 10.440412998199463,
    "Step 3.1.2.1.3: Content fetching (result 3)": 20.005548000335693,
    "Step 3.1.2.2.3: Content fetching (result 2)": 20.020577907562256,
    "Step 3.1.2.2.4: Evidence extraction (result 2)": 2.11087703704834,
    "Step 3.1.2: Search execution for claim 1 query 2": 47.718629121780396,
    "Step 3.1.2.1.4: Evidence extraction (result 3)": 3.355337142944336,
    "Step 3.1.2: Search execution for claim 1 query 1": 48.68393397331238,
    "Step 3.1.3: Verdict generation for claim 1": 1.6774609088897705,
    "Step 3: Query generation + search + verdicts for all claims (PARALLEL)": 53.128252029418945,
    "Step 4: Sort and assemble final output": 5.4836273193359375e-05
  },
  "llm": {
    "total_calls": 12,
    "total_cost_usd": 0.0020148,
    "total_latency_seconds": 40.17
  },
  "claims_extracted": 1,
  "success": true,
  "error": null
}
