{
  "timing": {
    "total_seconds": 57.38600277900696,
    "Step 1: Transcript extraction": 6.365056991577148,
    "Step 2: Claim extraction": 7.394378900527954,
    "Step 3.2.1: Query generation for claim 2": 1.7835519313812256,
    "Step 3.3.1: Query generation for claim 3": 2.5794599056243896,
    "Step 3.1.1: Query generation for claim 1": 2.705493927001953,
    "Step 3.2.2.2.1.1: Google Search API (batch 1)": 0.8036818504333496,
    "Step 3.2.2.1.1.1: Google Search API (batch 1)": 0.9390549659729004,
    "Step 3.1.2.1.1.1: Google Search API (batch 1)": 0.810603141784668,
    "Step 3.1.2.2.1.1: Google Search API (batch 1)": 0.801645040512085,
    "Step 3.3.2.2.1.1: Google Search API (batch 1)": 0.893543004989624,
    "Step 3.3.2.1.1.1: Google Search API (batch 1)": 1.0483341217041016,
    "Step 3.3.2.2.2: Reliability assessment (result 1)": 0.33936405181884766,
    "Step 3.3.2.2.2: Reliability assessment (result 2)": 0.3393990993499756,
    "Step 3.3.2.1.2: Reliability assessment (result 1)": 0.31488680839538574,
    "Step 3.3.2.1.2: Reliability assessment (result 2)": 0.31543421745300293,
    "Step 3.2.2.2.2: Reliability assessment (result 2)": 0.0008299350738525391,
    "Step 3.2.2.2.2: Reliability assessment (result 3)": 0.0010378360748291016,
    "Step 3.2.2.2.2: Reliability assessment (result 5)": 0.001194000244140625,
    "Step 3.3.2.2.2: Reliability assessment (result 3)": 0.6840567588806152,
    "Step 3.1.2.1.2: Reliability assessment (result 2)": 0.36856985092163086,
    "Step 3.1.2.1.2: Reliability assessment (result 6)": 0.3686830997467041,
    "Step 3.3.2.1.2: Reliability assessment (result 3)": 1.2463858127593994,
    "Step 3.1.2.1.2: Reliability assessment (result 3)": 0.36887025833129883,
    "Step 3.2.2.2.2: Reliability assessment (result 6)": 0.9323599338531494,
    "Step 3.2.2.2.2: Reliability assessment (result 4)": 0.9326179027557373,
    "Step 3.2.2.2.2: Reliability assessment (result 1)": 0.9327619075775146,
    "Step 3.2.2.1.2: Reliability assessment (result 3)": 0.0010988712310791016,
    "Step 3.1.2.1.2: Reliability assessment (result 4)": 0.5225920677185059,
    "Step 3.2.2.1.2: Reliability assessment (result 1)": 0.20922303199768066,
    "Step 3.2.2.1.2: Reliability assessment (result 5)": 0.21216773986816406,
    "Step 3.1.2.1.2: Reliability assessment (result 5)": 0.6128749847412109,
    "Step 3.2.2.1.2: Reliability assessment (result 2)": 0.43404102325439453,
    "Step 3.1.2.1.2: Reliability assessment (result 1)": 0.8989720344543457,
    "Step 3.3.2.2.3: Content fetching (result 1)": 1.9748129844665527,
    "Step 3.3.2.2.3: Content fetching (result 2)": 1.9776537418365479,
    "Step 3.3.2.2.3: Content fetching (result 3)": 1.6358489990234375,
    "Step 3.2.2.1.2: Reliability assessment (result 4)": 0.9018549919128418,
    "Step 3.1.2.1.3: Content fetching (result 2)": 3.8374440670013428,
    "Step 3.1.2.1.3: Content fetching (result 6)": 3.840456008911133,
    "Step 3.1.2.1.3: Content fetching (result 3)": 3.8426103591918945,
    "Step 3.1.2.1.3: Content fetching (result 4)": 3.692107915878296,
    "Step 3.1.2.1.3: Content fetching (result 5)": 3.6062119007110596,
    "Step 3.3.2.1.3: Content fetching (result 1)": 5.014671802520752,
    "Step 3.3.2.1.3: Content fetching (result 2)": 5.016301155090332,
    "Step 3.3.2.1.3: Content fetching (result 3)": 4.087363243103027,
    "Step 3.3.2.2.4: Evidence extraction (result 3)": 3.937838077545166,
    "Step 3.3.2.2.4: Evidence extraction (result 1)": 4.355547904968262,
    "Step 3.3.2.2.4: Evidence extraction (result 2)": 4.441617012023926,
    "Step 3.3.2: Search execution for claim 3 query 2": 9.966663837432861,
    "Step 3.2.2.2.3: Content fetching (result 2)": 8.638864755630493,
    "Step 3.2.2.2.3: Content fetching (result 5)": 8.640519857406616,
    "Step 3.2.2.2.3: Content fetching (result 3)": 8.64224100112915,
    "Step 3.2.2.2.3: Content fetching (result 6)": 7.71255898475647,
    "Step 3.2.2.2.3: Content fetching (result 4)": 7.714453935623169,
    "Step 3.2.2.2.3: Content fetching (result 1)": 7.716490030288696,
    "Step 3.3.2.1.4: Evidence extraction (result 3)": 4.655334234237671,
    "Step 3.1.2.1.4: Evidence extraction (result 6)": 5.22001576423645,
    "Step 3.1.2.1.4: Evidence extraction (result 3)": 5.501742839813232,
    "Step 3.1.2.1.4: Evidence extraction (result 2)": 5.561366081237793,
    "Step 3.3.2.1.4: Evidence extraction (result 2)": 5.483777046203613,
    "Step 3.1.2.1.3: Content fetching (result 1)": 9.161057949066162,
    "Step 3.2.2.2.4: Evidence extraction (result 1)": 2.003051996231079,
    "Step 3.1.2.1.4: Evidence extraction (result 4)": 5.928834915161133,
    "Step 3.3.2.1.4: Evidence extraction (result 1)": 5.965814113616943,
    "Step 3.3.2: Search execution for claim 3 query 1": 14.95484709739685,
    "Step 3.2.2.2.4: Evidence extraction (result 2)": 2.465211868286133,
    "Step 3.2.2.2.4: Evidence extraction (result 5)": 2.468143939971924,
    "Step 3.1.2.1.4: Evidence extraction (result 5)": 6.710822105407715,
    "Step 3.2.2.2.4: Evidence extraction (result 3)": 2.9223716259002686,
    "Step 3.2.2.2.4: Evidence extraction (result 6)": 3.2493948936462402,
    "Step 3.1.2.2.2: Reliability assessment (result 1)": 0.0015869140625,
    "Step 3.2.2.2.4: Evidence extraction (result 4)": 3.8996939659118652,
    "Step 3.1.2.2.2: Reliability assessment (result 6)": 0.0030426979064941406,
    "Step 3.2.2: Search execution for claim 2 query 2": 17.229357957839966,
    "Step 3.1.2.2.2: Reliability assessment (result 4)": 0.8305559158325195,
    "Step 3.1.2.2.2: Reliability assessment (result 2)": 1.0190253257751465,
    "Step 3.1.2.2.2: Reliability assessment (result 3)": 1.029325008392334,
    "Step 3.1.2.1.4: Evidence extraction (result 1)": 3.1896722316741943,
    "Step 3.1.2: Search execution for claim 1 query 1": 17.64745807647705,
    "Step 3.3.3: Verdict generation for claim 3": 2.8154640197753906,
    "Step 3.2.2.1.3: Content fetching (result 1)": 21.476895093917847,
    "Step 3.1.2.2.2: Reliability assessment (result 5)": 10.372856140136719,
    "Step 3.2.2.1.4: Evidence extraction (result 1)": 2.2669179439544678,
    "Step 3.2.2.1.3: Content fetching (result 3)": 24.007670879364014,
    "Step 3.2.2.1.3: Content fetching (result 5)": 23.802666902542114,
    "Step 3.2.2.1.3: Content fetching (result 2)": 23.582907676696777,
    "Step 3.2.2.1.3: Content fetching (result 4)": 23.117069721221924,
    "Step 3.1.2.2.3: Content fetching (result 1)": 13.422835111618042,
    "Step 3.1.2.2.3: Content fetching (result 6)": 13.42305588722229,
    "Step 3.1.2.2.3: Content fetching (result 4)": 12.597425937652588,
    "Step 3.1.2.2.3: Content fetching (result 2)": 12.413908958435059,
    "Step 3.1.2.2.3: Content fetching (result 3)": 12.405587911605835,
    "Step 3.1.2.2.3: Content fetching (result 5)": 3.0638163089752197,
    "Step 3.2.2.1.4: Evidence extraction (result 4)": 2.2263269424438477,
    "Step 3.2.2.1.4: Evidence extraction (result 5)": 2.519831895828247,
    "Step 3.2.2.1.4: Evidence extraction (result 3)": 3.88236403465271,
    "Step 3.2.2.1.4: Evidence extraction (result 2)": 4.5680811405181885,
    "Step 3.2.2: Search execution for claim 2 query 1": 34.280661821365356,
    "Step 3.1.2.2.4: Evidence extraction (result 1)": 4.567829847335815,
    "Step 3.1.2.2.4: Evidence extraction (result 5)": 4.963866233825684,
    "Step 3.1.2.2.4: Evidence extraction (result 6)": 5.370128870010376,
    "Step 3.2.3: Verdict generation for claim 2": 2.391690969467163,
    "Step 3.1.2.2.4: Evidence extraction (result 2)": 6.639059782028198,
    "Step 3.1.2.2.4: Evidence extraction (result 4)": 6.853485107421875,
    "Step 3.1.2.2.4: Evidence extraction (result 3)": 7.423211097717285,
    "Step 3.1.2: Search execution for claim 1 query 2": 37.22280311584473,
    "Step 3.1.3: Verdict generation for claim 1": 3.553493022918701,
    "Step 3: Query generation + search + verdicts for all claims (PARALLEL)": 43.526461124420166,