{
  "timing": {
    "total_seconds": 75.55640816688538,
    "Step 1: Transcript extraction": 1.54068922996521,
    "Step 2: Claim extraction": 6.057415962219238,
    "Step 3.3.1: Query generation for claim 3": 1.6803429126739502,
    "Step 3.1.1: Query generation for claim 1": 1.7917370796203613,
    "Step 3.4.1: Query generation for claim 4": 1.8756988048553467,
    "Step 3.6.1: Query generation for claim 6": 1.8738417625427246,
    "Step 3.2.1: Query generation for claim 2": 1.8777289390563965,
    "Step 3.5.1: Query generation for claim 5": 1.8750860691070557,
    "Step 3.7.1: Query generation for claim 7": 2.2089319229125977,
    "Step 3.2.2.2.1.1: Google Search API (batch 1)": 1.0986790657043457,
    "Step 3.3.2.1.1.1: Google Search API (batch 1)": 1.4878430366516113,
    "Step 3.1.2.1.1.1: Google Search API (batch 1)": 1.4018969535827637,
    "Step 3.2.2.1.1.1: Google Search API (batch 1)": 1.1500771045684814,
    "Step 3.3.2.2.1.1: Google Search API (batch 1)": 1.4462800025939941,
    "Step 3.1.2.2.1.1: Google Search API (batch 1)": 1.3690001964569092,
    "Step 3.4.2.2.1.1: Google Search API (batch 1)": 1.282485008239746,
    "Step 3.5.2.1.1.1: Google Search API (batch 1)": 1.076333999633789,
    "Step 3.4.2.1.1.1: Google Search API (batch 1)": 1.3283400535583496,
    "Step 3.7.2.1.1.1: Google Search API (batch 1)": 0.9933881759643555,
    "Step 3.7.2.2.1.1: Google Search API (batch 1)": 0.9524660110473633,
    "Step 3.6.2.1.1.1: Google Search API (batch 1)": 1.248979091644287,
    "Step 3.6.2.2.1.1: Google Search API (batch 1)": 1.2332701683044434,
    "Step 3.5.2.2.1.1: Google Search API (batch 1)": 1.3794660568237305,
    "Step 3.2.2.1.2: Reliability assessment (result 1)": 0.9615478515625,
    "Step 3.2.2.1.2: Reliability assessment (result 2)": 0.961688756942749,
    "Step 3.2.2.1.2: Reliability assessment (result 4)": 0.960913896560669,
    "Step 3.6.2.2.2: Reliability assessment (result 2)": 0.9616179466247559,
    "Step 3.6.2.2.2: Reliability assessment (result 3)": 0.9618592262268066,
    "Step 3.6.2.2.2: Reliability assessment (result 4)": 0.962000846862793,
    "Step 3.6.2.2.2: Reliability assessment (result 1)": 0.9621951580047607,
    "Step 3.4.2.1.2: Reliability assessment (result 2)": 0.32613396644592285,
    "Step 3.4.2.1.2: Reliability assessment (result 3)": 0.3262763023376465,
    "Step 3.3.2.1.2: Reliability assessment (result 1)": 0.3263552188873291,
    "Step 3.3.2.1.2: Reliability assessment (result 3)": 0.3265678882598877,
    "Step 3.1.2.1.2: Reliability assessment (result 2)": 0.32654690742492676,
    "Step 3.1.2.1.2: Reliability assessment (result 4)": 0.3267481327056885,
    "Step 3.6.2.2.2: Reliability assessment (result 5)": 1.28731107711792,
    "Step 3.2.2.1.2: Reliability assessment (result 5)": 1.2873878479003906,
    "Step 3.2.2.1.2: Reliability assessment (result 3)": 1.2874608039855957,
    "Step 3.4.2.1.2: Reliability assessment (result 4)": 0.32730889320373535,
    "Step 3.1.2.1.2: Reliability assessment (result 3)": 0.3270571231842041,
    "Step 3.1.2.1.2: Reliability assessment (result 1)": 0.3273348808288574,
    "Step 3.3.2.1.2: Reliability assessment (result 4)": 0.32736706733703613,
    "Step 3.3.2.1.2: Reliability assessment (result 2)": 0.3274087905883789,
    "Step 3.4.2.1.2: Reliability assessment (result 1)": 0.3275020122528076,
    "Step 3.1.2.1.2: Reliability assessment (result 5)": 0.3271307945251465,
    "Step 3.3.2.2.2: Reliability assessment (result 3)": 0.0017359256744384766,
    "Step 3.3.2.2.2: Reliability assessment (result 2)": 0.3219459056854248,
    "Step 3.3.2.2.2: Reliability assessment (result 4)": 0.32191896438598633,
    "Step 3.3.2.2.2: Reliability assessment (result 1)": 1.2629361152648926,
    "Step 3.3.2.1.3: Content fetching (result 1)": 5.096964120864868,
    "Step 3.3.2.1.3: Content fetching (result 3)": 5.098771810531616,
    "Step 3.4.2.1.3: Content fetching (result 2)": 8.528897762298584,
    "Step 3.4.2.1.3: Content fetching (result 3)": 8.530969858169556,
    "Step 3.4.2.1.3: Content fetching (result 4)": 8.532265901565552,
    "Step 3.1.2.1.3: Content fetching (result 2)": 9.097592115402222,
    "Step 3.3.2.2.3: Content fetching (result 3)": 11.687486171722412,
    "Step 3.4.2.1.3: Content fetching (result 1)": 12.265703201293945,
    "Step 3.3.2.1.3: Content fetching (result 4)": 12.53453016281128,
    "Step 3.3.2.1.3: Content fetching (result 2)": 12.536581993103027,
    "Step 3.6.2.2.3: Content fetching (result 2)": 15.028099060058594,
    "Step 3.6.2.2.3: Content fetching (result 3)": 15.028650999069214,
    "Step 3.6.2.2.3: Content fetching (result 4)": 15.028800964355469,
    "Step 3.6.2.2.3: Content fetching (result 1)": 15.032243251800537,
    "Step 3.6.2.2.3: Content fetching (result 5)": 14.70751404762268,
    "Step 3.4.2.2.2: Reliability assessment (result 3)": 4.4988579750061035,
    "Step 3.2.2.1.3: Content fetching (result 2)": 15.753733158111572,
    "Step 3.7.2.1.2: Reliability assessment (result 2)": 0.7256650924682617,
    "Step 3.2.2.1.3: Content fetching (result 1)": 15.7549729347229,
    "Step 3.7.2.1.2: Reliability assessment (result 4)": 0.7264540195465088,
    "Step 3.2.2.1.3: Content fetching (result 3)": 15.428961038589478,
    "Step 3.2.2.1.3: Content fetching (result 4)": 15.755810022354126,
    "Step 3.2.2.1.3: Content fetching (result 5)": 15.430190086364746,
    "Step 3.5.2.2.2: Reliability assessment (result 1)": 0.6945638656616211,
    "Step 3.4.2.2.2: Reliability assessment (result 4)": 5.555683135986328,
    "Step 3.5.2.2.2: Reliability assessment (result 4)": 0.6978881359100342,
    "Step 3.4.2.2.2: Reliability assessment (result 1)": 5.559240102767944,
    "Step 3.4.2.2.2: Reliability assessment (result 2)": 5.559324026107788,
    "Step 3.5.2.1.2: Reliability assessment (result 2)": 0.3416409492492676,
    "Step 3.7.2.1.2: Reliability assessment (result 6)": 1.0657689571380615,
    "Step 3.5.2.2.2: Reliability assessment (result 5)": 0.6983211040496826,
    "Step 3.5.2.1.2: Reliability assessment (result 5)": 0.34137916564941406,
    "Step 3.5.2.1.2: Reliability assessment (result 1)": 0.6976239681243896,
    "Step 3.5.2.1.2: Reliability assessment (result 3)": 0.6975748538970947,
    "Step 3.7.2.1.2: Reliability assessment (result 1)": 1.421799898147583,
    "Step 3.7.2.1.2: Reliability assessment (result 5)": 1.4217629432678223,
    "Step 3.7.2.1.2: Reliability assessment (result 3)": 1.4974870681762695,
    "Step 3.5.2.2.2: Reliability assessment (result 2)": 1.156999111175537,
    "Step 3.5.2.2.2: Reliability assessment (result 3)": 1.1950881481170654,
    "Step 3.5.2.1.2: Reliability assessment (result 6)": 1.1558589935302734,
    "Step 3.7.2.2.2: Reliability assessment (result 5)": 0.8179950714111328,
    "Step 3.5.2.1.2: Reliability assessment (result 4)": 1.4754810333251953,
    "Step 3.7.2.2.2: Reliability assessment (result 3)": 1.2473599910736084,
    "Step 3.7.2.2.2: Reliability assessment (result 1)": 1.5707800388336182,
    "Step 3.7.2.2.2: Reliability assessment (result 2)": 1.763685941696167,
    "Step 3.7.2.2.2: Reliability assessment (result 4)": 1.7990028858184814,
    "Step 3.1.2.1.4: Evidence extraction (result 2)": 9.132851123809814,
    "Step 3.3.2.2.4: Evidence extraction (result 3)": 6.9613189697265625,
    "Step 3.3.2.1.4: Evidence extraction (result 3)": 13.589040040969849,
    "Step 3.5.2.1.3: Content fetching (result 2)": 3.903048276901245,
    "Step 3.4.2.1.4: Evidence extraction (result 3)": 11.186017036437988,
    "Step 3.3.2.1.4: Evidence extraction (result 2)": 7.371350049972534,
    "Step 3.4.2.1.4: Evidence extraction (result 2)": 11.902824878692627,
    "Step 3.3.2.1.4: Evidence extraction (result 4)": 7.896720886230469,
    "Step 3.4.2.1.4: Evidence extraction (result 1)": 8.202207803726196,
    "Step 3.4.2.1.4: Evidence extraction (result 4)": 12.55419397354126,
    "Step 3.4.2: Search execution for claim 4 query 1": 25.99978017807007,