{
  "timing": {
    "total_seconds": 101.94439601898193,
    "Step 1: Transcript extraction": 0.8579163551330566,
    "Step 2: Claim extraction": 12.058948993682861,
    "Step 3.9.1: Query generation for claim 9": 2.512589693069458,
    "Step 3.10.1: Query generation for claim 10": 2.515401840209961,
    "Step 3.1.1: Query generation for claim 1": 2.5247180461883545,
    "Step 3.8.1: Query generation for claim 8": 2.5211398601531982,
    "Step 3.2.1: Query generation for claim 2": 2.8943707942962646,
    "Step 3.4.1: Query generation for claim 4": 2.983375072479248,
    "Step 3.2.2.2.1.1: Google Search API (batch 1)": 0.802854061126709,
    "Step 3.10.2.2.1.1: Google Search API (batch 1)": 1.0626733303070068,
    "Step 3.10.2.2.2: Reliability assessment (result 1)": 0.002935171127319336,
    "Step 3.10.2.2.2: Reliability assessment (result 2)": 0.002950906753540039,
    "Step 3.8.2.1.1.1: Google Search API (batch 1)": 1.409250020980835,
    "Step 3.10.2.2.2: Reliability assessment (result 3)": 0.003438234329223633,
    "Step 3.10.2.2.2: Reliability assessment (result 4)": 0.0034182071685791016,
    "Step 3.10.2.2.2: Reliability assessment (result 5)": 0.003425121307373047,
    "Step 3.10.2.2.2: Reliability assessment (result 6)": 0.0034961700439453125,
    "Step 3.9.2.1.1.1: Google Search API (batch 1)": 1.665928840637207,
    "Step 3.4.2.2.1.1: Google Search API (batch 1)": 1.1922318935394287,
    "Step 3.8.2.2.1.1: Google Search API (batch 1)": 1.3698980808258057,
    "Step 3.1.2.1.1.1: Google Search API (batch 1)": 1.496000051498413,
    "Step 3.4.2.1.1.1: Google Search API (batch 1)": 1.2350890636444092,
    "Step 3.8.2.1.2: Reliability assessment (result 1)": 0.0029921531677246094,
    "Step 3.8.2.1.2: Reliability assessment (result 2)": 0.0030100345611572266,
    "Step 3.8.2.1.2: Reliability assessment (result 3)": 0.0034770965576171875,
    "Step 3.8.2.1.2: Reliability assessment (result 4)": 0.003464937210083008,
    "Step 3.8.2.2.2: Reliability assessment (result 1)": 0.0034580230712890625,
    "Step 3.8.2.2.2: Reliability assessment (result 2)": 0.003467082977294922,
    "Step 3.8.2.2.2: Reliability assessment (result 3)": 0.0034699440002441406,
    "Step 3.8.2.2.2: Reliability assessment (result 4)": 0.003468036651611328,
    "Step 3.2.2.1.1.1: Google Search API (batch 1)": 1.9635729789733887,
    "Step 3.9.2.2.1.1: Google Search API (batch 1)": 2.260845184326172,
    "Step 3.10.2.1.1.1: Google Search API (batch 1)": 2.915091037750244,
    "Step 3.1.2.2.1.1: Google Search API (batch 1)": 2.8345530033111572,
    "Step 3.4.2.1.2: Reliability assessment (result 1)": 0.5890669822692871,
    "Step 3.4.2.1.2: Reliability assessment (result 2)": 0.5891246795654297,
    "Step 3.4.2.1.2: Reliability assessment (result 3)": 1.3350648880004883,
    "Step 3.4.2.1.2: Reliability assessment (result 4)": 1.5832579135894775,
    "Step 3.1.2.1.2: Reliability assessment (result 1)": 1.7238621711730957,
    "Step 3.1.2.1.2: Reliability assessment (result 3)": 1.7241771221160889,
    "Step 3.1.2.1.2: Reliability assessment (result 2)": 1.9881000518798828,
    "Step 3.1.2.1.2: Reliability assessment (result 4)": 2.2194669246673584,
    "Step 3.1.2.1.2: Reliability assessment (result 5)": 2.634553909301758,
    "Step 3.8.2.2.3: Content fetching (result 1)": 7.846637725830078,
    "Step 3.8.2.2.3: Content fetching (result 2)": 7.8496410846710205,
    "Step 3.4.2.2.2: Reliability assessment (result 1)": 2.1517019271850586,
    "Step 3.4.2.2.2: Reliability assessment (result 2)": 2.151747703552246,
    "Step 3.8.2.2.3: Content fetching (result 4)": 7.852005958557129,
    "Step 3.4.2.2.2: Reliability assessment (result 4)": 2.1540029048919678,
    "Step 3.8.2.2.3: Content fetching (result 3)": 7.854518890380859,
    "Step 3.8.2.1.3: Content fetching (result 1)": 8.395957946777344,
    "Step 3.8.2.1.3: Content fetching (result 2)": 8.397994995117188,
    "Step 3.8.2.1.3: Content fetching (result 4)": 8.399566888809204,
    "Step 3.8.2.1.3: Content fetching (result 3)": 8.401456832885742,
    "Step 3.4.2.2.2: Reliability assessment (result 3)": 2.7575628757476807,
    "Step 3.4.2.2.2: Reliability assessment (result 5)": 2.8631811141967773,
    "Step 3.4.2.2.2: Reliability assessment (result 6)": 3.250307083129883,
    "Step 3.4.2.1.3: Content fetching (result 1)": 11.673204183578491,
    "Step 3.4.2.1.3: Content fetching (result 2)": 11.779155015945435,
    "Step 3.4.2.1.3: Content fetching (result 3)": 11.123832941055298,
    "Step 3.4.2.1.3: Content fetching (result 4)": 10.968308925628662,
    "Step 3.9.2.1.2: Reliability assessment (result 2)": 6.530128717422485,
    "Step 3.7.1: Query generation for claim 7": 20.374605178833008,
    "Step 3.9.2.1.2: Reliability assessment (result 1)": 7.607109785079956,
    "Step 3.9.2.1.2: Reliability assessment (result 4)": 7.605094909667969,
    "Step 3.9.2.1.2: Reliability assessment (result 5)": 7.605132102966309,
    "Step 3.9.2.1.2: Reliability assessment (result 3)": 7.66189169883728,
    "Step 3.6.1: Query generation for claim 6": 21.966236114501953,
    "Step 3.9.2.1.2: Reliability assessment (result 6)": 8.44745683670044,
    "Step 3.9.2.2.2: Reliability assessment (result 1)": 9.23164701461792,
    "Step 3.9.2.2.2: Reliability assessment (result 2)": 9.231768131256104,
    "Step 3.9.2.2.2: Reliability assessment (result 3)": 9.976292848587036,
    "Step 3.9.2.2.2: Reliability assessment (result 4)": 9.976394891738892,
    "Step 3.3.1: Query generation for claim 3": 25.20500111579895,
    "Step 3.9.2.2.2: Reliability assessment (result 5)": 10.84188175201416,
    "Step 3.2.2.2.2: Reliability assessment (result 1)": 11.609407901763916,
    "Step 3.1.2.1.3: Content fetching (result 1)": 16.00108003616333,
    "Step 3.2.2.2.2: Reliability assessment (result 3)": 11.764010906219482,
    "Step 3.1.2.1.3: Content fetching (result 3)": 16.077047109603882,
    "Step 3.1.2.1.3: Content fetching (result 2)": 15.888368844985962,
    "Step 3.5.1: Query generation for claim 5": 26.771865129470825,
    "Step 3.1.2.1.3: Content fetching (result 5)": 15.307948112487793,
    "Step 3.1.2.1.3: Content fetching (result 4)": 15.790389060974121,
    "Step 3.2.2.1.2: Reliability assessment (result 2)": 11.698952913284302,
    "Step 3.2.2.2.2: Reliability assessment (result 2)": 12.841213941574097,
    "Step 3.2.2.2.2: Reliability assessment (result 4)": 13.012229204177856,
    "Step 3.2.2.2.2: Reliability assessment (result 5)": 13.182577848434448,
    "Step 3.1.2.2.2: Reliability assessment (result 1)": 12.470733642578125,
    "Step 3.1.2.2.2: Reliability assessment (result 2)": 12.470810890197754,
    "Step 3.2.2.1.2: Reliability assessment (result 1)": 12.842590093612671,
    "Step 3.2.2.1.2: Reliability assessment (result 3)": 12.944776058197021,
    "Step 3.2.2.2.2: Reliability assessment (result 6)": 13.63321304321289,
    "Step 3.1.2.2.2: Reliability assessment (result 4)": 13.279517889022827,
    "Step 3.2.2.1.2: Reliability assessment (result 4)": 13.658415794372559,
    "Step 3.1.2.2.2: Reliability assessment (result 5)": 13.337502241134644,
    "Step 3.2.2.1.2: Reliability assessment (result 5)": 13.791345119476318,
    "Step 3.1.2.2.2: Reliability assessment (result 3)": 13.632113933563232,
    "Step 3.8.2.1.4: Evidence extraction (result 4)": 18.30456018447876,
    "Step 3.10.2.2.3: Content fetching (result 2)": 27.41356086730957,
    "Step 3.10.2.2.3: Content fetching (result 1)": 27.415487051010132,
    "Step 3.10.2.2.3: Content fetching (result 3)": 27.418246746063232,
    "Step 3.10.2.1.2: Reliability assessment (result 1)": 7.9924681186676025,
    "Step 3.10.2.1.2: Reliability assessment (result 2)": 7.992507219314575,
    "Step 3.10.2.1.2: Reliability assessment (result 3)": 7.992523193359375,
    "Step 3.10.2.2.3: Content fetching (result 6)": 27.42004895210266,
    "Step 3.10.2.2.3: Content fetching (result 5)": 27.42250394821167,
    "Step 3.10.2.2.3: Content fetching (result 4)": 27.42457914352417,