{
  "timing": {
    "total_seconds": 110.25929403305054,
    "Step 1: Transcript extraction": 1.240633249282837,
    "Step 2: Claim extraction": 27.757925033569336,
    "Step 3.3.1: Query generation for claim 3": 2.745387077331543,
    "Step 3.1.1: Query generation for claim 1": 3.002065896987915,
    "Step 3.2.1: Query generation for claim 2": 3.0943150520324707,
    "Step 3.1.2.1.1.1: Google Search API (batch 1)": 0.9296250343322754,
    "Step 3.3.2.1.1.1: Google Search API (batch 1)": 1.1579499244689941,
    "Step 3.2.2.1.1.1: Google Search API (batch 1)": 0.8529071807861328,
    "Step 3.2.2.2.1.1: Google Search API (batch 1)": 0.884188175201416,
    "Step 3.2.2.2.2: Reliability assessment (result 1)": 0.0018432140350341797,
    "Step 3.2.2.2.2: Reliability assessment (result 2)": 0.0018482208251953125,
    "Step 3.3.2.2.1.1: Google Search API (batch 1)": 1.686697006225586,
    "Step 3.2.2.2.2: Reliability assessment (result 3)": 0.0024781227111816406,
    "Step 3.1.2.2.1.1: Google Search API (batch 1)": 1.4646861553192139,
    "Step 3.2.2.2.2: Reliability assessment (result 4)": 0.0029408931732177734,
    "Step 3.2.2.2.2: Reliability assessment (result 5)": 0.0030488967895507812,
    "Step 3.2.2.2.2: Reliability assessment (result 6)": 0.0032930374145507812,
    "Step 3.2.2.1.2: Reliability assessment (result 1)": 0.0030188560485839844,
    "Step 3.2.2.1.2: Reliability assessment (result 2)": 0.003053903579711914,
    "Step 3.2.2.1.2: Reliability assessment (result 3)": 0.0030851364135742188,
    "Step 3.2.2.1.2: Reliability assessment (result 4)": 0.003232717514038086,
    "Step 3.2.2.1.2: Reliability assessment (result 5)": 0.0034492015838623047,
    "Step 3.3.2.2.2: Reliability assessment (result 2)": 0.3150949478149414,
    "Step 3.3.2.2.2: Reliability assessment (result 3)": 0.31523799896240234,
    "Step 3.3.2.2.2: Reliability assessment (result 4)": 0.3152797222137451,
    "Step 3.3.2.2.2: Reliability assessment (result 5)": 0.3153269290924072,
    "Step 3.3.2.2.2: Reliability assessment (result 6)": 0.31545090675354004,
    "Step 3.3.2.1.2: Reliability assessment (result 1)": 0.0014662742614746094,
    "Step 3.3.2.1.2: Reliability assessment (result 2)": 0.0016741752624511719,
    "Step 3.3.2.1.2: Reliability assessment (result 4)": 0.0016849040985107422,
    "Step 3.2.2.1.2: Reliability assessment (result 6)": 1.0606577396392822,
    "Step 3.3.2.1.2: Reliability assessment (result 3)": 0.9374263286590576,
    "Step 3.3.2.2.2: Reliability assessment (result 1)": 1.2525951862335205,
    "Step 3.3.2.1.2: Reliability assessment (result 5)": 1.120008945465088,
    "Step 3.3.2.1.3: Content fetching (result 1)": 8.777446985244751,
    "Step 3.3.2.1.3: Content fetching (result 2)": 8.779844760894775,
    "Step 3.3.2.1.3: Content fetching (result 4)": 10.337373971939087,
    "Step 3.3.2.1.3: Content fetching (result 3)": 10.43322491645813,
    "Step 3.3.2.2.3: Content fetching (result 2)": 14.326949119567871,
    "Step 3.3.2.2.3: Content fetching (result 3)": 14.329216957092285,
    "Step 3.1.2.2.2: Reliability assessment (result 1)": 12.368624925613403,
    "Step 3.1.2.2.2: Reliability assessment (result 2)": 12.368627309799194,
    "Step 3.1.2.2.2: Reliability assessment (result 3)": 12.368642091751099,
    "Step 3.3.2.2.3: Content fetching (result 4)": 14.331348896026611,
    "Step 3.3.2.2.3: Content fetching (result 5)": 14.333648920059204,
    "Step 3.3.2.2.3: Content fetching (result 6)": 14.33797287940979,
    "Step 3.3.2.2.3: Content fetching (result 1)": 13.404231309890747,
    "Step 3.2.2.2.3: Content fetching (result 1)": 16.58443593978882,
    "Step 3.2.2.2.3: Content fetching (result 2)": 16.589892864227295,
    "Step 3.2.2.2.3: Content fetching (result 3)": 16.606148958206177,
    "Step 3.2.2.2.3: Content fetching (result 5)": 16.60760807991028,
    "Step 3.2.2.2.3: Content fetching (result 6)": 16.609448194503784,
    "Step 3.2.2.2.3: Content fetching (result 4)": 16.611713886260986,
    "Step 3.1.2.2.2: Reliability assessment (result 5)": 13.059165954589844,
    "Step 3.1.2.2.2: Reliability assessment (result 4)": 13.060467004776001,
    "Step 3.2.2.2.4: Evidence extraction (result 5)": 1.2871408462524414,
    "Step 3.2.2.2.4: Evidence extraction (result 3)": 1.353379249572754,
    "Step 3.3.2.2.4: Evidence extraction (result 6)": 2.601119041442871,
    "Step 3.2.2.2.4: Evidence extraction (result 1)": 2.2639119625091553,
    "Step 3.3.2.1.4: Evidence extraction (result 4)": 6.889692306518555,
    "Step 3.2.2.2.4: Evidence extraction (result 2)": 2.7835593223571777,
    "Step 3.3.2.1.4: Evidence extraction (result 3)": 6.3339550495147705,
    "Step 3.1.2.1.2: Reliability assessment (result 5)": 0.852675199508667,
    "Step 3.1.2.1.2: Reliability assessment (result 1)": 0.8528537750244141,
    "Step 3.3.2.2.4: Evidence extraction (result 5)": 4.228384017944336,
    "Step 3.1.2.1.2: Reliability assessment (result 3)": 0.864142894744873,
    "Step 3.1.2.1.2: Reliability assessment (result 2)": 0.8749997615814209,
    "Step 3.1.2.1.2: Reliability assessment (result 6)": 0.8784141540527344,
    "Step 3.1.2.1.2: Reliability assessment (result 4)": 0.8785171508789062,
    "Step 3.3.2.2.4: Evidence extraction (result 3)": 4.278841972351074,
    "Step 3.3.2.2.4: Evidence extraction (result 2)": 4.393373966217041,
    "Step 3.3.2.2.4: Evidence extraction (result 1)": 4.584470987319946,
    "Step 3.3.2.1.3: Content fetching (result 5)": 17.942728996276855,
    "Step 3.3.2.1.4: Evidence extraction (result 2)": 12.55885100364685,
    "Step 3.1.2.2.3: Content fetching (result 1)": 11.198532104492188,
    "Step 3.1.2.2.3: Content fetching (result 2)": 11.206705093383789,
    "Step 3.1.2.2.3: Content fetching (result 3)": 11.208802938461304,
    "Step 3.1.2.2.3: Content fetching (result 5)": 10.520325899124146,
    "Step 3.1.2.2.3: Content fetching (result 4)": 10.5208899974823,
    "Step 3.2.2.1.3: Content fetching (result 3)": 29.777220964431763,
    "Step 3.2.2.1.3: Content fetching (result 1)": 29.878638982772827,
    "Step 3.2.2.1.3: Content fetching (result 4)": 29.997429132461548,
    "Step 3.2.2.1.3: Content fetching (result 2)": 30.09087896347046,
    "Step 3.2.2.1.3: Content fetching (result 5)": 30.183738946914673,
    "Step 3.2.2.1.3: Content fetching (result 6)": 29.221858978271484,
    "Step 3.3.2.1.4: Evidence extraction (result 1)": 24.471977949142456,
    "Step 3.2.2.2.4: Evidence extraction (result 4)": 18.451161861419678,
    "Step 3.3.2.2.4: Evidence extraction (result 4)": 19.21732187271118,
    "Step 3.3.2: Search execution for claim 3 query 2": 37.037970781326294,
    "Step 3.2.2.2.4: Evidence extraction (result 6)": 18.72024178504944,
    "Step 3.2.2: Search execution for claim 2 query 2": 36.84020113945007,
    "Step 3.3.2.1.4: Evidence extraction (result 5)": 17.869433879852295,
    "Step 3.3.2: Search execution for claim 3 query 1": 40.5501868724823,
    "Step 3.1.2.1.3: Content fetching (result 5)": 19.452425003051758,
    "Step 3.1.2.1.3: Content fetching (result 1)": 19.454390048980713,
    "Step 3.1.2.1.3: Content fetching (result 3)": 19.44491481781006,
    "Step 3.1.2.1.3: Content fetching (result 2)": 19.43632197380066,
    "Step 3.1.2.1.3: Content fetching (result 6)": 19.43510890007019,
    "Step 3.1.2.1.3: Content fetching (result 4)": 19.437190771102905,
    "Step 3.1.2.2.4: Evidence extraction (result 1)": 18.111234188079834,
    "Step 3.1.2.2.4: Evidence extraction (result 3)": 18.187859058380127,
    "Step 3.1.2.2.4: Evidence extraction (result 5)": 18.312856912612915,
    "Step 3.1.2.2.4: Evidence extraction (result 4)": 18.454399824142456,
    "Step 3.1.2.2.4: Evidence extraction (result 2)": 18.58337378501892,
    "Step 3.1.2: Search execution for claim 1 query 2": 47.3903329372406,
    "Step 3.2.2.1.4: Evidence extraction (result 3)": 18.30131220817566,
    "Step 3.2.2.1.4: Evidence extraction (result 4)": 18.17062020301819,
    "Step 3.2.2.1.4: Evidence extraction (result 2)": 18.097975969314575,