{
  "timing": {
    "total_seconds": 79.23680925369263,
    "Step 1: Transcript extraction": 1.0614628791809082,
    "Step 2: Claim extraction": 7.409341812133789,
    "Step 3.4.1: Query generation for claim 4": 1.9433348178863525,
    "Step 3.2.1: Query generation for claim 2": 1.9465787410736084,
    "Step 3.1.1: Query generation for claim 1": 1.9488623142242432,
    "Step 3.3.1: Query generation for claim 3": 2.2235190868377686,
    "Step 3.5.1: Query generation for claim 5": 2.222747802734375,
    "Step 3.1.2.1.1.1: Google Search API (batch 1)": 1.1026008129119873,
    "Step 3.4.2.1.1.1: Google Search API (batch 1)": 1.2733430862426758,
    "Step 3.1.2.2.1.1: Google Search API (batch 1)": 1.0834019184112549,
    "Step 3.5.2.2.1.1: Google Search API (batch 1)": 0.9538669586181641,
    "Step 3.5.2.1.1.1: Google Search API (batch 1)": 1.0261521339416504,
    "Step 3.2.2.1.1.1: Google Search API (batch 1)": 1.2950611114501953,
    "Step 3.3.2.2.1.1: Google Search API (batch 1)": 1.1024410724639893,
    "Step 3.2.2.2.1.1: Google Search API (batch 1)": 1.4121849536895752,
    "Step 3.3.2.1.1.1: Google Search API (batch 1)": 1.3146560192108154,
    "Step 3.4.2.2.1.1: Google Search API (batch 1)": 1.598386287689209,
    "Step 3.3.2.1.2: Reliability assessment (result 1)": 0.0003368854522705078,
    "Step 3.3.2.1.2: Reliability assessment (result 2)": 0.0005667209625244141,
    "Step 3.3.2.1.2: Reliability assessment (result 3)": 0.0009529590606689453,
    "Step 3.3.2.1.2: Reliability assessment (result 4)": 0.0010638236999511719,
    "Step 3.3.2.1.2: Reliability assessment (result 5)": 0.0010919570922851562,
    "Step 3.2.2.1.2: Reliability assessment (result 1)": 0.0007021427154541016,
    "Step 3.2.2.1.2: Reliability assessment (result 2)": 0.0009410381317138672,
    "Step 3.2.2.1.2: Reliability assessment (result 5)": 0.0009589195251464844,
    "Step 3.2.2.1.2: Reliability assessment (result 3)": 0.6740221977233887,
    "Step 3.2.2.1.2: Reliability assessment (result 4)": 1.0726878643035889,
    "Step 3.4.2.2.2: Reliability assessment (result 2)": 0.337144136428833,
    "Step 3.4.2.2.2: Reliability assessment (result 4)": 0.3372926712036133,
    "Step 3.4.2.2.2: Reliability assessment (result 5)": 0.6957159042358398,
    "Step 3.4.2.2.2: Reliability assessment (result 1)": 1.1093838214874268,
    "Step 3.4.2.2.2: Reliability assessment (result 3)": 1.1219229698181152,
    "Step 3.5.2.2.2: Reliability assessment (result 2)": 1.547191858291626,
    "Step 3.5.2.2.2: Reliability assessment (result 3)": 1.6549780368804932,
    "Step 3.5.2.2.2: Reliability assessment (result 1)": 1.6618988513946533,
    "Step 3.3.2.1.3: Content fetching (result 4)": 9.174700736999512,
    "Step 3.3.2.1.3: Content fetching (result 1)": 9.19896411895752,
    "Step 3.3.2.1.3: Content fetching (result 5)": 9.20182991027832,
    "Step 3.3.2.1.3: Content fetching (result 2)": 9.204416036605835,
    "Step 3.3.2.1.3: Content fetching (result 3)": 9.206421852111816,
    "Step 3.2.2.2.2: Reliability assessment (result 2)": 4.315503835678101,
    "Step 3.2.2.2.2: Reliability assessment (result 3)": 4.6997456550598145,
    "Step 3.2.2.2.2: Reliability assessment (result 1)": 4.885724306106567,
    "Step 3.2.2.2.2: Reliability assessment (result 5)": 5.27438497543335,
    "Step 3.2.2.2.2: Reliability assessment (result 4)": 5.40642523765564,
    "Step 3.2.2.2.2: Reliability assessment (result 6)": 5.5979907512664795,
    "Step 3.2.2.1.3: Content fetching (result 1)": 10.143584966659546,
    "Step 3.2.2.1.3: Content fetching (result 5)": 10.143895864486694,
    "Step 3.2.2.1.3: Content fetching (result 2)": 10.144467830657959,
    "Step 3.2.2.1.3: Content fetching (result 3)": 9.471765756607056,
    "Step 3.2.2.1.3: Content fetching (result 4)": 9.073682069778442,
    "Step 3.4.2.1.2: Reliability assessment (result 1)": 1.0923950672149658,
    "Step 3.4.2.1.2: Reliability assessment (result 4)": 1.112549066543579,
    "Step 3.4.2.1.2: Reliability assessment (result 3)": 1.1910231113433838,
    "Step 3.4.2.1.2: Reliability assessment (result 2)": 1.8746857643127441,
    "Step 3.4.2.1.2: Reliability assessment (result 6)": 1.9047088623046875,
    "Step 3.4.2.1.2: Reliability assessment (result 5)": 2.0655770301818848,
    "Step 3.3.2.1.4: Evidence extraction (result 3)": 4.91081690788269,
    "Step 3.3.2.2.2: Reliability assessment (result 1)": 1.4081661701202393,
    "Step 3.3.2.2.2: Reliability assessment (result 2)": 1.408174991607666,
    "Step 3.3.2.2.2: Reliability assessment (result 3)": 1.4082319736480713,
    "Step 3.3.2.2.2: Reliability assessment (result 4)": 1.4082539081573486,
    "Step 3.3.2.2.2: Reliability assessment (result 5)": 1.4082670211791992,
    "Step 3.5.2.2.3: Content fetching (result 2)": 10.548415899276733,
    "Step 3.5.2.2.3: Content fetching (result 3)": 10.442756175994873,
    "Step 3.5.2.2.3: Content fetching (result 1)": 10.437636852264404,
    "Step 3.5.2.1.2: Reliability assessment (result 3)": 1.4893701076507568,
    "Step 3.3.2.1.4: Evidence extraction (result 1)": 6.507887125015259,
    "Step 3.3.2.1.4: Evidence extraction (result 4)": 6.617045879364014,
    "Step 3.5.2.1.2: Reliability assessment (result 2)": 2.302932024002075,
    "Step 3.3.2.1.4: Evidence extraction (result 5)": 7.06600022315979,
    "Step 3.5.2.1.2: Reliability assessment (result 1)": 2.858595132827759,
    "Step 3.3.2.1.4: Evidence extraction (result 2)": 7.206609725952148,
    "Step 3.3.2: Search execution for claim 3 query 1": 18.64912986755371,
    "Step 3.5.2.1.2: Reliability assessment (result 4)": 3.0225069522857666,
    "Step 3.5.2.1.2: Reliability assessment (result 5)": 3.365591049194336,
    "Step 3.2.2.1.4: Evidence extraction (result 3)": 6.019361972808838,
    "Step 3.2.2.1.4: Evidence extraction (result 5)": 6.173290014266968,
    "Step 3.2.2.1.4: Evidence extraction (result 1)": 6.263195276260376,
    "Step 3.2.2.1.4: Evidence extraction (result 2)": 6.336094856262207,
    "Step 3.2.2.1.4: Evidence extraction (result 4)": 6.60086989402771,
    "Step 3.2.2: Search execution for claim 2 query 1": 20.683071851730347,
    "Step 3.5.2.1.2: Reliability assessment (result 6)": 4.83152174949646,
    "Step 3.2.2.2.3: Content fetching (result 3)": 12.890499830245972,
    "Step 3.2.2.2.3: Content fetching (result 2)": 13.281362295150757,
    "Step 3.2.2.2.3: Content fetching (result 5)": 12.646910190582275,
    "Step 3.2.2.2.3: Content fetching (result 1)": 13.03629994392395,
    "Step 3.2.2.2.3: Content fetching (result 6)": 12.32416582107544,
    "Step 3.2.2.2.3: Content fetching (result 4)": 12.515955924987793,
    "Step 3.3.2.2.2: Reliability assessment (result 6)": 11.95543098449707,
    "Step 3.4.2.2.3: Content fetching (result 4)": 27.101075172424316,
    "Step 3.4.2.2.3: Content fetching (result 2)": 27.12022304534912,
    "Step 3.4.2.2.3: Content fetching (result 3)": 26.346596002578735,
    "Step 3.4.2.2.3: Content fetching (result 5)": 26.781726121902466,
    "Step 3.4.2.2.3: Content fetching (result 1)": 26.377028942108154,
    "Step 3.1.2.2.2: Reliability assessment (result 1)": 7.491797924041748,
    "Step 3.1.2.2.2: Reliability assessment (result 2)": 8.484627962112427,
    "Step 3.1.2.2.2: Reliability assessment (result 3)": 9.94527006149292,
    "Step 3.1.2.2.2: Reliability assessment (result 4)": 11.073087930679321,
    "Step 3.1.2.2.2: Reliability assessment (result 5)": 12.221096992492676,
    "Step 3.1.2.2.2: Reliability assessment (result 6)": 12.22118091583252,
    "Step 3.4.2.1.3: Content fetching (result 1)": 23.696977853775024,
    "Step 3.4.2.1.3: Content fetching (result 4)": 23.75751495361328,
    "Step 3.4.2.1.3: Content fetching (result 3)": 23.755861043930054,
    "Step 3.4.2.1.3: Content fetching (result 2)": 23.169494152069092,
    "Step 3.4.2.1.3: Content fetching (result 5)": 23.08121395111084,
    "Step 3.4.2.1.3: Content fetching (result 6)": 23.335482120513916,
    "Step 3.3.2.2.3: Content fetching (result 2)": 25.351807832717896,