{
  "timing": {
    "total_seconds": 51.34721612930298,
    "Step 1: Transcript extraction": 1.0588569641113281,
    "Step 2: Claim extraction": 10.420300722122192,
    "Step 3.3.1: Query generation for claim 3": 2.7851428985595703,
    "Step 3.2.1: Query generation for claim 2": 2.9701623916625977,
    "Step 3.3.2.2.1.1: Google Search API (batch 1)": 0.7658460140228271,
    "Step 3.3.2.1.1.1: Google Search API (batch 1)": 0.8911120891571045,
    "Step 3.2.2.2.1.1: Google Search API (batch 1)": 0.7698180675506592,
    "Step 3.2.2.2.2: Reliability assessment (result 1)": 0.00154876708984375,
    "Step 3.2.2.2.2: Reliability assessment (result 2)": 0.0017380714416503906,
    "Step 3.2.2.2.2: Reliability assessment (result 3)": 0.0018291473388671875,
    "Step 3.2.2.2.2: Reliability assessment (result 4)": 0.0022459030151367188,
    "Step 3.2.2.2.2: Reliability assessment (result 5)": 0.0022797584533691406,
    "Step 3.2.2.2.2: Reliability assessment (result 6)": 0.002432107925415039,
    "Step 3.2.2.1.1.1: Google Search API (batch 1)": 2.4205238819122314,
    "Step 3.1.1: Query generation for claim 1": 5.425883054733276,
    "Step 3.4.1: Query generation for claim 4": 5.75255823135376,
    "Step 3.5.1: Query generation for claim 5": 6.111767053604126,
    "Step 3.1.2.2.1.1: Google Search API (batch 1)": 0.7983701229095459,
    "Step 3.1.2.1.1.1: Google Search API (batch 1)": 0.8966097831726074,
    "Step 3.4.2.2.1.1: Google Search API (batch 1)": 0.6664366722106934,
    "Step 3.4.2.1.1.1: Google Search API (batch 1)": 0.7584710121154785,
    "Step 3.5.2.2.1.1: Google Search API (batch 1)": 0.7865426540374756,
    "Step 3.5.2.1.1.1: Google Search API (batch 1)": 1.3469831943511963,
    "Step 3.3.2.2.2: Reliability assessment (result 3)": 0.002627134323120117,
    "Step 3.3.2.2.2: Reliability assessment (result 2)": 0.24135994911193848,
    "Step 3.3.2.2.2: Reliability assessment (result 4)": 0.31851792335510254,
    "Step 3.3.2.2.2: Reliability assessment (result 1)": 1.452355146408081,
    "Step 3.4.2.2.2: Reliability assessment (result 3)": 0.3621480464935303,
    "Step 3.4.2.2.2: Reliability assessment (result 1)": 0.4644899368286133,
    "Step 3.3.2.1.2: Reliability assessment (result 3)": 0.10243105888366699,
    "Step 3.3.2.1.2: Reliability assessment (result 5)": 0.5737137794494629,
    "Step 3.3.2.1.2: Reliability assessment (result 2)": 0.5739798545837402,
    "Step 3.4.2.2.2: Reliability assessment (result 2)": 0.9361190795898438,
    "Step 3.3.2.1.2: Reliability assessment (result 1)": 0.943986177444458,
    "Step 3.3.2.1.2: Reliability assessment (result 6)": 0.9438133239746094,
    "Step 3.5.2.2.2: Reliability assessment (result 1)": 0.37003278732299805,
    "Step 3.3.2.1.2: Reliability assessment (result 4)": 0.9834930896759033,
    "Step 3.5.2.2.2: Reliability assessment (result 3)": 1.0539169311523438,
    "Step 3.5.2.2.2: Reliability assessment (result 2)": 1.218250036239624,
    "Step 3.1.2.2.2: Reliability assessment (result 1)": 1.8699519634246826,
    "Step 3.1.2.2.2: Reliability assessment (result 2)": 2.347957134246826,
    "Step 3.2.2.2.3: Content fetching (result 1)": 7.0379111766815186,
    "Step 3.2.2.2.3: Content fetching (result 4)": 7.039446830749512,
    "Step 3.2.2.2.3: Content fetching (result 2)": 7.042126178741455,
    "Step 3.1.2.2.2: Reliability assessment (result 6)": 2.540907144546509,
    "Step 3.2.2.2.3: Content fetching (result 6)": 7.043328046798706,
    "Step 3.2.2.2.3: Content fetching (result 3)": 7.046741962432861,
    "Step 3.2.2.2.3: Content fetching (result 5)": 7.048509359359741,
    "Step 3.1.2.2.2: Reliability assessment (result 3)": 3.2370948791503906,
    "Step 3.1.2.2.2: Reliability assessment (result 5)": 3.4829518795013428,
    "Step 3.1.2.2.2: Reliability assessment (result 4)": 3.491668939590454,
    "Step 3.4.2.2.3: Content fetching (result 3)": 5.78882622718811,
    "Step 3.4.2.2.3: Content fetching (result 1)": 5.688854932785034,
    "Step 3.4.2.2.3: Content fetching (result 2)": 5.219980001449585,
    "Step 3.5.2.2.3: Content fetching (result 1)": 6.556089162826538,
    "Step 3.5.2.2.3: Content fetching (result 3)": 5.87383770942688,
    "Step 3.5.2.2.3: Content fetching (result 2)": 5.711210012435913,
    "Step 3.2.2.1.2: Reliability assessment (result 1)": 0.6100947856903076,
    "Step 3.2.2.1.2: Reliability assessment (result 2)": 0.6098649501800537,
    "Step 3.2.2.1.2: Reliability assessment (result 3)": 0.6098837852478027,
    "Step 3.2.2.1.2: Reliability assessment (result 4)": 0.6099050045013428,
    "Step 3.2.2.1.2: Reliability assessment (result 5)": 0.6099240779876709,
    "Step 3.3.2.2.3: Content fetching (result 3)": 11.315171003341675,
    "Step 3.3.2.2.3: Content fetching (result 2)": 11.078426122665405,
    "Step 3.3.2.2.3: Content fetching (result 4)": 11.003167867660522,
    "Step 3.3.2.2.3: Content fetching (result 1)": 9.873337030410767,
    "Step 3.2.2.2.4: Evidence extraction (result 2)": 7.922976016998291,
    "Step 3.2.2.2.4: Evidence extraction (result 4)": 7.999342203140259,
    "Step 3.2.2.2.4: Evidence extraction (result 1)": 8.432971000671387,
    "Step 3.2.2.2.4: Evidence extraction (result 6)": 9.38002610206604,
    "Step 3.4.2.2.4: Evidence extraction (result 1)": 7.560537815093994,
    "Step 3.4.2.2.4: Evidence extraction (result 3)": 7.632575988769531,
    "Step 3.2.2.2.4: Evidence extraction (result 3)": 10.380416870117188,
    "Step 3.3.2.1.3: Content fetching (result 3)": 14.143115043640137,
    "Step 3.3.2.1.3: Content fetching (result 5)": 13.693694114685059,
    "Step 3.3.2.1.3: Content fetching (result 2)": 13.71074390411377,
    "Step 3.3.2.1.3: Content fetching (result 1)": 13.349569082260132,
    "Step 3.3.2.1.3: Content fetching (result 6)": 13.358065128326416,
    "Step 3.3.2.1.3: Content fetching (result 4)": 13.327342748641968,
    "Step 3.2.2.2.4: Evidence extraction (result 5)": 10.957956075668335,
    "Step 3.2.2: Search execution for claim 2 query 2": 20.531617164611816,
    "Step 3.1.2.1.2: Reliability assessment (result 3)": 5.850106954574585,
    "Step 3.1.2.1.2: Reliability assessment (result 4)": 5.934071779251099,
    "Step 3.1.2.1.2: Reliability assessment (result 1)": 6.655050992965698,
    "Step 3.1.2.1.2: Reliability assessment (result 5)": 6.654844045639038,
    "Step 3.1.2.1.2: Reliability assessment (result 2)": 6.654947280883789,
    "Step 3.4.2.1.2: Reliability assessment (result 1)": 0.3460061550140381,
    "Step 3.4.2.1.2: Reliability assessment (result 2)": 0.34622621536254883,
    "Step 3.4.2.1.2: Reliability assessment (result 3)": 0.3462831974029541,
    "Step 3.4.2.1.2: Reliability assessment (result 4)": 0.34630703926086426,
    "Step 3.2.2.1.3: Content fetching (result 1)": 7.660551309585571,
    "Step 3.2.2.1.3: Content fetching (result 2)": 7.662873268127441,
    "Step 3.2.2.1.3: Content fetching (result 3)": 7.664934158325195,
    "Step 3.2.2.1.3: Content fetching (result 4)": 7.667346954345703,
    "Step 3.2.2.1.3: Content fetching (result 5)": 7.669443845748901,
    "Step 3.1.2.2.3: Content fetching (result 1)": 13.353596210479736,
    "Step 3.1.2.2.3: Content fetching (result 2)": 12.881306171417236,
    "Step 3.5.2.1.2: Reliability assessment (result 1)": 0.5647799968719482,
    "Step 3.1.2.2.3: Content fetching (result 6)": 12.690639972686768,
    "Step 3.1.2.2.3: Content fetching (result 3)": 11.997385263442993,
    "Step 3.1.2.2.3: Content fetching (result 5)": 11.753815174102783,
    "Step 3.1.2.2.3: Content fetching (result 4)": 11.747151136398315,
    "Step 3.1.2.1.2: Reliability assessment (result 6)": 7.2482287883758545,
    "Step 3.4.2.1.2: Reliability assessment (result 6)": 0.9808900356292725,
    "Step 3.5.2.1.2: Reliability assessment (result 2)": 0.9192001819610596,
    "Step 3.5.2.1.2: Reliability assessment (result 5)": 1.0636169910430908,
    "Step 3.5.2.1.2: Reliability assessment (result 4)": 1.1927292346954346,
    "Step 3.3.2.2.4: Evidence extraction (result 4)": 6.967123985290527,