{
  "timing": {
    "total_seconds": 106.57101106643677,
    "Step 1: Transcript extraction": 0.9031028747558594,
    "Step 2: Claim extraction": 15.174220085144043,
    "Step 3.5.1: Query generation for claim 5": 10.989300966262817,
    "Step 3.2.1: Query generation for claim 2": 11.11461615562439,
    "Step 3.4.1: Query generation for claim 4": 11.198909997940063,
    "Step 3.3.1: Query generation for claim 3": 11.457832098007202,
    "Step 3.4.2.1.1.1: Google Search API (batch 1)": 1.0494849681854248,
    "Step 3.5.2.1.1.1: Google Search API (batch 1)": 1.228614091873169,
    "Step 3.4.2.2.1.1: Google Search API (batch 1)": 1.0133848190307617,
    "Step 3.2.2.1.1.1: Google Search API (batch 1)": 1.1423659324645996,
    "Step 3.5.2.2.1.1: Google Search API (batch 1)": 1.1861140727996826,
    "Step 3.3.2.2.1.1: Google Search API (batch 1)": 0.7491729259490967,
    "Step 3.2.2.2.1.1: Google Search API (batch 1)": 1.162837028503418,
    "Step 3.3.2.1.1.1: Google Search API (batch 1)": 0.8934049606323242,
    "Step 3.3.2.1.2: Reliability assessment (result 2)": 0.30896806716918945,
    "Step 3.4.2.1.2: Reliability assessment (result 1)": 0.3477160930633545,
    "Step 3.4.2.1.2: Reliability assessment (result 3)": 0.3480648994445801,
    "Step 3.4.2.1.2: Reliability assessment (result 4)": 0.34840917587280273,
    "Step 3.3.2.1.2: Reliability assessment (result 3)": 0.657243013381958,
    "Step 3.2.2.2.2: Reliability assessment (result 1)": 0.0011227130889892578,
    "Step 3.2.2.2.2: Reliability assessment (result 2)": 0.0013568401336669922,
    "Step 3.2.2.2.2: Reliability assessment (result 3)": 0.0014569759368896484,
    "Step 3.2.2.2.2: Reliability assessment (result 4)": 0.2426013946533203,
    "Step 3.2.2.2.2: Reliability assessment (result 5)": 0.598984956741333,
    "Step 3.3.2.1.2: Reliability assessment (result 1)": 1.2556838989257812,
    "Step 3.5.2.1.2: Reliability assessment (result 2)": 0.0006530284881591797,
    "Step 3.4.2.1.2: Reliability assessment (result 6)": 1.0416290760040283,
    "Step 3.4.2.1.2: Reliability assessment (result 2)": 1.0559501647949219,
    "Step 3.4.2.1.2: Reliability assessment (result 5)": 1.1903071403503418,
    "Step 3.2.2.2.2: Reliability assessment (result 6)": 1.1535580158233643,
    "Step 3.5.2.1.2: Reliability assessment (result 1)": 0.6988072395324707,
    "Step 3.5.2.1.2: Reliability assessment (result 5)": 0.8789796829223633,
    "Step 3.5.2.1.2: Reliability assessment (result 4)": 1.0274581909179688,
    "Step 3.5.2.1.2: Reliability assessment (result 3)": 1.054823875427246,
    "Step 3.5.2.1.3: Content fetching (result 2)": 1.6085269451141357,
    "Step 3.3.2.1.3: Content fetching (result 2)": 4.565216064453125,
    "Step 3.3.2.1.3: Content fetching (result 3)": 4.221653938293457,
    "Step 3.3.2.1.3: Content fetching (result 1)": 3.6288740634918213,
    "Step 3.1.1: Query generation for claim 1": 21.039485931396484,
    "Step 3.4.2.2.2: Reliability assessment (result 1)": 6.911631107330322,
    "Step 3.4.2.2.2: Reliability assessment (result 2)": 7.0952348709106445,
    "Step 3.4.2.2.2: Reliability assessment (result 4)": 7.095262289047241,
    "Step 3.4.2.2.2: Reliability assessment (result 3)": 7.941442012786865,
    "Step 3.4.2.2.2: Reliability assessment (result 5)": 8.16443395614624,
    "Step 3.5.2.1.3: Content fetching (result 1)": 11.267285108566284,
    "Step 3.5.2.1.3: Content fetching (result 5)": 11.090547800064087,
    "Step 3.5.2.1.3: Content fetching (result 4)": 10.944062948226929,
    "Step 3.5.2.1.3: Content fetching (result 3)": 10.91938591003418,
    "Step 3.2.2.1.2: Reliability assessment (result 1)": 2.250525951385498,
    "Step 3.2.2.1.2: Reliability assessment (result 2)": 2.2505478858947754,
    "Step 3.2.2.1.2: Reliability assessment (result 3)": 2.9069631099700928,
    "Step 3.2.2.1.2: Reliability assessment (result 4)": 2.9070591926574707,
    "Step 3.4.2.1.3: Content fetching (result 1)": 16.47448420524597,
    "Step 3.4.2.1.3: Content fetching (result 3)": 16.62481188774109,
    "Step 3.4.2.1.3: Content fetching (result 4)": 16.742186069488525,
    "Step 3.4.2.1.3: Content fetching (result 6)": 16.20447611808777,
    "Step 3.4.2.1.3: Content fetching (result 5)": 16.188042879104614,
    "Step 3.3.2.2.2: Reliability assessment (result 2)": 2.5962817668914795,
    "Step 3.4.2.1.3: Content fetching (result 2)": 16.445229053497314,
    "Step 3.3.2.2.2: Reliability assessment (result 3)": 3.3290300369262695,
    "Step 3.2.2.1.2: Reliability assessment (result 6)": 5.6388258934021,
    "Step 3.2.2.1.3: Content fetching (result 1)": 3.479743003845215,
    "Step 3.5.2.2.2: Reliability assessment (result 2)": 3.480067014694214,
    "Step 3.2.2.1.3: Content fetching (result 2)": 3.481635093688965,
    "Step 3.5.2.2.2: Reliability assessment (result 1)": 4.0240349769592285,
    "Step 3.5.2.2.2: Reliability assessment (result 3)": 4.469383716583252,
    "Step 3.3.2.2.2: Reliability assessment (result 5)": 4.484259128570557,
    "Step 3.3.2.2.2: Reliability assessment (result 1)": 4.756643056869507,
    "Step 3.2.2.1.3: Content fetching (result 3)": 7.308045148849487,
    "Step 3.2.2.1.3: Content fetching (result 4)": 7.309998989105225,
    "Step 3.5.2.2.3: Content fetching (result 2)": 5.438630104064941,
    "Step 3.2.2.1.3: Content fetching (result 6)": 5.731853008270264,
    "Step 3.3.2.2.3: Content fetching (result 2)": 7.44740104675293,
    "Step 3.3.2.2.3: Content fetching (result 3)": 6.716429233551025,
    "Step 3.2.2.2.3: Content fetching (result 5)": 24.443624019622803,
    "Step 3.2.2.1.2: Reliability assessment (result 5)": 13.325026988983154,
    "Step 3.3.2.1.4: Evidence extraction (result 1)": 21.73960781097412,
    "Step 3.5.2.2.3: Content fetching (result 1)": 8.180547714233398,
    "Step 3.5.2.2.3: Content fetching (result 3)": 7.737953186035156,
    "Step 3.5.2.1.4: Evidence extraction (result 2)": 24.545452117919922,
    "Step 3.5.2.1.4: Evidence extraction (result 1)": 14.435231924057007,
    "Step 3.2.2.2.3: Content fetching (result 1)": 27.252267122268677,
    "Step 3.3.2.2.3: Content fetching (result 5)": 8.340137958526611,
    "Step 3.3.2.2.3: Content fetching (result 1)": 8.070542097091675,
    "Step 3.2.2.2.3: Content fetching (result 2)": 27.26752781867981,
    "Step 3.2.2.2.3: Content fetching (result 3)": 27.269705057144165,
    "Step 3.2.2.2.3: Content fetching (result 4)": 27.030768156051636,
    "Step 3.2.2.2.3: Content fetching (result 6)": 26.122130870819092,
    "Step 3.3.2.2.2: Reliability assessment (result 4)": 13.23219919204712,
    "Step 3.5.2.2.2: Reliability assessment (result 4)": 13.90146803855896,
    "Step 3.2.2.1.3: Content fetching (result 5)": 2.9966180324554443,
    "Step 3.3.2.1.4: Evidence extraction (result 2)": 24.423461198806763,
    "Step 3.5.2.2.3: Content fetching (result 4)": 1.182837963104248,
    "Step 3.3.2.2.3: Content fetching (result 4)": 2.4915051460266113,
    "Step 3.3.2.1.4: Evidence extraction (result 3)": 26.7207190990448,
    "Step 3.3.2: Search execution for claim 3 query 1": 35.97813010215759,
    "Step 3.4.2.1.4: Evidence extraction (result 2)": 16.67884588241577,
    "Step 3.5.2.1.4: Evidence extraction (result 4)": 22.408976316452026,
    "Step 3.5.2.1.4: Evidence extraction (result 3)": 22.41382074356079,
    "Step 3.5.2.1.4: Evidence extraction (result 5)": 22.440239906311035,
    "Step 3.5.2: Search execution for claim 5 query 1": 40.51718282699585,
    "Step 3.4.2.2.3: Content fetching (result 5)": 24.735166788101196,
    "Step 3.4.2.2.3: Content fetching (result 1)": 26.39688801765442,
    "Step 3.4.2.2.3: Content fetching (result 2)": 26.218656063079834,
    "Step 3.4.2.2.3: Content fetching (result 4)": 26.220948934555054,
    "Step 3.4.2.2.3: Content fetching (result 3)": 25.37653398513794,
    "Step 3.4.2.1.4: Evidence extraction (result 3)": 20.320945262908936,
    "Step 3.4.2.1.4: Evidence extraction (result 1)": 20.49953007698059,