{
  "timing": {
    "total_seconds": 73.07989025115967,
    "Step 1: Transcript extraction": 1.0303609371185303,
    "Step 2: Claim extraction": 8.290685176849365,
    "Step 3.5.1: Query generation for claim 5": 2.10514497756958,
    "Step 3.1.1: Query generation for claim 1": 2.2313878536224365,
    "Step 3.4.1: Query generation for claim 4": 2.31305193901062,
    "Step 3.2.1: Query generation for claim 2": 2.3147268295288086,
    "Step 3.1.2.1.1.1: Google Search API (batch 1)": 0.9578886032104492,
    "Step 3.4.2.2.1.1: Google Search API (batch 1)": 0.8403010368347168,
    "Step 3.5.2.2.1.1: Google Search API (batch 1)": 1.009916067123413,
    "Step 3.4.2.1.1.1: Google Search API (batch 1)": 0.8841159343719482,
    "Step 3.5.2.1.1.1: Google Search API (batch 1)": 1.0559160709381104,
    "Step 3.1.2.2.1.1: Google Search API (batch 1)": 0.9621870517730713,
    "Step 3.2.2.1.1.1: Google Search API (batch 1)": 0.9021239280700684,
    "Step 3.2.2.2.1.1: Google Search API (batch 1)": 0.8743839263916016,
    "Step 3.2.2.2.2: Reliability assessment (result 1)": 0.000804901123046875,
    "Step 3.2.2.2.2: Reliability assessment (result 2)": 0.0009353160858154297,
    "Step 3.2.2.2.2: Reliability assessment (result 3)": 0.0003941059112548828,
    "Step 3.2.2.2.2: Reliability assessment (result 4)": 0.0004138946533203125,
    "Step 3.3.1: Query generation for claim 3": 4.49957013130188,
    "Step 3.2.2.1.2: Reliability assessment (result 1)": 0.0011608600616455078,
    "Step 3.2.2.1.2: Reliability assessment (result 2)": 0.0011730194091796875,
    "Step 3.2.2.1.2: Reliability assessment (result 3)": 0.001188039779663086,
    "Step 3.2.2.1.2: Reliability assessment (result 4)": 0.001194000244140625,
    "Step 3.2.2.1.2: Reliability assessment (result 5)": 0.45557308197021484,
    "Step 3.3.2.1.1.1: Google Search API (batch 1)": 1.2399790287017822,
    "Step 3.3.2.2.1.1: Google Search API (batch 1)": 1.2624480724334717,
    "Step 3.5.2.1.2: Reliability assessment (result 2)": 0.000308990478515625,
    "Step 3.5.2.1.2: Reliability assessment (result 1)": 0.46037888526916504,
    "Step 3.5.2.1.3: Content fetching (result 2)": 0.5394728183746338,
    "Step 3.5.2.1.2: Reliability assessment (result 3)": 0.5757291316986084,
    "Step 3.2.2.2.3: Content fetching (result 1)": 3.253469944000244,
    "Step 3.2.2.2.3: Content fetching (result 2)": 3.255625009536743,
    "Step 3.2.2.2.3: Content fetching (result 4)": 3.25732684135437,
    "Step 3.2.2.2.3: Content fetching (result 3)": 3.259214162826538,
    "Step 3.5.2.1.4: Evidence extraction (result 2)": 1.3117001056671143,
    "Step 3.2.2.1.3: Content fetching (result 1)": 4.3178932666778564,
    "Step 3.2.2.1.3: Content fetching (result 5)": 3.8793931007385254,
    "Step 3.2.2.1.3: Content fetching (result 2)": 4.335761070251465,
    "Step 3.2.2.1.3: Content fetching (result 3)": 4.337831974029541,
    "Step 3.2.2.1.3: Content fetching (result 4)": 4.339709997177124,
    "Step 3.5.2.1.3: Content fetching (result 1)": 2.773116111755371,
    "Step 3.5.2.1.3: Content fetching (result 3)": 2.6605679988861084,
    "Step 3.2.2.2.4: Evidence extraction (result 4)": 3.720649242401123,
    "Step 3.2.2.2.4: Evidence extraction (result 3)": 3.9786181449890137,
    "Step 3.2.2.1.4: Evidence extraction (result 5)": 2.516718864440918,
    "Step 3.5.2.1.4: Evidence extraction (result 3)": 2.505798101425171,
    "Step 3.5.2.1.4: Evidence extraction (result 1)": 2.5629539489746094,
    "Step 3.5.2: Search execution for claim 5 query 1": 10.169718980789185,
    "Step 3.2.2.2.4: Evidence extraction (result 2)": 4.534765958786011,
    "Step 3.2.2.1.4: Evidence extraction (result 4)": 2.996389865875244,
    "Step 3.2.2.2.4: Evidence extraction (result 1)": 4.539655923843384,
    "Step 3.2.2: Search execution for claim 2 query 2": 9.93471384048462,
    "Step 3.2.2.1.4: Evidence extraction (result 3)": 3.289433717727661,
    "Step 3.2.2.1.4: Evidence extraction (result 1)": 3.578986883163452,
    "Step 3.2.2.1.4: Evidence extraction (result 2)": 4.127784252166748,
    "Step 3.2.2: Search execution for claim 2 query 1": 11.106112003326416,
    "Step 3.2.3: Verdict generation for claim 2": 1.3057312965393066,
    "Step 3.5.2.2.2: Reliability assessment (result 2)": 0.00023508071899414062,
    "Step 3.5.2.2.3: Content fetching (result 2)": 0.4636850357055664,
    "Step 3.5.2.2.2: Reliability assessment (result 1)": 0.4768869876861572,
    "Step 3.5.2.2.2: Reliability assessment (result 3)": 0.6527228355407715,
    "Step 3.5.2.2.3: Content fetching (result 1)": 1.601396083831787,
    "Step 3.5.2.2.3: Content fetching (result 3)": 1.4286179542541504,
    "Step 3.5.2.2.4: Evidence extraction (result 2)": 2.2210490703582764,
    "Step 3.5.2.2.4: Evidence extraction (result 1)": 0.7836973667144775,
    "Step 3.5.2.2.4: Evidence extraction (result 3)": 0.968358039855957,
    "Step 3.4.2.1.2: Reliability assessment (result 1)": 0.000408172607421875,
    "Step 3.4.2.1.2: Reliability assessment (result 3)": 0.0004470348358154297,
    "Step 3.4.2.1.2: Reliability assessment (result 4)": 0.0006167888641357422,
    "Step 3.1.2.1.2: Reliability assessment (result 2)": 0.33310985565185547,
    "Step 3.1.2.1.2: Reliability assessment (result 3)": 0.3332788944244385,
    "Step 3.4.2.1.2: Reliability assessment (result 5)": 1.0843586921691895,
    "Step 3.1.2.2.2: Reliability assessment (result 2)": 0.0009429454803466797,
    "Step 3.5.2.2.2: Reliability assessment (result 4)": 10.258872747421265,
    "Step 3.1.2.1.2: Reliability assessment (result 6)": 0.67081618309021,
    "Step 3.1.2.2.2: Reliability assessment (result 4)": 0.478442907333374,
    "Step 3.1.2.1.2: Reliability assessment (result 5)": 0.8221888542175293,
    "Step 3.1.2.2.3: Content fetching (result 2)": 0.5982298851013184,
    "Step 3.5.2.2.3: Content fetching (result 4)": 1.0969903469085693,
    "Step 3.1.2.2.4: Evidence extraction (result 2)": 2.4296860694885254,
    "Step 3.5.2.2.4: Evidence extraction (result 4)": 2.9584031105041504,
    "Step 3.5.2: Search execution for claim 5 query 2": 28.433414936065674,
    "Step 3.1.2.2.3: Content fetching (result 4)": 4.226126194000244,
    "Step 3.3.2.1.2: Reliability assessment (result 2)": 2.0936999320983887,
    "Step 3.1.2.1.3: Content fetching (result 2)": 5.321197032928467,
    "Step 3.1.2.1.3: Content fetching (result 3)": 5.334053039550781,
    "Step 3.1.2.1.3: Content fetching (result 6)": 4.998597860336304,
    "Step 3.1.2.1.3: Content fetching (result 5)": 4.8491411209106445,
    "Step 3.3.2.1.2: Reliability assessment (result 3)": 2.888728141784668,
    "Step 3.3.2.1.2: Reliability assessment (result 6)": 3.151034116744995,
    "Step 3.3.2.1.2: Reliability assessment (result 4)": 3.53047776222229,
    "Step 3.1.2.2.4: Evidence extraction (result 4)": 2.4378890991210938,
    "Step 3.5.3: Verdict generation for claim 5": 2.804395914077759,
    "Step 3.1.2.1.4: Evidence extraction (result 5)": 2.5064070224761963,
    "Step 3.4.2.1.3: Content fetching (result 1)": 9.199166774749756,
    "Step 3.4.2.1.3: Content fetching (result 4)": 9.35484504699707,
    "Step 3.4.2.1.3: Content fetching (result 3)": 9.517213106155396,
    "Step 3.4.2.1.3: Content fetching (result 5)": 8.597356081008911,
    "Step 3.4.2.1.2: Reliability assessment (result 2)": 10.490225791931152,
    "Step 3.4.2.1.2: Reliability assessment (result 6)": 10.49031925201416,
    "Step 3.1.2.1.4: Evidence extraction (result 2)": 4.0884318351745605,
    "Step 3.1.2.1.4: Evidence extraction (result 6)": 4.0739850997924805,
    "Step 3.4.2.2.2: Reliability assessment (result 2)": 0.004547834396362305,
    "Step 3.4.2.2.2: Reliability assessment (result 4)": 0.004622220993041992,
    "Step 3.1.2.1.4: Evidence extraction (result 3)": 4.077297925949097,
    "Step 3.3.2.1.3: Content fetching (result 2)": 5.011136770248413,
    "Step 3.3.2.1.3: Content fetching (result 3)": 4.219524145126343,
    "Step 3.3.2.1.3: Content fetching (result 6)": 3.9592278003692627,