{
  "timing": {
    "total_seconds": 43.93242001533508,
    "Step 1: Transcript extraction": 1.039100170135498,
    "Step 2: Claim extraction": 8.624112844467163,
    "Step 3.1.1: Query generation for claim 1": 2.9176032543182373,
    "Step 3.2.1: Query generation for claim 2": 3.044041872024536,
    "Step 3.5.1: Query generation for claim 5": 3.042633056640625,
    "Step 3.3.1: Query generation for claim 3": 3.0440609455108643,
    "Step 3.4.1: Query generation for claim 4": 3.295009136199951,
    "Step 3.1.2.2.1.1: Google Search API (batch 1)": 1.0524489879608154,
    "Step 3.1.2.1.1.1: Google Search API (batch 1)": 1.1271741390228271,
    "Step 3.3.2.1.1.1: Google Search API (batch 1)": 0.8843369483947754,
    "Step 3.3.2.2.1.1: Google Search API (batch 1)": 0.8901028633117676,
    "Step 3.4.2.1.1.1: Google Search API (batch 1)": 0.8562290668487549,
    "Step 3.2.2.1.1.1: Google Search API (batch 1)": 1.109368085861206,
    "Step 3.5.2.2.1.1: Google Search API (batch 1)": 1.029261827468872,
    "Step 3.4.2.2.1.1: Google Search API (batch 1)": 0.864206075668335,
    "Step 3.5.2.1.1.1: Google Search API (batch 1)": 1.0918469429016113,
    "Step 3.2.2.2.1.1: Google Search API (batch 1)": 1.2128381729125977,
    "Step 3.5.2.1.2: Reliability assessment (result 1)": 0.33661866188049316,
    "Step 3.5.2.1.2: Reliability assessment (result 2)": 0.3366711139678955,
    "Step 3.5.2.1.2: Reliability assessment (result 3)": 0.3367769718170166,
    "Step 3.5.2.1.2: Reliability assessment (result 5)": 0.3368971347808838,
    "Step 3.4.2.2.2: Reliability assessment (result 1)": 0.001238107681274414,
    "Step 3.4.2.2.2: Reliability assessment (result 2)": 0.0012331008911132812,
    "Step 3.4.2.2.2: Reliability assessment (result 3)": 0.0012500286102294922,
    "Step 3.4.2.1.2: Reliability assessment (result 2)": 0.32164573669433594,
    "Step 3.4.2.1.2: Reliability assessment (result 3)": 0.32205891609191895,
    "Step 3.4.2.1.2: Reliability assessment (result 4)": 0.32231903076171875,
    "Step 3.4.2.1.2: Reliability assessment (result 5)": 0.3221759796142578,
    "Step 3.5.2.1.2: Reliability assessment (result 4)": 0.9838418960571289,
    "Step 3.4.2.1.2: Reliability assessment (result 1)": 0.3231828212738037,
    "Step 3.5.2.2.2: Reliability assessment (result 3)": 0.0018169879913330078,
    "Step 3.5.2.2.2: Reliability assessment (result 4)": 0.0019207000732421875,
    "Step 3.5.2.2.2: Reliability assessment (result 5)": 0.6843869686126709,
    "Step 3.5.2.2.2: Reliability assessment (result 1)": 1.0251500606536865,
    "Step 3.3.2.1.2: Reliability assessment (result 1)": 1.0680530071258545,
    "Step 3.3.2.1.2: Reliability assessment (result 2)": 1.0677776336669922,
    "Step 3.3.2.1.2: Reliability assessment (result 3)": 1.0677988529205322,
    "Step 3.5.2.2.2: Reliability assessment (result 2)": 1.392120122909546,
    "Step 3.3.2.1.2: Reliability assessment (result 5)": 1.067868947982788,
    "Step 3.3.2.1.2: Reliability assessment (result 6)": 1.1828529834747314,
    "Step 3.3.2.1.2: Reliability assessment (result 4)": 1.316391944885254,
    "Step 3.1.2.2.2: Reliability assessment (result 1)": 0.9565310478210449,
    "Step 3.1.2.2.2: Reliability assessment (result 3)": 2.1646711826324463,
    "Step 3.1.2.2.2: Reliability assessment (result 2)": 2.165001153945923,
    "Step 3.3.2.2.2: Reliability assessment (result 1)": 1.82486891746521,
    "Step 3.3.2.2.2: Reliability assessment (result 2)": 1.8248260021209717,
    "Step 3.1.2.2.2: Reliability assessment (result 4)": 2.199962854385376,
    "Step 3.3.2.2.2: Reliability assessment (result 4)": 2.2630538940429688,
    "Step 3.3.2.2.2: Reliability assessment (result 3)": 2.485691785812378,
    "Step 3.3.2.2.2: Reliability assessment (result 5)": 2.8834049701690674,
    "Step 3.4.2.2.3: Content fetching (result 1)": 5.81946325302124,
    "Step 3.4.2.2.3: Content fetching (result 2)": 5.824707984924316,
    "Step 3.4.2.2.3: Content fetching (result 3)": 5.828205108642578,
    "Step 3.5.2.2.3: Content fetching (result 3)": 5.2809998989105225,
    "Step 3.5.2.2.3: Content fetching (result 4)": 6.291023015975952,
    "Step 3.1.2.1.2: Reliability assessment (result 1)": 4.901202201843262,
    "Step 3.5.2.2.3: Content fetching (result 5)": 5.790539026260376,
    "Step 3.5.2.2.3: Content fetching (result 2)": 5.093652009963989,
    "Step 3.5.2.2.3: Content fetching (result 1)": 5.463166952133179,
    "Step 3.1.2.1.2: Reliability assessment (result 2)": 5.506454944610596,
    "Step 3.1.2.1.2: Reliability assessment (result 5)": 5.625910997390747,
    "Step 3.1.2.1.2: Reliability assessment (result 4)": 5.628741979598999,
    "Step 3.5.2.1.3: Content fetching (result 2)": 8.001134157180786,
    "Step 3.5.2.1.3: Content fetching (result 1)": 8.014003992080688,
    "Step 3.5.2.1.3: Content fetching (result 5)": 8.018342018127441,
    "Step 3.2.2.1.2: Reliability assessment (result 2)": 4.525434255599976,
    "Step 3.5.2.1.3: Content fetching (result 3)": 8.023492097854614,
    "Step 3.5.2.1.3: Content fetching (result 4)": 7.378870010375977,
    "Step 3.1.2.1.2: Reliability assessment (result 3)": 6.053553819656372,
    "Step 3.2.2.1.2: Reliability assessment (result 3)": 5.421440124511719,
    "Step 3.2.2.1.2: Reliability assessment (result 1)": 5.4216392040252686,
    "Step 3.2.2.1.2: Reliability assessment (result 4)": 5.429615020751953,
    "Step 3.4.2.1.3: Content fetching (result 2)": 9.37992811203003,
    "Step 3.4.2.1.3: Content fetching (result 3)": 9.38150405883789,
    "Step 3.4.2.1.3: Content fetching (result 4)": 9.383121967315674,
    "Step 3.4.2.1.3: Content fetching (result 5)": 9.385605812072754,
    "Step 3.4.2.1.3: Content fetching (result 1)": 9.390186071395874,
    "Step 3.3.2.1.3: Content fetching (result 1)": 10.825320959091187,
    "Step 3.3.2.1.3: Content fetching (result 2)": 10.83073878288269,
    "Step 3.3.2.1.3: Content fetching (result 3)": 10.832847118377686,
    "Step 3.3.2.1.3: Content fetching (result 5)": 10.835217714309692,
    "Step 3.3.2.1.3: Content fetching (result 6)": 10.7220778465271,
    "Step 3.3.2.1.3: Content fetching (result 4)": 10.590768098831177,
    "Step 3.2.2.1.3: Content fetching (result 1)": 8.241600036621094,
    "Step 3.2.2.1.3: Content fetching (result 2)": 9.142330884933472,
    "Step 3.2.2.1.3: Content fetching (result 3)": 8.250310897827148,
    "Step 3.2.2.2.2: Reliability assessment (result 3)": 2.968039035797119,
    "Step 3.2.2.1.3: Content fetching (result 4)": 8.244265079498291,
    "Step 3.5.2.1.4: Evidence extraction (result 4)": 10.072689771652222,
    "Step 3.2.2.2.2: Reliability assessment (result 5)": 3.9396727085113525,
    "Step 3.2.2.2.2: Reliability assessment (result 4)": 3.9473001956939697,
    "Step 3.2.2.2.2: Reliability assessment (result 2)": 3.9626450538635254,
    "Step 3.2.2.2.2: Reliability assessment (result 1)": 3.9866230487823486,
    "Step 3.3.2.2.3: Content fetching (result 1)": 15.230443000793457,
    "Step 3.3.2.2.3: Content fetching (result 2)": 15.232563972473145,
    "Step 3.3.2.2.3: Content fetching (result 4)": 14.797433853149414,
    "Step 3.3.2.2.3: Content fetching (result 3)": 14.576622247695923,
    "Step 3.3.2.2.3: Content fetching (result 5)": 14.181242942810059,
    "Step 3.5.2.2.4: Evidence extraction (result 1)": 11.899342060089111,
    "Step 3.1.2.2.3: Content fetching (result 1)": 16.747195959091187,
    "Step 3.1.2.2.3: Content fetching (result 3)": 15.54275918006897,
    "Step 3.1.2.2.3: Content fetching (result 2)": 15.54434084892273,
    "Step 3.1.2.2.3: Content fetching (result 4)": 15.51105523109436,
    "Step 3.5.2.2.4: Evidence extraction (result 5)": 12.121456861495972,
    "Step 3.5.2.2.4: Evidence extraction (result 2)": 12.396915197372437,
    "Step 3.2.2.1.4: Evidence extraction (result 3)": 2.405223846435547,
    "Step 3.2.2.1.4: Evidence extraction (result 4)": 2.5616328716278076,
    "Step 3.2.2.1.4: Evidence extraction (result 2)": 2.568312883377075,