{
  "timing": {
    "total_seconds": 87.42203497886658,
    "Step 1: Transcript extraction": 0.9956510066986084,
    "Step 2: Claim extraction": 7.5103349685668945,
    "Step 3.2.1: Query generation for claim 2": 3.147387981414795,
    "Step 3.5.1: Query generation for claim 5": 3.1481950283050537,
    "Step 3.1.1: Query generation for claim 1": 3.1538631916046143,
    "Step 3.3.1: Query generation for claim 3": 3.4447989463806152,
    "Step 3.5.2.1.1.1: Google Search API (batch 1)": 1.0202207565307617,
    "Step 3.2.2.2.1.1: Google Search API (batch 1)": 1.0662150382995605,
    "Step 3.5.2.2.1.1: Google Search API (batch 1)": 0.9846160411834717,
    "Step 3.2.2.1.1.1: Google Search API (batch 1)": 1.116744041442871,
    "Step 3.3.2.1.1.1: Google Search API (batch 1)": 0.8594412803649902,
    "Step 3.1.2.1.1.1: Google Search API (batch 1)": 1.0010428428649902,
    "Step 3.3.2.2.1.1: Google Search API (batch 1)": 0.9965238571166992,
    "Step 3.1.2.2.1.1: Google Search API (batch 1)": 1.2125599384307861,
    "Step 3.1.2.2.2: Reliability assessment (result 1)": 0.3192157745361328,
    "Step 3.1.2.2.2: Reliability assessment (result 3)": 0.3194608688354492,
    "Step 3.1.2.1.2: Reliability assessment (result 2)": 0.3090379238128662,
    "Step 3.1.2.1.2: Reliability assessment (result 4)": 0.3093719482421875,
    "Step 3.3.2.2.2: Reliability assessment (result 2)": 0.3264729976654053,
    "Step 3.3.2.2.2: Reliability assessment (result 3)": 0.32659912109375,
    "Step 3.3.2.1.2: Reliability assessment (result 1)": 0.0012788772583007812,
    "Step 3.3.2.1.2: Reliability assessment (result 2)": 0.0013637542724609375,
    "Step 3.3.2.2.2: Reliability assessment (result 1)": 0.3377079963684082,
    "Step 3.1.2.1.2: Reliability assessment (result 1)": 0.6514697074890137,
    "Step 3.1.2.1.2: Reliability assessment (result 5)": 0.6543819904327393,
    "Step 3.1.2.2.2: Reliability assessment (result 2)": 1.0152699947357178,
    "Step 3.3.2.1.2: Reliability assessment (result 4)": 0.22609901428222656,
    "Step 3.3.2.1.2: Reliability assessment (result 3)": 0.25841498374938965,
    "Step 3.1.2.1.2: Reliability assessment (result 3)": 1.2882280349731445,
    "Step 3.3.2.2.2: Reliability assessment (result 4)": 0.9794270992279053,
    "Step 3.5.2.1.2: Reliability assessment (result 1)": 0.0008771419525146484,
    "Step 3.5.2.1.2: Reliability assessment (result 2)": 0.0008630752563476562,
    "Step 3.5.2.1.2: Reliability assessment (result 3)": 0.0008788108825683594,
    "Step 3.5.2.1.2: Reliability assessment (result 4)": 0.0008809566497802734,
    "Step 3.5.2.1.2: Reliability assessment (result 6)": 1.2778589725494385,
    "Step 3.5.2.1.2: Reliability assessment (result 5)": 2.101344108581543,
    "Step 3.1.2.2.3: Content fetching (result 1)": 7.2906317710876465,
    "Step 3.1.2.2.3: Content fetching (result 3)": 7.29444694519043,
    "Step 3.1.2.2.3: Content fetching (result 2)": 6.601128101348877,
    "Step 3.3.2.1.3: Content fetching (result 1)": 8.848127841949463,
    "Step 3.3.2.1.3: Content fetching (result 2)": 8.850081205368042,
    "Step 3.3.2.1.3: Content fetching (result 4)": 8.627442836761475,
    "Step 3.3.2.1.3: Content fetching (result 3)": 8.596794128417969,
    "Step 3.2.2.2.2: Reliability assessment (result 3)": 2.084449052810669,
    "Step 3.1.2.1.3: Content fetching (result 2)": 10.542190074920654,
    "Step 3.2.2.2.2: Reliability assessment (result 2)": 2.086193799972534,
    "Step 3.1.2.1.3: Content fetching (result 4)": 10.542917013168335,
    "Step 3.1.2.1.3: Content fetching (result 1)": 10.203551054000854,
    "Step 3.1.2.1.3: Content fetching (result 5)": 10.201143026351929,
    "Step 3.1.2.1.3: Content fetching (result 3)": 9.567728996276855,
    "Step 3.2.2.2.2: Reliability assessment (result 1)": 2.090070962905884,
    "Step 3.2.2.1.2: Reliability assessment (result 1)": 0.006022214889526367,
    "Step 3.2.2.1.2: Reliability assessment (result 3)": 0.2579209804534912,
    "Step 3.2.2.2.2: Reliability assessment (result 4)": 2.734661102294922,
    "Step 3.2.2.2.2: Reliability assessment (result 5)": 2.7347049713134766,
    "Step 3.4.1: Query generation for claim 4": 18.07303285598755,
    "Step 3.2.2.1.2: Reliability assessment (result 4)": 0.9911799430847168,
    "Step 3.2.2.1.2: Reliability assessment (result 2)": 1.017812967300415,
    "Step 3.2.2.1.2: Reliability assessment (result 5)": 1.174767017364502,
    "Step 3.2.2.2.2: Reliability assessment (result 6)": 3.5726089477539062,
    "Step 3.5.2.2.2: Reliability assessment (result 3)": 0.838245153427124,
    "Step 3.5.2.2.2: Reliability assessment (result 4)": 0.838270902633667,
    "Step 3.5.2.2.2: Reliability assessment (result 1)": 1.5804400444030762,
    "Step 3.5.2.2.2: Reliability assessment (result 2)": 1.7082710266113281,
    "Step 3.3.2.2.3: Content fetching (result 2)": 12.81019902229309,
    "Step 3.3.2.2.3: Content fetching (result 3)": 12.811867237091064,
    "Step 3.3.2.2.3: Content fetching (result 1)": 12.802854061126709,
    "Step 3.3.2.2.3: Content fetching (result 4)": 12.163508176803589,
    "Step 3.5.2.2.2: Reliability assessment (result 5)": 2.04396915435791,
    "Step 3.5.2.2.2: Reliability assessment (result 6)": 2.418861150741577,
    "Step 3.5.2.1.3: Content fetching (result 1)": 15.628302097320557,
    "Step 3.2.2.1.3: Content fetching (result 1)": 6.741162061691284,
    "Step 3.2.2.1.3: Content fetching (result 3)": 6.491955041885376,
    "Step 3.2.2.1.3: Content fetching (result 4)": 5.761405944824219,
    "Step 3.2.2.1.3: Content fetching (result 2)": 5.737761735916138,
    "Step 3.2.2.1.3: Content fetching (result 5)": 5.58282208442688,
    "Step 3.5.2.1.3: Content fetching (result 2)": 16.640226125717163,
    "Step 3.5.2.1.3: Content fetching (result 3)": 16.650493144989014,
    "Step 3.5.2.1.3: Content fetching (result 4)": 16.652575254440308,
    "Step 3.5.2.1.3: Content fetching (result 6)": 15.383969783782959,
    "Step 3.5.2.1.3: Content fetching (result 5)": 14.563040971755981,
    "Step 3.2.2.2.3: Content fetching (result 3)": 8.564078092575073,
    "Step 3.2.2.2.3: Content fetching (result 1)": 8.577132225036621,
    "Step 3.2.2.2.3: Content fetching (result 2)": 8.583462953567505,
    "Step 3.2.2.2.3: Content fetching (result 5)": 7.93703293800354,
    "Step 3.2.2.2.3: Content fetching (result 4)": 7.93887996673584,
    "Step 3.2.2.2.3: Content fetching (result 6)": 7.1027398109436035,
    "Step 3.5.2.1.4: Evidence extraction (result 5)": 9.9928719997406,
    "Step 3.1.2.2.4: Evidence extraction (result 1)": 22.109447240829468,
    "Step 3.1.2.2.4: Evidence extraction (result 2)": 22.11122989654541,
    "Step 3.1.2.2.4: Evidence extraction (result 3)": 22.126901149749756,
    "Step 3.1.2: Search execution for claim 1 query 2": 32.71063494682312,
    "Step 3.5.2.1.4: Evidence extraction (result 2)": 11.670145988464355,
    "Step 3.3.2.1.4: Evidence extraction (result 4)": 20.113309860229492,
    "Step 3.3.2.1.4: Evidence extraction (result 1)": 20.127723693847656,
    "Step 3.1.2.1.4: Evidence extraction (result 4)": 18.908647775650024,
    "Step 3.5.2.1.4: Evidence extraction (result 6)": 11.817792892456055,
    "Step 3.1.2.1.4: Evidence extraction (result 2)": 18.98331880569458,
    "Step 3.3.2.1.4: Evidence extraction (result 2)": 20.34886384010315,
    "Step 3.3.2.1.4: Evidence extraction (result 3)": 20.354607105255127,
    "Step 3.3.2: Search execution for claim 3 query 1": 33.08654022216797,
    "Step 3.1.2.1.4: Evidence extraction (result 1)": 19.10824990272522,
    "Step 3.1.2.1.4: Evidence extraction (result 3)": 19.122026920318604,
    "Step 3.1.2.1.4: Evidence extraction (result 5)": 20.78540802001953,
    "Step 3.1.2: Search execution for claim 1 query 1": 34.97712707519531,
    "Step 3.2.2.1.4: Evidence extraction (result 3)": 18.283686876296997,
    "Step 3.3.2.2.4: Evidence extraction (result 3)": 22.510698795318604,
    "Step 3.3.2.2.4: Evidence extraction (result 2)": 22.54111409187317,