{
  "timing": {
    "total_seconds": 74.63674283027649,
    "Step 1: Transcript extraction": 1.1125519275665283,
    "Step 2: Claim extraction": 7.911568880081177,
    "Step 3.5.1: Query generation for claim 5": 2.116044044494629,
    "Step 3.2.1: Query generation for claim 2": 2.2464027404785156,
    "Step 3.7.1: Query generation for claim 7": 2.244016170501709,
    "Step 3.3.1: Query generation for claim 3": 2.417212963104248,
    "Step 3.6.1: Query generation for claim 6": 2.4160470962524414,
    "Step 3.4.1: Query generation for claim 4": 2.417564868927002,
    "Step 3.1.1: Query generation for claim 1": 2.8093488216400146,
    "Step 3.5.2.1.1.1: Google Search API (batch 1)": 1.4683709144592285,
    "Step 3.2.2.1.1.1: Google Search API (batch 1)": 1.3819031715393066,
    "Step 3.6.2.1.1.1: Google Search API (batch 1)": 1.098642110824585,
    "Step 3.5.2.2.1.1: Google Search API (batch 1)": 1.431563138961792,
    "Step 3.3.2.2.1.1: Google Search API (batch 1)": 1.1578779220581055,
    "Step 3.2.2.2.1.1: Google Search API (batch 1)": 1.3584370613098145,
    "Step 3.4.2.1.1.1: Google Search API (batch 1)": 1.03196120262146,
    "Step 3.1.2.1.1.1: Google Search API (batch 1)": 0.8315892219543457,
    "Step 3.7.2.1.1.1: Google Search API (batch 1)": 1.317767858505249,
    "Step 3.4.2.2.1.1: Google Search API (batch 1)": 0.9927079677581787,
    "Step 3.6.2.2.1.1: Google Search API (batch 1)": 1.078202247619629,
    "Step 3.3.2.1.1.1: Google Search API (batch 1)": 1.2173519134521484,
    "Step 3.7.2.2.1.1: Google Search API (batch 1)": 1.3477168083190918,
    "Step 3.1.2.2.1.1: Google Search API (batch 1)": 0.932945966720581,
    "Step 3.5.2.1.2: Reliability assessment (result 1)": 0.3294711112976074,
    "Step 3.5.2.1.2: Reliability assessment (result 2)": 0.32950615882873535,
    "Step 3.5.2.1.2: Reliability assessment (result 3)": 0.32952094078063965,
    "Step 3.5.2.1.2: Reliability assessment (result 4)": 0.32953596115112305,
    "Step 3.7.2.2.2: Reliability assessment (result 1)": 0.6761960983276367,
    "Step 3.7.2.2.2: Reliability assessment (result 2)": 0.6763138771057129,
    "Step 3.7.2.2.2: Reliability assessment (result 3)": 0.676537036895752,
    "Step 3.3.2.1.2: Reliability assessment (result 2)": 0.332794189453125,
    "Step 3.3.2.1.2: Reliability assessment (result 3)": 0.33304619789123535,
    "Step 3.3.2.1.2: Reliability assessment (result 4)": 0.33343005180358887,
    "Step 3.4.2.2.2: Reliability assessment (result 2)": 0.3332240581512451,
    "Step 3.4.2.2.2: Reliability assessment (result 3)": 0.33331298828125,
    "Step 3.4.2.2.2: Reliability assessment (result 4)": 0.3333261013031006,
    "Step 3.4.2.2.2: Reliability assessment (result 5)": 0.33331894874572754,
    "Step 3.3.2.2.2: Reliability assessment (result 3)": 0.39895105361938477,
    "Step 3.3.2.1.2: Reliability assessment (result 1)": 1.2285370826721191,
    "Step 3.3.2.2.2: Reliability assessment (result 5)": 0.5622642040252686,
    "Step 3.4.2.2.2: Reliability assessment (result 1)": 1.036303997039795,
    "Step 3.3.2.2.2: Reliability assessment (result 4)": 1.0634181499481201,
    "Step 3.3.2.2.2: Reliability assessment (result 1)": 1.185948133468628,
    "Step 3.3.2.2.2: Reliability assessment (result 2)": 1.834604024887085,
    "Step 3.7.2.2.3: Content fetching (result 1)": 5.709118366241455,
    "Step 3.7.2.2.3: Content fetching (result 2)": 5.711606025695801,
    "Step 3.7.2.2.3: Content fetching (result 3)": 5.7133519649505615,
    "Step 3.5.2.1.3: Content fetching (result 1)": 8.346765041351318,
    "Step 3.5.2.1.3: Content fetching (result 2)": 8.349897861480713,
    "Step 3.6.2.1.2: Reliability assessment (result 2)": 5.5083839893341064,
    "Step 3.5.2.1.3: Content fetching (result 4)": 8.352464199066162,
    "Step 3.6.2.1.2: Reliability assessment (result 4)": 5.510035991668701,
    "Step 3.5.2.1.3: Content fetching (result 3)": 8.355037927627563,
    "Step 3.6.2.1.2: Reliability assessment (result 1)": 6.519769191741943,
    "Step 3.4.2.1.2: Reliability assessment (result 2)": 5.701541185379028,
    "Step 3.6.2.1.2: Reliability assessment (result 3)": 6.615432262420654,
    "Step 3.4.2.1.2: Reliability assessment (result 1)": 5.800241231918335,
    "Step 3.3.2.1.3: Content fetching (result 2)": 9.560674905776978,
    "Step 3.2.2.2.2: Reliability assessment (result 1)": 6.203613996505737,
    "Step 3.2.2.2.2: Reliability assessment (result 2)": 6.203609943389893,
    "Step 3.2.2.2.2: Reliability assessment (result 3)": 6.203618049621582,
    "Step 3.3.2.1.3: Content fetching (result 3)": 9.562088966369629,
    "Step 3.3.2.1.3: Content fetching (result 4)": 9.564382791519165,
    "Step 3.3.2.1.3: Content fetching (result 1)": 8.672201156616211,
    "Step 3.4.2.1.2: Reliability assessment (result 4)": 6.968274116516113,
    "Step 3.4.2.1.2: Reliability assessment (result 3)": 6.969212770462036,
    "Step 3.2.2.2.2: Reliability assessment (result 5)": 6.991682052612305,
    "Step 3.2.2.2.2: Reliability assessment (result 4)": 7.280466318130493,
    "Step 3.4.2.2.3: Content fetching (result 2)": 10.779912948608398,
    "Step 3.4.2.2.3: Content fetching (result 3)": 10.783793926239014,
    "Step 3.4.2.2.3: Content fetching (result 4)": 10.78763222694397,
    "Step 3.4.2.2.3: Content fetching (result 5)": 10.78994107246399,
    "Step 3.4.2.2.3: Content fetching (result 1)": 10.089666843414307,
    "Step 3.1.2.2.2: Reliability assessment (result 2)": 1.1748790740966797,
    "Step 3.2.2.2.2: Reliability assessment (result 6)": 7.854035139083862,
    "Step 3.1.2.2.2: Reliability assessment (result 4)": 1.260732889175415,
    "Step 3.1.2.2.2: Reliability assessment (result 1)": 2.2809929847717285,
    "Step 3.1.2.2.2: Reliability assessment (result 3)": 2.29304575920105,
    "Step 3.1.2.2.2: Reliability assessment (result 5)": 2.4423890113830566,
    "Step 3.1.2.2.2: Reliability assessment (result 6)": 3.6435678005218506,
    "Step 3.3.2.2.3: Content fetching (result 3)": 14.55492091178894,
    "Step 3.3.2.2.3: Content fetching (result 5)": 14.394258260726929,
    "Step 3.3.2.2.3: Content fetching (result 4)": 13.89662504196167,
    "Step 3.3.2.2.3: Content fetching (result 1)": 14.149060726165771,
    "Step 3.3.2.2.3: Content fetching (result 2)": 13.50233006477356,
    "Step 3.4.2.1.3: Content fetching (result 2)": 12.887756109237671,
    "Step 3.4.2.1.3: Content fetching (result 1)": 12.791097164154053,
    "Step 3.4.2.1.3: Content fetching (result 4)": 11.624823093414307,
    "Step 3.4.2.1.3: Content fetching (result 3)": 11.626106262207031,
    "Step 3.7.2.1.2: Reliability assessment (result 2)": 6.8804590702056885,
    "Step 3.7.2.1.2: Reliability assessment (result 3)": 7.722283840179443,
    "Step 3.7.2.1.2: Reliability assessment (result 1)": 8.286633968353271,
    "Step 3.6.2.1.3: Content fetching (result 2)": 15.654463052749634,
    "Step 3.2.2.1.2: Reliability assessment (result 1)": 7.66139817237854,
    "Step 3.6.2.1.3: Content fetching (result 4)": 15.654016971588135,
    "Step 3.6.2.1.3: Content fetching (result 1)": 14.647502899169922,
    "Step 3.2.2.1.2: Reliability assessment (result 4)": 7.664575099945068,
    "Step 3.6.2.1.3: Content fetching (result 3)": 14.551028966903687,
    "Step 3.7.2.1.2: Reliability assessment (result 4)": 9.039235830307007,
    "Step 3.7.2.1.2: Reliability assessment (result 5)": 9.276062965393066,
    "Step 3.2.2.1.2: Reliability assessment (result 5)": 8.595358848571777,
    "Step 3.6.2.2.2: Reliability assessment (result 3)": 8.261094808578491,
    "Step 3.2.2.1.2: Reliability assessment (result 6)": 8.96417784690857,
    "Step 3.2.2.1.2: Reliability assessment (result 3)": 9.03176498413086,
    "Step 3.2.2.1.2: Reliability assessment (result 2)": 9.093815088272095,
    "Step 3.6.2.2.2: Reliability assessment (result 1)": 9.005634069442749,
    "Step 3.6.2.2.2: Reliability assessment (result 4)": 9.061590909957886,
    "Step 3.6.2.2.2: Reliability assessment (result 2)": 9.15762186050415,