{
  "timing": {
    "total_seconds": 47.67654204368591,
    "Step 1: Transcript extraction": 5.411838054656982,
    "Step 2: Claim extraction": 13.914785861968994,
    "Step 3.1.1: Query generation for claim 1": 1.884962797164917,
    "Step 3.1.2.1.1.1: Google Search API (batch 1)": 0.8079397678375244,
    "Step 3.1.2.2.1.1: Google Search API (batch 1)": 0.9049160480499268,
    "Step 3.1.2.1.2: Reliability assessment (result 2)": 0.00047326087951660156,
    "Step 3.1.2.1.2: Reliability assessment (result 6)": 0.0007889270782470703,
    "Step 3.1.2.1.2: Reliability assessment (result 3)": 0.5052621364593506,
    "Step 3.1.2.1.2: Reliability assessment (result 1)": 0.5835781097412109,
    "Step 3.1.2.1.2: Reliability assessment (result 5)": 0.5952084064483643,
    "Step 3.1.2.1.2: Reliability assessment (result 4)": 0.623769998550415,
    "Step 3.1.2.2.2: Reliability assessment (result 3)": 0.0004999637603759766,
    "Step 3.1.2.2.2: Reliability assessment (result 6)": 0.0007607936859130859,
    "Step 3.1.2.2.2: Reliability assessment (result 1)": 0.48982787132263184,
    "Step 3.1.2.2.2: Reliability assessment (result 5)": 0.6387009620666504,
    "Step 3.1.2.2.2: Reliability assessment (result 4)": 0.6920719146728516,
    "Step 3.1.2.2.2: Reliability assessment (result 2)": 0.9072272777557373,
    "Step 3.1.2.1.3: Content fetching (result 2)": 11.753767013549805,
    "Step 3.1.2.1.3: Content fetching (result 6)": 11.756315231323242,
    "Step 3.1.2.1.3: Content fetching (result 3)": 11.253618001937866,
    "Step 3.1.2.1.3: Content fetching (result 1)": 11.177992820739746,
    "Step 3.1.2.1.3: Content fetching (result 5)": 11.168045043945312,
    "Step 3.1.2.1.3: Content fetching (result 4)": 11.141018152236938,
    "Step 3.1.2.2.3: Content fetching (result 3)": 10.652065992355347,
    "Step 3.1.2.2.3: Content fetching (result 6)": 10.653686046600342,
    "Step 3.1.2.2.3: Content fetching (result 1)": 10.166622877120972,
    "Step 3.1.2.2.3: Content fetching (result 5)": 10.019366264343262,
    "Step 3.1.2.2.3: Content fetching (result 4)": 9.968453884124756,
    "Step 3.1.2.2.3: Content fetching (result 2)": 9.75493311882019,
    "Step 3.1.2.2.4: Evidence extraction (result 6)": 3.929410934448242,
    "Step 3.1.2.2.4: Evidence extraction (result 4)": 4.810201168060303,
    "Step 3.1.2.1.4: Evidence extraction (result 6)": 5.097469806671143,
    "Step 3.1.2.2.4: Evidence extraction (result 1)": 4.979852199554443,
    "Step 3.1.2.1.4: Evidence extraction (result 3)": 5.157341957092285,
    "Step 3.1.2.1.4: Evidence extraction (result 5)": 5.168140172958374,
    "Step 3.1.2.1.4: Evidence extraction (result 1)": 5.260483264923096,
    "Step 3.1.2.2.4: Evidence extraction (result 5)": 5.485445737838745,
    "Step 3.1.2.1.4: Evidence extraction (result 4)": 5.774776935577393,
    "Step 3.1.2.2.4: Evidence extraction (result 3)": 5.81151008605957,
    "Step 3.1.2.1.4: Evidence extraction (result 2)": 6.414339780807495,
    "Step 3.1.2: Search execution for claim 1 query 1": 23.600470066070557,
    "Step 3.1.2.2.4: Evidence extraction (result 2)": 6.389142036437988,
    "Step 3.1.2: Search execution for claim 1 query 2": 23.638588190078735,
    "Step 3.1.3: Verdict generation for claim 1": 2.6292731761932373,
    "Step 3: Query generation + search + verdicts for all claims (PARALLEL)": 28.23529601097107,
    "Step 4: Sort and assemble final output": 0.0007960796356201172
  },
  "llm": {
    "total_calls": 15,
    "total_cost_usd": 0.0047724,
    "total_latency_seconds": 80.05
  },
  "claims_extracted": 1,
  "success": true,
  "error": null
}
