{
  "timing": {
    "total_seconds": 86.90559220314026,
    "Step 1: Transcript extraction": 1.213893175125122,
    "Step 2: Claim extraction": 29.026432037353516,
    "Step 3.1.1: Query generation for claim 1": 2.848520278930664,
    "Step 3.1.2.1.1.1: Google Search API (batch 1)": 1.0211389064788818,
    "Step 3.1.2.2.1.1: Google Search API (batch 1)": 0.9793140888214111,
    "Step 3.1.2.2.2: Reliability assessment (result 1)": 0.2981572151184082,
    "Step 3.1.2.2.2: Reliability assessment (result 2)": 0.298234224319458,
    "Step 3.1.2.2.2: Reliability assessment (result 3)": 0.2984130382537842,
    "Step 3.1.2.2.2: Reliability assessment (result 4)": 0.29865074157714844,
    "Step 3.1.2.1.2: Reliability assessment (result 1)": 0.0012378692626953125,
    "Step 3.1.2.1.2: Reliability assessment (result 2)": 0.0012848377227783203,
    "Step 3.1.2.1.2: Reliability assessment (result 3)": 0.0014667510986328125,
    "Step 3.1.2.1.2: Reliability assessment (result 4)": 0.001756906509399414,
    "Step 3.1.2.2.2: Reliability assessment (result 5)": 1.0014820098876953,
    "Step 3.1.2.1.2: Reliability assessment (result 5)": 0.8801059722900391,
    "Step 3.1.2.1.2: Reliability assessment (result 6)": 1.0108850002288818,
    "Step 3.1.2.2.3: Content fetching (result 3)": 11.386263132095337,
    "Step 3.1.2.2.3: Content fetching (result 1)": 11.496150970458984,
    "Step 3.1.2.2.3: Content fetching (result 4)": 11.58834719657898,
    "Step 3.1.2.2.3: Content fetching (result 2)": 11.678483963012695,
    "Step 3.1.2.2.3: Content fetching (result 5)": 11.064494848251343,
    "Step 3.1.2.1.3: Content fetching (result 2)": 12.56533932685852,
    "Step 3.1.2.1.3: Content fetching (result 4)": 12.688570022583008,
    "Step 3.1.2.1.3: Content fetching (result 6)": 11.783145904541016,
    "Step 3.1.2.1.3: Content fetching (result 1)": 12.896375894546509,
    "Step 3.1.2.1.3: Content fetching (result 3)": 12.997580766677856,
    "Step 3.1.2.1.3: Content fetching (result 5)": 12.224775075912476,
    "Step 3.1.2.2.4: Evidence extraction (result 1)": 2.348290205001831,
    "Step 3.1.2.2.4: Evidence extraction (result 4)": 2.3894882202148438,
    "Step 3.1.2.2.4: Evidence extraction (result 5)": 2.3211138248443604,
    "Step 3.1.2.1.4: Evidence extraction (result 6)": 1.9936399459838867,
    "Step 3.1.2.1.4: Evidence extraction (result 4)": 2.935318946838379,
    "Step 3.1.2.2.4: Evidence extraction (result 2)": 4.121124029159546,
    "Step 3.1.2.2.4: Evidence extraction (result 3)": 4.4271559715271,
    "Step 3.1.2: Search execution for claim 1 query 2": 19.095640897750854,
    "Step 3.1.2.1.4: Evidence extraction (result 2)": 18.4653959274292,
    "Step 3.1.2.1.4: Evidence extraction (result 5)": 18.118231058120728,
    "Step 3.1.2.1.4: Evidence extraction (result 3)": 18.29591393470764,
    "Step 3.1.2.1.4: Evidence extraction (result 1)": 18.405665159225464,
    "Step 3.1.2: Search execution for claim 1 query 1": 34.656739950180054,
    "Step 3.1.3: Verdict generation for claim 1": 18.965048789978027,
    "Step 3: Query generation + search + verdicts for all claims (PARALLEL)": 56.47168517112732,
    "Step 4: Sort and assemble final output": 0.00011491775512695312
  },
  "llm": {
    "total_calls": 9,
    "total_cost_usd": 0.0024378,
    "total_latency_seconds": 48.05
  },
  "claims_extracted": 1,
  "success": true,
  "error": null
}
