{
  "timing": {
    "total_seconds": 96.09749603271484,
    "Step 1: Transcript extraction": 1.1428978443145752,
    "Step 2: Claim extraction": 24.39646577835083,
    "Step 3.1.1: Query generation for claim 1": 2.1511240005493164,
    "Step 3.1.2.2.1.1: Google Search API (batch 1)": 1.3148720264434814,
    "Step 3.1.2.1.1.1: Google Search API (batch 1)": 1.4473321437835693,
    "Step 3.1.2.2.2: Reliability assessment (result 1)": 0.00041031837463378906,
    "Step 3.1.2.2.2: Reliability assessment (result 2)": 0.0004112720489501953,
    "Step 3.1.2.2.2: Reliability assessment (result 3)": 0.00041484832763671875,
    "Step 3.1.2.2.2: Reliability assessment (result 4)": 0.0004210472106933594,
    "Step 3.1.2.1.2: Reliability assessment (result 1)": 0.0004291534423828125,
    "Step 3.1.2.1.2: Reliability assessment (result 2)": 0.0004470348358154297,
    "Step 3.1.2.1.2: Reliability assessment (result 3)": 0.0006031990051269531,
    "Step 3.1.2.1.2: Reliability assessment (result 5)": 0.6038179397583008,
    "Step 3.1.2.2.3: Content fetching (result 1)": 3.655911922454834,
    "Step 3.1.2.2.3: Content fetching (result 3)": 3.6582889556884766,
    "Step 3.1.2.2.3: Content fetching (result 2)": 3.6599371433258057,
    "Step 3.1.2.2.3: Content fetching (result 4)": 3.661126136779785,
    "Step 3.1.2.2.4: Evidence extraction (result 4)": 2.794097900390625,
    "Step 3.1.2.2.4: Evidence extraction (result 1)": 2.812023162841797,
    "Step 3.1.2.2.4: Evidence extraction (result 2)": 3.1208488941192627,
    "Step 3.1.2.2.4: Evidence extraction (result 3)": 3.700105905532837,
    "Step 3.1.2.2.2: Reliability assessment (result 5)": 10.374278783798218,
    "Step 3.1.2.1.2: Reliability assessment (result 4)": 10.378231763839722,
    "Step 3.1.2.2.3: Content fetching (result 5)": 4.288106203079224,
    "Step 3.1.2.1.3: Content fetching (result 1)": 14.803904056549072,
    "Step 3.1.2.1.3: Content fetching (result 3)": 14.80591607093811,
    "Step 3.1.2.1.3: Content fetching (result 2)": 14.807569026947021,
    "Step 3.1.2.1.3: Content fetching (result 5)": 14.208194017410278,
    "Step 3.1.2.1.3: Content fetching (result 4)": 4.435861825942993,
    "Step 3.1.2.2.4: Evidence extraction (result 5)": 11.42206597328186,
    "Step 3.1.2: Search execution for claim 1 query 2": 39.72781991958618,
    "Step 3.1.2.1.4: Evidence extraction (result 4)": 11.217864751815796,
    "Step 3.1.2.1.4: Evidence extraction (result 2)": 11.791073083877563,
    "Step 3.1.2.1.4: Evidence extraction (result 3)": 18.072046041488647,
    "Step 3.1.2.1.4: Evidence extraction (result 1)": 18.150166034698486,
    "Step 3.1.2.1.4: Evidence extraction (result 5)": 18.313491344451904,
    "Step 3.1.2: Search execution for claim 1 query 1": 47.3862190246582,
    "Step 3.1.3: Verdict generation for claim 1": 20.85357093811035,
    "Step 3: Query generation + search + verdicts for all claims (PARALLEL)": 70.39228701591492,
    "Step 4: Sort and assemble final output": 0.00015592575073242188
  },
  "llm": {
    "total_calls": 10,
    "total_cost_usd": 0.00220605,
    "total_latency_seconds": 88.73
  },
  "claims_extracted": 1,
  "success": true,
  "error": null
}
