{
  "timing": {
    "total_seconds": 84.05325984954834,
    "Step 1: Transcript extraction": 1.1236639022827148,
    "Step 2: Claim extraction": 11.943002223968506,
    "Step 3.10.1: Query generation for claim 10": 2.3898024559020996,
    "Step 3.3.1: Query generation for claim 3": 2.3971011638641357,
    "Step 3.9.1: Query generation for claim 9": 2.5967659950256348,
    "Step 3.8.1: Query generation for claim 8": 2.5979340076446533,
    "Step 3.6.1: Query generation for claim 6": 2.7826788425445557,
    "Step 3.10.2.1.1.1: Google Search API (batch 1)": 1.2173597812652588,
    "Step 3.3.2.2.1.1: Google Search API (batch 1)": 1.0921261310577393,
    "Step 3.6.2.1.1.1: Google Search API (batch 1)": 0.8942956924438477,
    "Step 3.6.2.2.1.1: Google Search API (batch 1)": 0.8574380874633789,
    "Step 3.3.2.1.1.1: Google Search API (batch 1)": 1.2080888748168945,
    "Step 3.10.2.2.1.1: Google Search API (batch 1)": 1.2548201084136963,
    "Step 3.9.2.1.1.1: Google Search API (batch 1)": 1.151252031326294,
    "Step 3.9.2.2.1.1: Google Search API (batch 1)": 1.1213397979736328,
    "Step 3.8.2.1.1.1: Google Search API (batch 1)": 1.0954890251159668,
    "Step 3.8.2.2.1.1: Google Search API (batch 1)": 1.1490478515625,
    "Step 3.6.2.2.2: Reliability assessment (result 1)": 0.0002880096435546875,
    "Step 3.6.2.2.2: Reliability assessment (result 2)": 0.0004353523254394531,
    "Step 3.6.2.2.2: Reliability assessment (result 3)": 0.0008602142333984375,
    "Step 3.9.2.1.2: Reliability assessment (result 1)": 0.05077505111694336,
    "Step 3.9.2.1.2: Reliability assessment (result 2)": 0.2051389217376709,
    "Step 3.6.2.2.2: Reliability assessment (result 4)": 1.7934718132019043,
    "Step 3.9.2.2.2: Reliability assessment (result 1)": 0.31835198402404785,
    "Step 3.9.2.2.2: Reliability assessment (result 2)": 0.31835103034973145,
    "Step 3.9.2.2.2: Reliability assessment (result 3)": 0.3186628818511963,
    "Step 3.9.2.1.2: Reliability assessment (result 3)": 0.8792221546173096,
    "Step 3.9.2.1.2: Reliability assessment (result 4)": 1.193786859512329,
    "Step 3.8.2.1.2: Reliability assessment (result 1)": 0.31574201583862305,
    "Step 3.8.2.1.2: Reliability assessment (result 2)": 0.3158130645751953,
    "Step 3.9.2.2.2: Reliability assessment (result 4)": 0.6340980529785156,
    "Step 3.8.2.1.2: Reliability assessment (result 3)": 0.5303421020507812,
    "Step 3.3.2.2.2: Reliability assessment (result 1)": 0.21506190299987793,
    "Step 3.8.2.1.2: Reliability assessment (result 4)": 0.5343489646911621,
    "Step 3.3.2.2.2: Reliability assessment (result 3)": 0.21898484230041504,
    "Step 3.3.2.2.2: Reliability assessment (result 2)": 1.3415868282318115,
    "Step 3.8.2.1.3: Content fetching (result 1)": 3.154439926147461,
    "Step 3.8.2.1.3: Content fetching (result 2)": 3.1566169261932373,
    "Step 3.3.2.2.3: Content fetching (result 1)": 4.11871600151062,
    "Step 3.6.2.2.3: Content fetching (result 1)": 6.46740198135376,
    "Step 3.10.2.2.2: Reliability assessment (result 1)": 3.721550941467285,
    "Step 3.10.2.2.2: Reliability assessment (result 2)": 3.721323013305664,
    "Step 3.6.2.2.3: Content fetching (result 3)": 6.471677780151367,
    "Step 3.6.2.2.3: Content fetching (result 2)": 6.474472999572754,
    "Step 3.6.2.2.3: Content fetching (result 4)": 4.683795928955078,
    "Step 3.8.2.1.3: Content fetching (result 3)": 4.1834330558776855,
    "Step 3.6.2.1.2: Reliability assessment (result 1)": 3.3959801197052,
    "Step 3.6.2.1.2: Reliability assessment (result 2)": 3.3959951400756836,
    "Step 3.6.2.1.2: Reliability assessment (result 3)": 3.395998954772949,
    "Step 3.8.2.1.3: Content fetching (result 4)": 4.443711996078491,
    "Step 3.10.2.2.2: Reliability assessment (result 4)": 4.3150410652160645,
    "Step 3.10.2.2.2: Reliability assessment (result 5)": 4.509619951248169,
    "Step 3.10.2.2.2: Reliability assessment (result 6)": 4.516603946685791,
    "Step 3.10.2.2.2: Reliability assessment (result 3)": 4.845034837722778,
    "Step 3.6.2.1.2: Reliability assessment (result 4)": 4.601461887359619,
    "Step 3.9.2.2.3: Content fetching (result 1)": 8.386153936386108,
    "Step 3.9.2.2.3: Content fetching (result 2)": 8.390066385269165,
    "Step 3.9.2.2.3: Content fetching (result 3)": 8.391623258590698,
    "Step 3.9.2.2.3: Content fetching (result 4)": 8.078688144683838,
    "Step 3.9.2.1.3: Content fetching (result 1)": 9.378491878509521,
    "Step 3.9.2.1.3: Content fetching (result 3)": 8.684453010559082,
    "Step 3.10.2.1.2: Reliability assessment (result 2)": 1.9750680923461914,
    "Step 3.9.2.1.3: Content fetching (result 2)": 9.420392990112305,
    "Step 3.3.2.2.3: Content fetching (result 3)": 8.243337869644165,
    "Step 3.3.2.2.3: Content fetching (result 2)": 7.123082160949707,
    "Step 3.9.2.1.3: Content fetching (result 4)": 8.49429702758789,
    "Step 3.10.2.1.2: Reliability assessment (result 4)": 3.1662750244140625,
    "Step 3.10.2.1.2: Reliability assessment (result 3)": 3.1663818359375,
    "Step 3.10.2.1.2: Reliability assessment (result 5)": 3.1663951873779297,
    "Step 3.10.2.1.2: Reliability assessment (result 1)": 3.167703151702881,
    "Step 3.8.2.2.2: Reliability assessment (result 1)": 0.002154827117919922,
    "Step 3.8.2.2.2: Reliability assessment (result 2)": 0.002176046371459961,
    "Step 3.9.2.2.2: Reliability assessment (result 5)": 10.273672103881836,
    "Step 3.8.2.2.2: Reliability assessment (result 4)": 0.6935548782348633,
    "Step 3.6.2.1.3: Content fetching (result 1)": 7.801130056381226,
    "Step 3.6.2.1.3: Content fetching (result 2)": 7.805787801742554,
    "Step 3.6.2.1.3: Content fetching (result 3)": 7.807782173156738,
    "Step 3.3.2.1.2: Reliability assessment (result 1)": 1.2973642349243164,
    "Step 3.6.2.1.3: Content fetching (result 4)": 6.604475736618042,
    "Step 3.3.2.1.2: Reliability assessment (result 3)": 1.2994821071624756,
    "Step 3.3.2.1.2: Reliability assessment (result 4)": 1.2995200157165527,
    "Step 3.3.2.1.2: Reliability assessment (result 2)": 2.494805097579956,
    "Step 3.1.1: Query generation for claim 1": 22.070852041244507,
    "Step 3.4.1: Query generation for claim 4": 22.069023847579956,
    "Step 3.3.2.1.2: Reliability assessment (result 5)": 3.4195809364318848,
    "Step 3.7.1: Query generation for claim 7": 22.067867755889893,
    "Step 3.8.2.2.3: Content fetching (result 1)": 4.8503098487854,
    "Step 3.8.2.2.3: Content fetching (result 2)": 5.301723957061768,
    "Step 3.8.2.2.3: Content fetching (result 4)": 4.612497091293335,
    "Step 3.2.1: Query generation for claim 2": 22.99448800086975,
    "Step 3.9.2.2.3: Content fetching (result 5)": 6.556944847106934,
    "Step 3.5.1: Query generation for claim 5": 24.554301977157593,
    "Step 3.10.2.2.3: Content fetching (result 1)": 15.613587141036987,
    "Step 3.10.2.2.3: Content fetching (result 2)": 15.615984678268433,
    "Step 3.10.2.2.3: Content fetching (result 4)": 15.024214029312134,
    "Step 3.10.2.2.3: Content fetching (result 5)": 14.831546783447266,
    "Step 3.10.2.2.3: Content fetching (result 6)": 14.82659101486206,
    "Step 3.10.2.2.3: Content fetching (result 3)": 14.50013279914856,
    "Step 3.8.2.2.2: Reliability assessment (result 3)": 10.527761936187744,
    "Step 3.8.2.2.3: Content fetching (result 3)": 1.969825029373169,
    "Step 3.8.2.1.4: Evidence extraction (result 1)": 20.383656978607178,
    "Step 3.6.2.2.4: Evidence extraction (result 1)": 19.202882051467896,
    "Step 3.6.2.2.4: Evidence extraction (result 3)": 19.246957063674927,
    "Step 3.10.2.1.3: Content fetching (result 2)": 16.07218289375305,
    "Step 3.10.2.1.3: Content fetching (result 3)": 14.881878137588501,
    "Step 3.10.2.1.3: Content fetching (result 4)": 14.883774042129517,
    "Step 3.10.2.1.3: Content fetching (result 5)": 14.88555121421814,
    "Step 3.10.2.1.3: Content fetching (result 1)": 14.88782525062561,