{
  "timing": {
    "total_seconds": 81.62091374397278,
    "Step 1: Transcript extraction": 1.005126953125,
    "Step 2: Claim extraction": 18.363115787506104,
    "Step 3.2.1: Query generation for claim 2": 2.2988879680633545,
    "Step 3.1.1: Query generation for claim 1": 2.3879878520965576,
    "Step 3.5.1: Query generation for claim 5": 2.4690849781036377,
    "Step 3.5.2.2.1.1: Google Search API (batch 1)": 0.7476029396057129,
    "Step 3.1.2.2.1.1: Google Search API (batch 1)": 0.8758509159088135,
    "Step 3.5.2.1.1.1: Google Search API (batch 1)": 0.884667158126831,
    "Step 3.2.2.2.1.1: Google Search API (batch 1)": 1.0828399658203125,
    "Step 3.2.2.1.1.1: Google Search API (batch 1)": 1.126884937286377,
    "Step 3.1.2.1.1.1: Google Search API (batch 1)": 1.05653715133667,
    "Step 3.5.2.1.2: Reliability assessment (result 2)": 0.31719112396240234,
    "Step 3.5.2.1.2: Reliability assessment (result 4)": 0.3174173831939697,
    "Step 3.5.2.1.2: Reliability assessment (result 5)": 0.31753993034362793,
    "Step 3.5.2.2.2: Reliability assessment (result 2)": 0.0009701251983642578,
    "Step 3.5.2.2.2: Reliability assessment (result 3)": 0.0011866092681884766,
    "Step 3.5.2.2.2: Reliability assessment (result 4)": 0.0012595653533935547,
    "Step 3.5.2.2.2: Reliability assessment (result 1)": 0.25421595573425293,
    "Step 3.5.2.1.2: Reliability assessment (result 1)": 0.9568140506744385,
    "Step 3.5.2.1.2: Reliability assessment (result 6)": 1.3141391277313232,
    "Step 3.2.2.1.2: Reliability assessment (result 2)": 0.3582761287689209,
    "Step 3.2.2.1.2: Reliability assessment (result 3)": 0.35855579376220703,
    "Step 3.2.2.1.2: Reliability assessment (result 5)": 0.3586099147796631,
    "Step 3.5.2.1.2: Reliability assessment (result 3)": 1.3152477741241455,
    "Step 3.1.2.2.2: Reliability assessment (result 4)": 0.3693208694458008,
    "Step 3.5.2.2.2: Reliability assessment (result 5)": 1.36686110496521,
    "Step 3.2.2.1.2: Reliability assessment (result 4)": 0.7275528907775879,
    "Step 3.2.2.1.2: Reliability assessment (result 6)": 0.7277178764343262,
    "Step 3.1.2.1.2: Reliability assessment (result 1)": 0.4226338863372803,
    "Step 3.1.2.2.2: Reliability assessment (result 1)": 0.7921350002288818,
    "Step 3.1.2.1.2: Reliability assessment (result 3)": 0.4229249954223633,
    "Step 3.2.2.1.2: Reliability assessment (result 1)": 1.1505999565124512,
    "Step 3.1.2.1.2: Reliability assessment (result 5)": 0.42298126220703125,
    "Step 3.1.2.2.2: Reliability assessment (result 2)": 0.7922732830047607,
    "Step 3.1.2.2.2: Reliability assessment (result 3)": 1.128221035003662,
    "Step 3.1.2.1.2: Reliability assessment (result 4)": 0.9238748550415039,
    "Step 3.1.2.1.2: Reliability assessment (result 6)": 1.1405298709869385,
    "Step 3.1.2.1.2: Reliability assessment (result 2)": 1.1965398788452148,
    "Step 3.1.2.1.3: Content fetching (result 1)": 2.129364013671875,
    "Step 3.1.2.2.3: Content fetching (result 4)": 2.7125799655914307,
    "Step 3.2.2.2.2: Reliability assessment (result 2)": 2.8280179500579834,
    "Step 3.2.2.2.2: Reliability assessment (result 1)": 3.2315080165863037,
    "Step 3.2.2.2.2: Reliability assessment (result 3)": 3.5185279846191406,
    "Step 3.2.2.2.2: Reliability assessment (result 4)": 4.020180940628052,
    "Step 3.1.2.2.3: Content fetching (result 1)": 5.920430660247803,
    "Step 3.1.2.1.3: Content fetching (result 3)": 5.956305027008057,
    "Step 3.1.2.1.3: Content fetching (result 5)": 7.164437770843506,
    "Step 3.1.2.2.3: Content fetching (result 2)": 9.112687110900879,
    "Step 3.5.2.2.3: Content fetching (result 2)": 12.395920991897583,
    "Step 3.5.2.2.3: Content fetching (result 4)": 12.40000581741333,
    "Step 3.5.2.2.3: Content fetching (result 3)": 12.402022123336792,
    "Step 3.5.2.2.3: Content fetching (result 1)": 12.151392936706543,
    "Step 3.5.2.2.3: Content fetching (result 5)": 11.042517185211182,
    "Step 3.1.2.2.3: Content fetching (result 3)": 10.578387975692749,
    "Step 3.4.1: Query generation for claim 4": 19.903850078582764,
    "Step 3.3.1: Query generation for claim 3": 20.031410932540894,
    "Step 3.2.2.1.3: Content fetching (result 2)": 13.56625509262085,
    "Step 3.2.2.1.3: Content fetching (result 3)": 14.364580154418945,
    "Step 3.2.2.1.3: Content fetching (result 5)": 14.369027853012085,
    "Step 3.2.2.1.3: Content fetching (result 4)": 14.001574993133545,
    "Step 3.2.2.1.3: Content fetching (result 6)": 14.00435996055603,
    "Step 3.2.2.1.3: Content fetching (result 1)": 13.583387851715088,
    "Step 3.1.2.2.4: Evidence extraction (result 3)": 5.1858179569244385,
    "Step 3.2.2.1.4: Evidence extraction (result 2)": 3.6298389434814453,
    "Step 3.1.2.2.4: Evidence extraction (result 4)": 14.116901159286499,
    "Step 3.1.2.2.4: Evidence extraction (result 2)": 7.331563949584961,
    "Step 3.1.2.1.3: Content fetching (result 4)": 16.36521291732788,
    "Step 3.1.2.1.3: Content fetching (result 6)": 16.15089201927185,
    "Step 3.1.2.1.3: Content fetching (result 2)": 16.097081184387207,
    "Step 3.5.2.1.3: Content fetching (result 2)": 18.705153226852417,
    "Step 3.5.2.1.3: Content fetching (result 4)": 18.71012568473816,
    "Step 3.5.2.1.3: Content fetching (result 5)": 18.71200394630432,
    "Step 3.5.2.1.3: Content fetching (result 1)": 18.111879348754883,
    "Step 3.5.2.1.3: Content fetching (result 6)": 17.754923105239868,
    "Step 3.5.2.1.3: Content fetching (result 3)": 17.753978967666626,
    "Step 3.2.2.1.4: Evidence extraction (result 4)": 3.4621119499206543,
    "Step 3.1.2.1.4: Evidence extraction (result 1)": 15.374948978424072,
    "Step 3.1.2.2.4: Evidence extraction (result 1)": 11.58509087562561,
    "Step 3.1.2: Search execution for claim 1 query 2": 22.871744871139526,
    "Step 3.2.2.2.3: Content fetching (result 2)": 15.08616590499878,
    "Step 3.2.2.2.3: Content fetching (result 1)": 14.687057971954346,
    "Step 3.2.2.2.3: Content fetching (result 3)": 14.402420997619629,
    "Step 3.2.2.2.3: Content fetching (result 4)": 13.902886152267456,
    "Step 3.2.2.1.4: Evidence extraction (result 5)": 18.361274003982544,
    "Step 3.5.2.2.4: Evidence extraction (result 4)": 21.327915906906128,
    "Step 3.5.2.2.4: Evidence extraction (result 5)": 21.345144033432007,
    "Step 3.5.2.2.4: Evidence extraction (result 1)": 21.422955989837646,
    "Step 3.2.2.1.4: Evidence extraction (result 3)": 18.473012924194336,
    "Step 3.1.2.1.4: Evidence extraction (result 3)": 26.10506319999695,
    "Step 3.1.2.1.4: Evidence extraction (result 5)": 25.007267951965332,
    "Step 3.2.2.1.4: Evidence extraction (result 6)": 18.59142017364502,
    "Step 3.5.2.2.4: Evidence extraction (result 2)": 21.661164045333862,
    "Step 3.5.2.2.4: Evidence extraction (result 3)": 21.681221961975098,
    "Step 3.5.2: Search execution for claim 5 query 2": 37.5815212726593,
    "Step 3.2.2.1.4: Evidence extraction (result 1)": 18.8176748752594,
    "Step 3.2.2: Search execution for claim 2 query 1": 37.90392017364502,
    "Step 3.5.2.1.4: Evidence extraction (result 3)": 17.98175311088562,
    "Step 3.5.2.1.4: Evidence extraction (result 4)": 18.02987790107727,
    "Step 3.1.2.1.4: Evidence extraction (result 4)": 18.130920886993408,
    "Step 3.5.2.1.4: Evidence extraction (result 1)": 18.08576989173889,
    "Step 3.1.2.1.4: Evidence extraction (result 6)": 18.195034742355347,
    "Step 3.1.2.1.4: Evidence extraction (result 2)": 18.19601821899414,
    "Step 3.1.2: Search execution for claim 1 query 1": 40.4813392162323,
    "Step 3.5.2.1.4: Evidence extraction (result 2)": 18.26099181175232,
    "Step 3.5.2.1.4: Evidence extraction (result 5)": 18.254183769226074,
    "Step 3.5.2.1.4: Evidence extraction (result 6)": 18.21505093574524,
    "Step 3.5.2: Search execution for claim 5 query 1": 40.50141096115112,
    "Step 3.2.2.2.4: Evidence extraction (result 4)": 17.93825888633728,