{
  "timing": {
    "total_seconds": 93.25760674476624,
    "Step 1: Transcript extraction": 1.106689214706421,
    "Step 2: Claim extraction": 19.079766988754272,
    "Step 3.1.1: Query generation for claim 1": 2.6221110820770264,
    "Step 3.1.2.2.1.1: Google Search API (batch 1)": 1.3525371551513672,
    "Step 3.1.2.1.1.1: Google Search API (batch 1)": 1.399728775024414,
    "Step 3.1.2.1.2: Reliability assessment (result 2)": 0.00044417381286621094,
    "Step 3.1.2.1.2: Reliability assessment (result 4)": 0.0005118846893310547,
    "Step 3.1.2.1.2: Reliability assessment (result 5)": 0.0006499290466308594,
    "Step 3.1.2.1.2: Reliability assessment (result 3)": 0.6498298645019531,
    "Step 3.1.2.1.2: Reliability assessment (result 1)": 1.0435171127319336,
    "Step 3.1.2.2.2: Reliability assessment (result 5)": 0.7533481121063232,
    "Step 3.1.2.2.2: Reliability assessment (result 4)": 0.949836015701294,
    "Step 3.1.2.2.2: Reliability assessment (result 3)": 1.0820109844207764,
    "Step 3.1.2.2.2: Reliability assessment (result 2)": 1.0955071449279785,
    "Step 3.1.2.2.2: Reliability assessment (result 1)": 1.2529668807983398,
    "Step 3.1.2.1.3: Content fetching (result 2)": 11.947407245635986,
    "Step 3.1.2.1.3: Content fetching (result 4)": 11.951725244522095,
    "Step 3.1.2.1.3: Content fetching (result 5)": 11.95374083518982,
    "Step 3.1.2.1.3: Content fetching (result 3)": 11.30675983428955,
    "Step 3.1.2.1.3: Content fetching (result 1)": 10.915229797363281,
    "Step 3.1.2.2.2: Reliability assessment (result 6)": 10.638630867004395,
    "Step 3.1.2.1.4: Evidence extraction (result 5)": 3.1639628410339355,
    "Step 3.1.2.1.4: Evidence extraction (result 4)": 3.297607183456421,
    "Step 3.1.2.1.4: Evidence extraction (result 3)": 3.3674888610839844,
    "Step 3.1.2.1.4: Evidence extraction (result 2)": 3.3927838802337646,
    "Step 3.1.2.1.4: Evidence extraction (result 1)": 3.4251198768615723,
    "Step 3.1.2: Search execution for claim 1 query 1": 30.166183948516846,
    "Step 3.1.2.2.3: Content fetching (result 5)": 14.261130332946777,
    "Step 3.1.2.2.3: Content fetching (result 4)": 14.06732988357544,
    "Step 3.1.2.2.3: Content fetching (result 3)": 13.93745493888855,
    "Step 3.1.2.2.3: Content fetching (result 2)": 13.928184986114502,
    "Step 3.1.2.2.3: Content fetching (result 1)": 13.773194074630737,
    "Step 3.1.2.2.3: Content fetching (result 6)": 4.389287948608398,
    "Step 3.1.2.2.4: Evidence extraction (result 3)": 9.85249376296997,
    "Step 3.1.2.2.4: Evidence extraction (result 2)": 11.69194507598877,
    "Step 3.1.2.2.4: Evidence extraction (result 4)": 11.70392394065857,
    "Step 3.1.2.2.4: Evidence extraction (result 5)": 12.115700244903564,
    "Step 3.1.2.2.4: Evidence extraction (result 6)": 18.292575120925903,
    "Step 3.1.2.2.4: Evidence extraction (result 1)": 18.537183046340942,
    "Step 3.1.2: Search execution for claim 1 query 2": 52.05691194534302,
    "Step 3.1.3: Verdict generation for claim 1": 18.104755878448486,
    "Step 3: Query generation + search + verdicts for all claims (PARALLEL)": 72.86544394493103,
    "Step 4: Sort and assemble final output": 0.0001850128173828125
  },
  "llm": {
    "total_calls": 11,
    "total_cost_usd": 0.0015987,
    "total_latency_seconds": 82.03
  },
  "claims_extracted": 1,
  "success": true,
  "error": null
}
