{
  "timing": {
    "total_seconds": 33.66661596298218,
    "Step 1: Transcript extraction": 1.199315071105957,
    "Step 2: Claim extraction": 7.445899724960327,
    "Step 3.1.1: Query generation for claim 1": 3.030369997024536,
    "Step 3.1.2.2.1.1: Google Search API (batch 1)": 0.9066441059112549,
    "Step 3.1.2.1.1.1: Google Search API (batch 1)": 1.0343499183654785,
    "Step 3.1.2.2.2: Reliability assessment (result 1)": 0.0005471706390380859,
    "Step 3.1.2.2.2: Reliability assessment (result 2)": 0.0005562305450439453,
    "Step 3.1.2.2.2: Reliability assessment (result 3)": 0.0005779266357421875,
    "Step 3.1.2.2.2: Reliability assessment (result 6)": 0.0013539791107177734,
    "Step 3.1.2.2.2: Reliability assessment (result 4)": 0.7450270652770996,
    "Step 3.1.2.2.2: Reliability assessment (result 5)": 0.8457138538360596,
    "Step 3.1.2.1.2: Reliability assessment (result 2)": 0.0005729198455810547,
    "Step 3.1.2.1.2: Reliability assessment (result 1)": 0.5785708427429199,
    "Step 3.1.2.1.2: Reliability assessment (result 4)": 0.6495532989501953,
    "Step 3.1.2.1.2: Reliability assessment (result 3)": 0.7839400768280029,
    "Step 3.1.2.1.3: Content fetching (result 2)": 6.649662017822266,
    "Step 3.1.2.1.3: Content fetching (result 1)": 6.075454950332642,
    "Step 3.1.2.1.3: Content fetching (result 4)": 6.008167028427124,
    "Step 3.1.2.1.3: Content fetching (result 3)": 5.878339052200317,
    "Step 3.1.2.2.3: Content fetching (result 1)": 11.000189065933228,
    "Step 3.1.2.2.3: Content fetching (result 3)": 11.008332967758179,
    "Step 3.1.2.2.3: Content fetching (result 2)": 11.012083053588867,
    "Step 3.1.2.2.3: Content fetching (result 6)": 11.015574932098389,
    "Step 3.1.2.2.3: Content fetching (result 4)": 10.27610182762146,
    "Step 3.1.2.2.3: Content fetching (result 5)": 10.179346799850464,
    "Step 3.1.2.1.4: Evidence extraction (result 1)": 3.705043315887451,
    "Step 3.1.2.1.4: Evidence extraction (result 4)": 4.28981614112854,
    "Step 3.1.2.1.4: Evidence extraction (result 3)": 4.780608177185059,
    "Step 3.1.2.1.4: Evidence extraction (result 2)": 4.891032695770264,
    "Step 3.1.2: Search execution for claim 1 query 1": 17.142970085144043,
    "Step 3.1.2.2.4: Evidence extraction (result 4)": 3.289769172668457,
    "Step 3.1.2.2.4: Evidence extraction (result 3)": 3.9796552658081055,
    "Step 3.1.2.2.4: Evidence extraction (result 5)": 3.9963812828063965,
    "Step 3.1.2.2.4: Evidence extraction (result 2)": 4.340522050857544,
    "Step 3.1.2.2.4: Evidence extraction (result 6)": 4.945750951766968,
    "Step 3.1.2.2.4: Evidence extraction (result 1)": 5.478682041168213,
    "Step 3.1.2: Search execution for claim 1 query 2": 19.680052042007446,
    "Step 3.1.3: Verdict generation for claim 1": 2.038821220397949,
    "Step 3: Query generation + search + verdicts for all claims (PARALLEL)": 24.833248138427734,
    "Step 4: Sort and assemble final output": 0.00012302398681640625
  },
  "llm": {
    "total_calls": 13,
    "total_cost_usd": 0.0036546,
    "total_latency_seconds": 55.55
  },
  "claims_extracted": 1,
  "success": true,
  "error": null
}
