{
  "timing": {
    "total_seconds": 99.67060613632202,
    "Step 1: Transcript extraction": 1.3072011470794678,
    "Step 2: Claim extraction": 10.626780033111572,
    "Step 3.3.1: Query generation for claim 3": 1.9210810661315918,
    "Step 3.1.1: Query generation for claim 1": 2.0804049968719482,
    "Step 3.4.1: Query generation for claim 4": 2.163576126098633,
    "Step 3.2.1: Query generation for claim 2": 2.2499048709869385,
    "Step 3.5.1: Query generation for claim 5": 2.4038939476013184,
    "Step 3.3.2.1.1.1: Google Search API (batch 1)": 1.0060598850250244,
    "Step 3.3.2.2.1.1: Google Search API (batch 1)": 0.9648230075836182,
    "Step 3.4.2.1.1.1: Google Search API (batch 1)": 0.9198338985443115,
    "Step 3.1.2.1.1.1: Google Search API (batch 1)": 1.0085902214050293,
    "Step 3.2.2.1.1.1: Google Search API (batch 1)": 0.9825291633605957,
    "Step 3.4.2.2.1.1: Google Search API (batch 1)": 1.0305778980255127,
    "Step 3.2.2.2.1.1: Google Search API (batch 1)": 1.002969741821289,
    "Step 3.5.2.2.1.1: Google Search API (batch 1)": 0.9120659828186035,
    "Step 3.7.1: Query generation for claim 7": 3.411181926727295,
    "Step 3.5.2.1.1.1: Google Search API (batch 1)": 1.089717149734497,
    "Step 3.1.2.2.1.1: Google Search API (batch 1)": 2.1847949028015137,
    "Step 3.7.2.2.1.1: Google Search API (batch 1)": 0.8435530662536621,
    "Step 3.7.2.1.1.1: Google Search API (batch 1)": 0.9548921585083008,
    "Step 3.5.2.1.2: Reliability assessment (result 2)": 0.3187119960784912,
    "Step 3.5.2.1.2: Reliability assessment (result 3)": 0.31916284561157227,
    "Step 3.5.2.1.2: Reliability assessment (result 4)": 0.3192257881164551,
    "Step 3.2.2.2.2: Reliability assessment (result 1)": 0.0016009807586669922,
    "Step 3.2.2.2.2: Reliability assessment (result 2)": 0.0016698837280273438,
    "Step 3.2.2.2.2: Reliability assessment (result 3)": 0.0016982555389404297,
    "Step 3.2.2.2.2: Reliability assessment (result 4)": 0.2737462520599365,
    "Step 3.5.2.1.2: Reliability assessment (result 6)": 1.1007442474365234,
    "Step 3.5.2.1.2: Reliability assessment (result 5)": 1.1009669303894043,
    "Step 3.5.2.1.2: Reliability assessment (result 1)": 1.773738145828247,
    "Step 3.2.2.2.2: Reliability assessment (result 5)": 1.4552240371704102,
    "Step 3.2.2.1.2: Reliability assessment (result 1)": 0.6741838455200195,
    "Step 3.2.2.1.2: Reliability assessment (result 2)": 0.6741838455200195,
    "Step 3.4.2.2.1.2: Google Search API (batch 2)": 1.1883950233459473,
    "Step 3.2.2.1.2: Reliability assessment (result 3)": 0.8454320430755615,
    "Step 3.2.2.1.2: Reliability assessment (result 5)": 0.8578410148620605,
    "Step 3.5.2.2.2: Reliability assessment (result 1)": 0.18405580520629883,
    "Step 3.2.2.1.2: Reliability assessment (result 4)": 1.1401071548461914,
    "Step 3.5.2.2.2: Reliability assessment (result 4)": 1.0555617809295654,
    "Step 3.4.2.1.2: Reliability assessment (result 2)": 1.0555520057678223,
    "Step 3.5.2.2.2: Reliability assessment (result 2)": 1.5155739784240723,
    "Step 3.5.2.2.2: Reliability assessment (result 3)": 1.5466129779815674,
    "Step 3.4.2.1.2: Reliability assessment (result 1)": 1.585810899734497,
    "Step 3.4.2.1.2: Reliability assessment (result 3)": 1.6349461078643799,
    "Step 3.7.2.1.1.2: Google Search API (batch 2)": 2.0162811279296875,
    "Step 3.5.2.2.3: Content fetching (result 1)": 4.259850025177002,
    "Step 3.3.2.1.2: Reliability assessment (result 1)": 7.241146087646484,
    "Step 3.3.2.1.2: Reliability assessment (result 2)": 7.435166120529175,
    "Step 3.3.2.1.2: Reliability assessment (result 3)": 7.947563171386719,
    "Step 3.4.2.1.3: Content fetching (result 2)": 8.827165126800537,
    "Step 3.3.2.2.2: Reliability assessment (result 1)": 9.457099199295044,
    "Step 3.2.2.1.3: Content fetching (result 1)": 11.053877830505371,
    "Step 3.2.2.1.3: Content fetching (result 2)": 11.056232929229736,
    "Step 3.2.2.1.3: Content fetching (result 3)": 10.888893127441406,
    "Step 3.2.2.1.3: Content fetching (result 5)": 10.878543853759766,
    "Step 3.2.2.1.3: Content fetching (result 4)": 10.59797191619873,
    "Step 3.3.2.2.2: Reliability assessment (result 3)": 10.319654941558838,
    "Step 3.3.2.2.2: Reliability assessment (result 2)": 10.541152000427246,
    "Step 3.6.1: Query generation for claim 6": 20.08073878288269,
    "Step 3.5.2.1.3: Content fetching (result 2)": 15.172025918960571,
    "Step 3.5.2.1.3: Content fetching (result 4)": 15.17372989654541,
    "Step 3.5.2.1.3: Content fetching (result 3)": 15.175899267196655,
    "Step 3.5.2.1.3: Content fetching (result 6)": 14.39618992805481,
    "Step 3.5.2.1.3: Content fetching (result 5)": 14.398779153823853,
    "Step 3.5.2.1.3: Content fetching (result 1)": 13.728523015975952,
    "Step 3.7.2.2.2: Reliability assessment (result 1)": 8.510345220565796,
    "Step 3.7.2.2.2: Reliability assessment (result 2)": 8.915903091430664,
    "Step 3.7.2.2.2: Reliability assessment (result 4)": 9.005956172943115,
    "Step 3.7.2.2.2: Reliability assessment (result 3)": 9.332324028015137,
    "Step 3.4.2.1.3: Content fetching (result 1)": 15.221441984176636,
    "Step 3.4.2.1.3: Content fetching (result 3)": 15.174798965454102,
    "Step 3.5.2.2.3: Content fetching (result 4)": 16.316044092178345,
    "Step 3.5.2.2.3: Content fetching (result 2)": 15.858274936676025,
    "Step 3.5.2.2.3: Content fetching (result 3)": 15.829460859298706,
    "Step 3.1.2.2.2: Reliability assessment (result 1)": 0.0030777454376220703,
    "Step 3.1.2.2.2: Reliability assessment (result 2)": 0.0031096935272216797,
    "Step 3.1.2.2.2: Reliability assessment (result 3)": 0.0031070709228515625,
    "Step 3.1.2.2.2: Reliability assessment (result 4)": 0.0031180381774902344,
    "Step 3.3.2.2.3: Content fetching (result 1)": 8.428133010864258,
    "Step 3.3.2.2.3: Content fetching (result 3)": 7.567454099655151,
    "Step 3.3.2.2.3: Content fetching (result 2)": 7.348340272903442,
    "Step 3.1.2.1.2: Reliability assessment (result 1)": 0.8269391059875488,
    "Step 3.1.2.1.2: Reliability assessment (result 2)": 0.8269398212432861,
    "Step 3.1.2.1.2: Reliability assessment (result 3)": 0.8269507884979248,
    "Step 3.3.2.1.3: Content fetching (result 1)": 13.827682733535767,
    "Step 3.3.2.1.3: Content fetching (result 2)": 13.63585901260376,
    "Step 3.3.2.1.3: Content fetching (result 3)": 13.125501155853271,
    "Step 3.1.2.1.2: Reliability assessment (result 5)": 4.158843994140625,
    "Step 3.2.2.2.3: Content fetching (result 5)": 24.86883306503296,
    "Step 3.2.2.2.3: Content fetching (result 1)": 26.455238819122314,
    "Step 3.2.2.2.3: Content fetching (result 2)": 26.457136869430542,
    "Step 3.2.2.2.3: Content fetching (result 3)": 26.458920001983643,
    "Step 3.2.2.2.3: Content fetching (result 4)": 26.188919067382812,
    "Step 3.7.2.1.2: Reliability assessment (result 2)": 0.005465030670166016,
    "Step 3.7.2.1.2: Reliability assessment (result 4)": 0.005478858947753906,
    "Step 3.1.2.2.3: Content fetching (result 1)": 8.537150144577026,
    "Step 3.1.2.2.3: Content fetching (result 2)": 8.53892993927002,
    "Step 3.1.2.2.3: Content fetching (result 3)": 8.540992021560669,
    "Step 3.4.2.2.2: Reliability assessment (result 2)": 0.23296499252319336,
    "Step 3.1.2.2.3: Content fetching (result 4)": 8.543020248413086,
    "Step 3.4.2.2.2: Reliability assessment (result 4)": 0.2349560260772705,
    "Step 3.7.2.1.2: Reliability assessment (result 5)": 0.7910737991333008,
    "Step 3.7.2.1.2: Reliability assessment (result 3)": 1.0491747856140137,
    "Step 3.7.2.1.2: Reliability assessment (result 1)": 1.0906708240509033,
    "Step 3.4.2.2.2: Reliability assessment (result 5)": 1.0349690914154053,
    "Step 3.7.2.2.3: Content fetching (result 1)": 13.107149124145508,
    "Step 3.7.2.2.3: Content fetching (result 2)": 12.707889795303345,
    "Step 3.7.2.2.3: Content fetching (result 4)": 12.620123147964478,