{
  "timing": {
    "total_seconds": 94.63979697227478,
    "Step 1: Transcript extraction": 1.3255891799926758,
    "Step 2: Claim extraction": 12.745284080505371,
    "Step 3.3.1: Query generation for claim 3": 2.9718079566955566,
    "Step 3.5.1: Query generation for claim 5": 3.6089980602264404,
    "Step 3.3.2.2.1.1: Google Search API (batch 1)": 0.958096981048584,
    "Step 3.4.1: Query generation for claim 4": 4.11618185043335,
    "Step 3.3.2.1.1.1: Google Search API (batch 1)": 1.2034649848937988,
    "Step 3.5.2.1.1.1: Google Search API (batch 1)": 0.7884249687194824,
    "Step 3.5.2.2.1.1: Google Search API (batch 1)": 0.849351167678833,
    "Step 3.2.1: Query generation for claim 2": 4.611239910125732,
    "Step 3.4.2.2.1.1: Google Search API (batch 1)": 0.7841458320617676,
    "Step 3.4.2.1.1.1: Google Search API (batch 1)": 0.8626799583435059,
    "Step 3.1.1: Query generation for claim 1": 5.417442798614502,
    "Step 3.2.2.1.1.1: Google Search API (batch 1)": 0.9437828063964844,
    "Step 3.2.2.2.1.1: Google Search API (batch 1)": 0.9697568416595459,
    "Step 3.1.2.2.1.1: Google Search API (batch 1)": 1.2227098941802979,
    "Step 3.1.2.1.1.1: Google Search API (batch 1)": 1.441946029663086,
    "Step 3.2.2.1.2: Reliability assessment (result 1)": 0.6504700183868408,
    "Step 3.2.2.1.2: Reliability assessment (result 3)": 0.6506538391113281,
    "Step 3.2.2.1.2: Reliability assessment (result 5)": 0.6506607532501221,
    "Step 3.2.2.2.2: Reliability assessment (result 1)": 0.00039005279541015625,
    "Step 3.2.2.2.2: Reliability assessment (result 3)": 0.0003910064697265625,
    "Step 3.2.2.2.2: Reliability assessment (result 5)": 0.0007531642913818359,
    "Step 3.1.2.2.2: Reliability assessment (result 1)": 0.001049041748046875,
    "Step 3.1.2.2.2: Reliability assessment (result 2)": 0.0011179447174072266,
    "Step 3.1.2.2.2: Reliability assessment (result 3)": 0.0012562274932861328,
    "Step 3.1.2.2.2: Reliability assessment (result 4)": 0.0013451576232910156,
    "Step 3.1.2.2.2: Reliability assessment (result 6)": 0.20005393028259277,
    "Step 3.1.2.2.2: Reliability assessment (result 5)": 0.20101666450500488,
    "Step 3.2.2.1.2: Reliability assessment (result 2)": 0.8898448944091797,
    "Step 3.2.2.1.2: Reliability assessment (result 4)": 0.8899099826812744,
    "Step 3.2.2.2.2: Reliability assessment (result 6)": 0.8089020252227783,
    "Step 3.2.2.2.2: Reliability assessment (result 2)": 0.8151299953460693,
    "Step 3.2.2.2.2: Reliability assessment (result 4)": 0.8780951499938965,
    "Step 3.2.2.1.3: Content fetching (result 1)": 5.997692823410034,
    "Step 3.2.2.1.3: Content fetching (result 5)": 5.999847173690796,
    "Step 3.2.2.1.3: Content fetching (result 3)": 6.001891136169434,
    "Step 3.1.2.1.2: Reliability assessment (result 1)": 7.061094284057617,
    "Step 3.1.2.1.2: Reliability assessment (result 2)": 7.061277866363525,
    "Step 3.1.2.1.2: Reliability assessment (result 3)": 7.061460018157959,
    "Step 3.2.2.1.3: Content fetching (result 2)": 8.029682874679565,
    "Step 3.2.2.1.3: Content fetching (result 4)": 8.033070802688599,
    "Step 3.3.2.2.2: Reliability assessment (result 1)": 1.2491579055786133,
    "Step 3.3.2.2.2: Reliability assessment (result 2)": 1.2492139339447021,
    "Step 3.3.2.2.2: Reliability assessment (result 3)": 1.2492449283599854,
    "Step 3.1.2.1.2: Reliability assessment (result 4)": 7.86876106262207,
    "Step 3.1.2.1.2: Reliability assessment (result 5)": 7.877030849456787,
    "Step 3.3.2.2.2: Reliability assessment (result 5)": 2.552976131439209,
    "Step 3.3.2.2.2: Reliability assessment (result 6)": 2.708252191543579,
    "Step 3.2.2.2.3: Content fetching (result 1)": 11.685962915420532,
    "Step 3.2.2.2.3: Content fetching (result 3)": 11.687893867492676,
    "Step 3.2.2.2.3: Content fetching (result 5)": 11.695634126663208,
    "Step 3.2.2.2.3: Content fetching (result 6)": 10.889693975448608,
    "Step 3.2.2.2.3: Content fetching (result 2)": 10.885416030883789,
    "Step 3.2.2.2.3: Content fetching (result 4)": 10.824415922164917,
    "Step 3.2.2.1.4: Evidence extraction (result 4)": 4.885803937911987,
    "Step 3.3.2.2.3: Content fetching (result 2)": 6.128131151199341,
    "Step 3.3.2.2.3: Content fetching (result 1)": 6.1306471824646,
    "Step 3.2.2.1.4: Evidence extraction (result 5)": 9.143237829208374,
    "Step 3.2.2.1.4: Evidence extraction (result 1)": 9.14642596244812,
    "Step 3.2.2.1.4: Evidence extraction (result 3)": 9.449205875396729,
    "Step 3.3.2.2.4: Evidence extraction (result 1)": 2.6577131748199463,
    "Step 3.3.2.2.3: Content fetching (result 3)": 9.148320198059082,
    "Step 3.1.2.1.3: Content fetching (result 1)": 10.099653959274292,
    "Step 3.1.2.1.3: Content fetching (result 2)": 10.105239152908325,
    "Step 3.1.2.1.3: Content fetching (result 3)": 10.107855796813965,
    "Step 3.1.2.1.3: Content fetching (result 4)": 9.302191734313965,
    "Step 3.1.2.1.3: Content fetching (result 5)": 9.296006202697754,
    "Step 3.3.2.2.2: Reliability assessment (result 4)": 11.454895973205566,
    "Step 3.3.2.2.4: Evidence extraction (result 3)": 1.1565380096435547,
    "Step 3.3.2.2.3: Content fetching (result 5)": 9.305042266845703,
    "Step 3.3.2.2.3: Content fetching (result 6)": 9.15403413772583,
    "Step 3.2.2.2.4: Evidence extraction (result 1)": 7.205625772476196,
    "Step 3.2.2.1.4: Evidence extraction (result 2)": 10.757266283035278,
    "Step 3.2.2: Search execution for claim 2 query 1": 23.751922130584717,
    "Step 3.3.2.2.4: Evidence extraction (result 2)": 4.724394083023071,
    "Step 3.3.2.2.3: Content fetching (result 4)": 1.379601240158081,
    "Step 3.4.2.1.2: Reliability assessment (result 2)": 0.4586679935455322,
    "Step 3.4.2.1.2: Reliability assessment (result 1)": 0.4785778522491455,
    "Step 3.1.2.2.3: Content fetching (result 1)": 20.202139139175415,
    "Step 3.3.2.2.4: Evidence extraction (result 6)": 1.3440027236938477,
    "Step 3.4.2.1.2: Reliability assessment (result 5)": 0.5903809070587158,
    "Step 3.4.2.1.2: Reliability assessment (result 4)": 0.590465784072876,
    "Step 3.2.2.2.4: Evidence extraction (result 2)": 8.604326963424683,
    "Step 3.1.2.1.4: Evidence extraction (result 2)": 2.2559590339660645,
    "Step 3.3.2.2.4: Evidence extraction (result 5)": 1.8087470531463623,
    "Step 3.3.2.2.4: Evidence extraction (result 4)": 1.0135078430175781,
    "Step 3.3.2: Search execution for claim 3 query 2": 27.146738052368164,
    "Step 3.1.2.1.4: Evidence extraction (result 5)": 2.939042091369629,
    "Step 3.2.2.2.4: Evidence extraction (result 4)": 9.77157473564148,
    "Step 3.1.2.1.4: Evidence extraction (result 4)": 3.250999927520752,
    "Step 3.2.2.2.4: Evidence extraction (result 6)": 9.926569938659668,
    "Step 3.2.2.2.4: Evidence extraction (result 5)": 9.952781677246094,
    "Step 3.1.2.1.4: Evidence extraction (result 3)": 3.4404900074005127,
    "Step 3.1.2.2.4: Evidence extraction (result 1)": 2.529367208480835,
    "Step 3.2.2.2.4: Evidence extraction (result 3)": 11.232421875,
    "Step 3.2.2: Search execution for claim 2 query 2": 27.58544611930847,
    "Step 3.1.2.1.4: Evidence extraction (result 1)": 5.415290832519531,
    "Step 3.1.2: Search execution for claim 1 query 1": 27.693274974822998,
    "Step 3.4.2.1.3: Content fetching (result 2)": 3.905726909637451,
    "Step 3.4.2.1.3: Content fetching (result 1)": 3.8884360790252686,
    "Step 3.4.2.1.3: Content fetching (result 4)": 3.778467893600464,
    "Step 3.4.2.1.3: Content fetching (result 5)": 3.780503749847412,
    "Step 3.2.3: Verdict generation for claim 2": 3.7498068809509277,
    "Step 3.4.2.1.4: Evidence extraction (result 1)": 3.7296202182769775,
    "Step 3.4.2.1.4: Evidence extraction (result 5)": 4.43382716178894,
    "Step 3.4.2.1.4: Evidence extraction (result 4)": 4.436228036880493,
    "Step 3.4.2.2.2: Reliability assessment (result 2)": 0.0029158592224121094,