{
  "timing": {
    "total_seconds": 125.29213905334473,
    "Step 1: Transcript extraction": 1.283860206604004,
    "Step 2: Claim extraction": 6.83073616027832,
    "Step 3.2.1: Query generation for claim 2": 11.599330186843872,
    "Step 3.3.1: Query generation for claim 3": 11.765202760696411,
    "Step 3.2.2.2.1.1: Google Search API (batch 1)": 1.1164212226867676,
    "Step 3.3.2.2.1.1: Google Search API (batch 1)": 0.9881808757781982,
    "Step 3.1.1: Query generation for claim 1": 12.839511156082153,
    "Step 3.2.2.1.1.1: Google Search API (batch 1)": 1.1739270687103271,
    "Step 3.3.2.1.1.1: Google Search API (batch 1)": 1.1841821670532227,
    "Step 3.1.2.1.1.1: Google Search API (batch 1)": 0.9512698650360107,
    "Step 3.1.2.2.1.1: Google Search API (batch 1)": 1.2728550434112549,
    "Step 3.1.2.2.2: Reliability assessment (result 1)": 0.00023984909057617188,
    "Step 3.1.2.2.2: Reliability assessment (result 2)": 0.000331878662109375,
    "Step 3.1.2.2.2: Reliability assessment (result 3)": 0.0008132457733154297,
    "Step 3.1.2.2.2: Reliability assessment (result 4)": 0.0008499622344970703,
    "Step 3.2.2.2.2: Reliability assessment (result 2)": 0.0004742145538330078,
    "Step 3.2.2.2.2: Reliability assessment (result 3)": 0.0007612705230712891,
    "Step 3.2.2.2.2: Reliability assessment (result 6)": 1.0024137496948242,
    "Step 3.1.2.2.2: Reliability assessment (result 6)": 1.3446173667907715,
    "Step 3.2.2.2.2: Reliability assessment (result 5)": 1.002882957458496,
    "Step 3.1.2.2.2: Reliability assessment (result 5)": 1.344702959060669,
    "Step 3.2.2.2.2: Reliability assessment (result 4)": 1.0029871463775635,
    "Step 3.2.2.2.2: Reliability assessment (result 1)": 1.1011719703674316,
    "Step 3.3.2.2.2: Reliability assessment (result 1)": 0.783134937286377,
    "Step 3.3.2.2.2: Reliability assessment (result 4)": 0.7832560539245605,
    "Step 3.3.2.2.2: Reliability assessment (result 3)": 0.7834510803222656,
    "Step 3.3.2.2.2: Reliability assessment (result 2)": 0.7835910320281982,
    "Step 3.3.2.1.2: Reliability assessment (result 3)": 0.0018129348754882812,
    "Step 3.4.1: Query generation for claim 4": 19.175847053527832,
    "Step 3.5.1: Query generation for claim 5": 19.17615270614624,
    "Step 3.3.2.1.2: Reliability assessment (result 5)": 0.7948877811431885,
    "Step 3.1.2.1.2: Reliability assessment (result 1)": 0.794971227645874,
    "Step 3.1.2.1.2: Reliability assessment (result 2)": 0.7949860095977783,
    "Step 3.3.2.1.2: Reliability assessment (result 4)": 1.1050620079040527,
    "Step 3.3.2.1.2: Reliability assessment (result 2)": 1.1094200611114502,
    "Step 3.3.2.1.2: Reliability assessment (result 6)": 1.1095120906829834,
    "Step 3.3.2.1.2: Reliability assessment (result 1)": 1.1097471714019775,
    "Step 3.1.2.1.2: Reliability assessment (result 3)": 1.9571559429168701,
    "Step 3.1.2.1.2: Reliability assessment (result 5)": 2.0470001697540283,
    "Step 3.1.2.1.2: Reliability assessment (result 6)": 2.253913164138794,
    "Step 3.1.2.1.2: Reliability assessment (result 4)": 2.4506828784942627,
    "Step 3.3.2.1.3: Content fetching (result 3)": 3.4082179069519043,
    "Step 3.3.2.2.3: Content fetching (result 1)": 4.034215927124023,
    "Step 3.3.2.2.3: Content fetching (result 4)": 4.042842864990234,
    "Step 3.3.2.2.3: Content fetching (result 3)": 4.044566631317139,
    "Step 3.3.2.2.3: Content fetching (result 2)": 4.047036170959473,
    "Step 3.3.2.1.3: Content fetching (result 5)": 5.879045009613037,
    "Step 3.3.2.1.3: Content fetching (result 1)": 5.911906719207764,
    "Step 3.3.2.1.3: Content fetching (result 4)": 6.647715091705322,
    "Step 3.3.2.1.3: Content fetching (result 2)": 6.649206876754761,
    "Step 3.3.2.1.3: Content fetching (result 6)": 6.654375791549683,
    "Step 3.1.2.2.3: Content fetching (result 1)": 15.480858087539673,
    "Step 3.1.2.2.3: Content fetching (result 4)": 15.486460208892822,
    "Step 3.1.2.2.3: Content fetching (result 3)": 15.4893958568573,
    "Step 3.1.2.2.3: Content fetching (result 2)": 15.492182970046997,
    "Step 3.1.2.2.3: Content fetching (result 5)": 14.149679183959961,
    "Step 3.1.2.2.3: Content fetching (result 6)": 14.151538848876953,
    "Step 3.2.2.2.3: Content fetching (result 2)": 15.65690803527832,
    "Step 3.2.2.2.3: Content fetching (result 3)": 15.658775091171265,
    "Step 3.2.2.2.3: Content fetching (result 6)": 14.659018993377686,
    "Step 3.2.2.2.3: Content fetching (result 5)": 14.660530090332031,
    "Step 3.2.2.2.3: Content fetching (result 4)": 14.663258790969849,
    "Step 3.2.2.2.3: Content fetching (result 1)": 14.566817045211792,
    "Step 3.1.2.1.3: Content fetching (result 1)": 16.039889097213745,
    "Step 3.1.2.1.3: Content fetching (result 2)": 16.0504629611969,
    "Step 3.1.2.1.3: Content fetching (result 3)": 14.890660047531128,
    "Step 3.1.2.1.3: Content fetching (result 5)": 14.802357912063599,
    "Step 3.1.2.1.3: Content fetching (result 6)": 14.597579956054688,
    "Step 3.1.2.1.3: Content fetching (result 4)": 14.40299677848816,
    "Step 3.3.2.1.4: Evidence extraction (result 3)": 13.86538815498352,
    "Step 3.3.2.2.4: Evidence extraction (result 3)": 13.249406814575195,
    "Step 3.3.2.2.4: Evidence extraction (result 1)": 13.600975751876831,
    "Step 3.3.2.2.4: Evidence extraction (result 4)": 13.778963804244995,
    "Step 3.3.2.2.4: Evidence extraction (result 2)": 14.006531715393066,
    "Step 3.3.2: Search execution for claim 3 query 2": 25.258974313735962,
    "Step 3.1.2.2.4: Evidence extraction (result 3)": 4.999221086502075,
    "Step 3.2.2.2.4: Evidence extraction (result 2)": 4.6429760456085205,
    "Step 3.2.2.1.2: Reliability assessment (result 1)": 0.5615291595458984,
    "Step 3.2.2.1.2: Reliability assessment (result 3)": 0.5651488304138184,
    "Step 3.2.2.1.2: Reliability assessment (result 5)": 0.6016707420349121,
    "Step 3.2.2.1.2: Reliability assessment (result 2)": 1.0159916877746582,
    "Step 3.3.2.1.4: Evidence extraction (result 1)": 24.725899934768677,
    "Step 3.1.2.2.4: Evidence extraction (result 4)": 18.39124298095703,
    "Step 3.3.2.1.4: Evidence extraction (result 5)": 25.104119062423706,
    "Step 3.1.2.2.4: Evidence extraction (result 6)": 18.437123775482178,
    "Step 3.1.2.2.4: Evidence extraction (result 2)": 18.44594693183899,
    "Step 3.3.2.1.4: Evidence extraction (result 6)": 24.055683851242065,
    "Step 3.3.2.1.4: Evidence extraction (result 4)": 24.106329202651978,
    "Step 3.3.2.1.4: Evidence extraction (result 2)": 24.12379503250122,
    "Step 3.3.2: Search execution for claim 3 query 1": 39.15357995033264,
    "Step 3.2.2.2.4: Evidence extraction (result 4)": 18.107433080673218,
    "Step 3.1.2.2.4: Evidence extraction (result 5)": 18.621365070343018,
    "Step 3.2.2.2.4: Evidence extraction (result 1)": 18.13110089302063,
    "Step 3.1.2.2.4: Evidence extraction (result 1)": 18.66043186187744,
    "Step 3.1.2: Search execution for claim 1 query 2": 38.12223505973816,
    "Step 3.2.2.2.4: Evidence extraction (result 3)": 18.256420850753784,
    "Step 3.2.2.2.4: Evidence extraction (result 5)": 18.41146492958069,
    "Step 3.2.2.2.4: Evidence extraction (result 6)": 18.553101778030396,
    "Step 3.2.2: Search execution for claim 2 query 2": 39.805835008621216,
    "Step 3.2.2.1.3: Content fetching (result 1)": 6.620493173599243,
    "Step 3.2.2.1.3: Content fetching (result 3)": 6.618797063827515,
    "Step 3.2.2.1.3: Content fetching (result 5)": 6.585188150405884,
    "Step 3.2.2.1.3: Content fetching (result 2)": 6.180047035217285,
    "Step 3.1.2.1.4: Evidence extraction (result 3)": 18.05675482749939,
    "Step 3.1.2.1.4: Evidence extraction (result 4)": 18.092087030410767,
    "Step 3.1.2.1.4: Evidence extraction (result 1)": 18.13899803161621,
    "Step 3.1.2.1.4: Evidence extraction (result 2)": 18.142958641052246,
    "Step 3.1.2.1.4: Evidence extraction (result 5)": 18.18918514251709,