{
  "timing": {
    "total_seconds": 103.95479702949524,
    "Step 1: Transcript extraction": 1.0853016376495361,
    "Step 2: Claim extraction": 29.8571720123291,
    "Step 3.1.1: Query generation for claim 1": 4.289958953857422,
    "Step 3.2.1: Query generation for claim 2": 4.462703227996826,
    "Step 3.3.1: Query generation for claim 3": 4.548902273178101,
    "Step 3.1.2.2.1.1: Google Search API (batch 1)": 1.1173639297485352,
    "Step 3.1.2.1.1.1: Google Search API (batch 1)": 1.1642990112304688,
    "Step 3.3.2.2.1.1: Google Search API (batch 1)": 0.8963348865509033,
    "Step 3.2.2.1.1.1: Google Search API (batch 1)": 1.0571911334991455,
    "Step 3.2.2.2.1.1: Google Search API (batch 1)": 1.0736501216888428,
    "Step 3.3.2.1.1.1: Google Search API (batch 1)": 1.149371862411499,
    "Step 3.3.2.1.2: Reliability assessment (result 2)": 0.2811610698699951,
    "Step 3.3.2.1.2: Reliability assessment (result 3)": 0.2817721366882324,
    "Step 3.3.2.1.2: Reliability assessment (result 4)": 0.28186821937561035,
    "Step 3.3.2.1.2: Reliability assessment (result 5)": 0.28189587593078613,
    "Step 3.3.2.2.2: Reliability assessment (result 1)": 0.001081228256225586,
    "Step 3.3.2.2.2: Reliability assessment (result 3)": 0.0010807514190673828,
    "Step 3.3.2.2.2: Reliability assessment (result 4)": 0.0010890960693359375,
    "Step 3.3.2.2.2: Reliability assessment (result 5)": 0.0010957717895507812,
    "Step 3.3.2.2.2: Reliability assessment (result 2)": 0.26517224311828613,
    "Step 3.3.2.1.2: Reliability assessment (result 6)": 1.011626958847046,
    "Step 3.3.2.1.2: Reliability assessment (result 1)": 1.054271936416626,
    "Step 3.3.2.2.2: Reliability assessment (result 6)": 1.159317970275879,
    "Step 3.2.2.1.2: Reliability assessment (result 3)": 0.0017778873443603516,
    "Step 3.2.2.1.2: Reliability assessment (result 1)": 1.0586929321289062,
    "Step 3.2.2.1.2: Reliability assessment (result 2)": 1.0864717960357666,
    "Step 3.1.2.1.2: Reliability assessment (result 1)": 0.0008523464202880859,
    "Step 3.1.2.1.2: Reliability assessment (result 2)": 0.0008599758148193359,
    "Step 3.1.2.1.2: Reliability assessment (result 3)": 1.0307269096374512,
    "Step 3.1.2.1.2: Reliability assessment (result 4)": 1.2226102352142334,
    "Step 3.1.2.1.2: Reliability assessment (result 5)": 1.3418147563934326,
    "Step 3.1.2.1.2: Reliability assessment (result 6)": 2.3332879543304443,
    "Step 3.1.2.2.2: Reliability assessment (result 1)": 3.85245680809021,
    "Step 3.1.2.2.2: Reliability assessment (result 2)": 3.852477788925171,
    "Step 3.2.2.1.3: Content fetching (result 3)": 6.837383985519409,
    "Step 3.2.2.1.3: Content fetching (result 1)": 5.7824859619140625,
    "Step 3.2.2.1.3: Content fetching (result 2)": 5.757226228713989,
    "Step 3.1.2.2.2: Reliability assessment (result 3)": 5.051556825637817,
    "Step 3.1.2.2.2: Reliability assessment (result 6)": 5.501362085342407,
    "Step 3.1.2.2.2: Reliability assessment (result 4)": 5.819652080535889,
    "Step 3.1.2.2.2: Reliability assessment (result 5)": 5.849082946777344,
    "Step 3.3.2.1.3: Content fetching (result 2)": 13.713480949401855,
    "Step 3.3.2.1.3: Content fetching (result 5)": 13.714701175689697,
    "Step 3.3.2.1.3: Content fetching (result 3)": 13.717129945755005,
    "Step 3.3.2.1.3: Content fetching (result 4)": 13.719171047210693,
    "Step 3.3.2.1.3: Content fetching (result 6)": 12.990732908248901,
    "Step 3.3.2.1.3: Content fetching (result 1)": 12.950621843338013,
    "Step 3.2.2.2.2: Reliability assessment (result 4)": 8.075843095779419,
    "Step 3.2.2.2.2: Reliability assessment (result 6)": 8.368568897247314,
    "Step 3.2.2.2.2: Reliability assessment (result 2)": 8.379104852676392,
    "Step 3.2.2.2.2: Reliability assessment (result 3)": 8.385071992874146,
    "Step 3.2.2.2.2: Reliability assessment (result 1)": 8.446551084518433,
    "Step 3.2.2.2.2: Reliability assessment (result 5)": 8.446624994277954,
    "Step 3.3.2.2.3: Content fetching (result 1)": 15.585466146469116,
    "Step 3.3.2.2.3: Content fetching (result 4)": 15.590555906295776,
    "Step 3.3.2.2.3: Content fetching (result 3)": 15.59255599975586,
    "Step 3.3.2.2.3: Content fetching (result 5)": 15.594505786895752,
    "Step 3.3.2.2.3: Content fetching (result 2)": 15.332819938659668,
    "Step 3.3.2.2.3: Content fetching (result 6)": 14.440617799758911,
    "Step 3.1.2.1.3: Content fetching (result 1)": 13.228484153747559,
    "Step 3.1.2.1.3: Content fetching (result 2)": 13.238942861557007,
    "Step 3.1.2.1.3: Content fetching (result 3)": 12.211004972457886,
    "Step 3.1.2.1.3: Content fetching (result 4)": 12.021299123764038,
    "Step 3.1.2.1.3: Content fetching (result 5)": 11.903893947601318,
    "Step 3.1.2.1.3: Content fetching (result 6)": 10.913941860198975,
    "Step 3.2.2.1.4: Evidence extraction (result 3)": 10.38487982749939,
    "Step 3.2.2.2.3: Content fetching (result 4)": 4.607899188995361,
    "Step 3.2.2.2.3: Content fetching (result 6)": 4.316874980926514,
    "Step 3.2.2.2.3: Content fetching (result 2)": 4.308605909347534,
    "Step 3.2.2.2.3: Content fetching (result 3)": 4.304821968078613,
    "Step 3.2.2.2.3: Content fetching (result 1)": 4.245434284210205,
    "Step 3.2.2.2.3: Content fetching (result 5)": 4.247537136077881,
    "Step 3.3.2.1.4: Evidence extraction (result 3)": 5.855365037918091,
    "Step 3.1.2.1.4: Evidence extraction (result 4)": 4.238952875137329,
    "Step 3.3.2.1.4: Evidence extraction (result 4)": 6.89792275428772,
    "Step 3.3.2.2.4: Evidence extraction (result 6)": 5.944590091705322,
    "Step 3.3.2.1.4: Evidence extraction (result 2)": 7.938527822494507,
    "Step 3.1.2.2.3: Content fetching (result 1)": 20.134520053863525,
    "Step 3.1.2.2.3: Content fetching (result 2)": 20.13658308982849,
    "Step 3.1.2.2.3: Content fetching (result 3)": 18.9391131401062,
    "Step 3.1.2.2.3: Content fetching (result 6)": 18.49082922935486,
    "Step 3.1.2.2.3: Content fetching (result 4)": 18.174926042556763,
    "Step 3.1.2.2.3: Content fetching (result 5)": 18.147547006607056,
    "Step 3.2.2.1.4: Evidence extraction (result 1)": 25.93986487388611,
    "Step 3.2.2.1.4: Evidence extraction (result 2)": 25.955625295639038,
    "Step 3.2.2: Search execution for claim 2 query 1": 38.325419187545776,
    "Step 3.3.2.2.4: Evidence extraction (result 4)": 18.6714129447937,
    "Step 3.3.2.1.4: Evidence extraction (result 1)": 20.64522385597229,
    "Step 3.3.2.2.4: Evidence extraction (result 1)": 18.846816062927246,
    "Step 3.3.2.1.4: Evidence extraction (result 6)": 20.73060703277588,
    "Step 3.1.2.1.4: Evidence extraction (result 1)": 18.558852910995483,
    "Step 3.3.2.2.4: Evidence extraction (result 2)": 18.972387075424194,
    "Step 3.1.2.1.4: Evidence extraction (result 6)": 18.55673384666443,
    "Step 3.3.2.2.4: Evidence extraction (result 5)": 18.990395069122314,
    "Step 3.3.2.1.4: Evidence extraction (result 5)": 20.87565803527832,
    "Step 3.3.2: Search execution for claim 3 query 1": 38.867719888687134,
    "Step 3.1.2.1.4: Evidence extraction (result 2)": 18.68623185157776,
    "Step 3.3.2.2.4: Evidence extraction (result 3)": 19.109089136123657,
    "Step 3.3.2: Search execution for claim 3 query 2": 38.925966024398804,
    "Step 3.1.2.1.4: Evidence extraction (result 5)": 18.781267881393433,
    "Step 3.1.2.1.4: Evidence extraction (result 3)": 18.785574913024902,
    "Step 3.1.2: Search execution for claim 1 query 1": 39.33734107017517,
    "Step 3.2.2.2.4: Evidence extraction (result 3)": 18.11847686767578,
    "Step 3.2.2.2.4: Evidence extraction (result 5)": 18.13736915588379,
    "Step 3.2.2.2.4: Evidence extraction (result 6)": 18.161170959472656,
    "Step 3.2.2.2.4: Evidence extraction (result 1)": 18.16280508041382,
    "Step 3.2.2.2.4: Evidence extraction (result 4)": 18.27679419517517,
    "Step 3.2.2.2.4: Evidence extraction (result 2)": 18.306764125823975,