{
  "timing": {
    "total_seconds": 88.29670000076294,
    "Step 1: Transcript extraction": 0.7556769847869873,
    "Step 2: Claim extraction": 8.507288932800293,
    "Step 3.1.1: Query generation for claim 1": 1.7212390899658203,
    "Step 3.2.1: Query generation for claim 2": 1.8440520763397217,
    "Step 3.5.1: Query generation for claim 5": 2.114671230316162,
    "Step 3.4.1: Query generation for claim 4": 2.3357880115509033,
    "Step 3.1.2.2.1.1: Google Search API (batch 1)": 0.7506728172302246,
    "Step 3.2.2.1.1.1: Google Search API (batch 1)": 0.8137421607971191,
    "Step 3.1.2.1.1.1: Google Search API (batch 1)": 0.9239492416381836,
    "Step 3.2.2.2.1.1: Google Search API (batch 1)": 0.8486859798431396,
    "Step 3.5.2.2.1.1: Google Search API (batch 1)": 0.7351911067962646,
    "Step 3.4.2.1.1.1: Google Search API (batch 1)": 0.7675912380218506,
    "Step 3.5.2.1.1.1: Google Search API (batch 1)": 1.008591890335083,
    "Step 3.4.2.2.1.1: Google Search API (batch 1)": 0.860975980758667,
    "Step 3.3.1: Query generation for claim 3": 3.548635721206665,
    "Step 3.5.2.1.2: Reliability assessment (result 1)": 0.00040411949157714844,
    "Step 3.5.2.1.2: Reliability assessment (result 2)": 0.0004899501800537109,
    "Step 3.5.2.1.2: Reliability assessment (result 3)": 0.0007290840148925781,
    "Step 3.5.2.1.2: Reliability assessment (result 4)": 0.0009059906005859375,
    "Step 3.3.2.1.1.1: Google Search API (batch 1)": 0.7481594085693359,
    "Step 3.3.2.2.1.1: Google Search API (batch 1)": 0.7385897636413574,
    "Step 3.5.2.1.2: Reliability assessment (result 5)": 0.7031087875366211,
    "Step 3.1.2.1.2: Reliability assessment (result 2)": 0.00035119056701660156,
    "Step 3.1.2.1.2: Reliability assessment (result 3)": 0.6372880935668945,
    "Step 3.1.2.1.2: Reliability assessment (result 1)": 0.637505054473877,
    "Step 3.1.2.1.2: Reliability assessment (result 4)": 0.6376919746398926,
    "Step 3.1.2.1.2: Reliability assessment (result 5)": 0.6378748416900635,
    "Step 3.1.2.2.2: Reliability assessment (result 2)": 0.0013589859008789062,
    "Step 3.1.2.2.2: Reliability assessment (result 5)": 0.0013949871063232422,
    "Step 3.1.2.2.2: Reliability assessment (result 1)": 0.43084001541137695,
    "Step 3.1.2.2.2: Reliability assessment (result 3)": 0.4441869258880615,
    "Step 3.1.2.2.2: Reliability assessment (result 6)": 0.561732292175293,
    "Step 3.1.2.2.2: Reliability assessment (result 4)": 0.5768170356750488,
    "Step 3.5.2.1.3: Content fetching (result 1)": 5.441332817077637,
    "Step 3.5.2.1.3: Content fetching (result 2)": 5.443100929260254,
    "Step 3.5.2.1.3: Content fetching (result 3)": 5.445007085800171,
    "Step 3.5.2.1.3: Content fetching (result 4)": 5.446916103363037,
    "Step 3.5.2.1.3: Content fetching (result 5)": 4.746993064880371,
    "Step 3.5.2.1.4: Evidence extraction (result 2)": 5.568175792694092,
    "Step 3.5.2.1.4: Evidence extraction (result 4)": 5.740784168243408,
    "Step 3.5.2.1.4: Evidence extraction (result 5)": 6.668363809585571,
    "Step 3.5.2.1.4: Evidence extraction (result 1)": 6.906062841415405,
    "Step 3.5.2.1.4: Evidence extraction (result 3)": 7.341349840164185,
    "Step 3.5.2: Search execution for claim 5 query 1": 14.960474967956543,
    "Step 3.4.2.1.2: Reliability assessment (result 2)": 2.75573992729187,
    "Step 3.4.2.1.2: Reliability assessment (result 3)": 2.8982980251312256,
    "Step 3.4.2.1.2: Reliability assessment (result 4)": 3.349479913711548,
    "Step 3.4.2.1.2: Reliability assessment (result 5)": 3.4585320949554443,
    "Step 3.4.2.1.2: Reliability assessment (result 6)": 3.8626468181610107,
    "Step 3.4.2.1.3: Content fetching (result 2)": 7.257584810256958,
    "Step 3.4.2.1.3: Content fetching (result 3)": 7.1171300411224365,
    "Step 3.4.2.1.3: Content fetching (result 4)": 6.6698901653289795,
    "Step 3.2.2.1.2: Reliability assessment (result 4)": 5.421936273574829,
    "Step 3.4.2.1.3: Content fetching (result 5)": 6.564990997314453,
    "Step 3.4.2.1.3: Content fetching (result 6)": 6.163038969039917,
    "Step 3.4.2.1.2: Reliability assessment (result 1)": 10.210396766662598,
    "Step 3.2.2.1.2: Reliability assessment (result 5)": 6.237139940261841,
    "Step 3.2.2.1.2: Reliability assessment (result 3)": 6.238601922988892,
    "Step 3.3.2.1.2: Reliability assessment (result 1)": 0.002844095230102539,
    "Step 3.3.2.1.2: Reliability assessment (result 3)": 0.46832895278930664,
    "Step 3.3.2.1.2: Reliability assessment (result 4)": 1.3575379848480225,
    "Step 3.1.2.1.3: Content fetching (result 1)": 20.496136903762817,
    "Step 3.1.2.2.3: Content fetching (result 2)": 20.58159303665161,
    "Step 3.3.2.1.2: Reliability assessment (result 5)": 1.9304230213165283,
    "Step 3.3.2.1.2: Reliability assessment (result 6)": 2.1292200088500977,
    "Step 3.4.2.1.3: Content fetching (result 1)": 4.712430000305176,
    "Step 3.1.2.1.3: Content fetching (result 2)": 25.538569927215576,
    "Step 3.1.2.1.3: Content fetching (result 3)": 24.906553745269775,
    "Step 3.1.2.1.3: Content fetching (result 4)": 24.909008026123047,
    "Step 3.1.2.1.3: Content fetching (result 5)": 24.910731077194214,
    "Step 3.2.2.1.3: Content fetching (result 4)": 8.195659160614014,
    "Step 3.5.2.2.2: Reliability assessment (result 2)": 2.809262752532959,
    "Step 3.5.2.2.2: Reliability assessment (result 3)": 2.809314012527466,
    "Step 3.2.2.1.3: Content fetching (result 5)": 7.383807182312012,
    "Step 3.2.2.1.3: Content fetching (result 3)": 7.384452819824219,
    "Step 3.5.2.2.2: Reliability assessment (result 5)": 3.377595901489258,
    "Step 3.4.2.1.4: Evidence extraction (result 5)": 9.124268054962158,
    "Step 3.5.2.2.2: Reliability assessment (result 6)": 4.086910009384155,
    "Step 3.2.2.1.2: Reliability assessment (result 2)": 15.627499103546143,
    "Step 3.4.2.1.4: Evidence extraction (result 2)": 10.32321572303772,
    "Step 3.4.2.1.4: Evidence extraction (result 3)": 10.493300914764404,
    "Step 3.4.2.2.2: Reliability assessment (result 3)": 3.1707820892333984,
    "Step 3.4.2.2.2: Reliability assessment (result 4)": 3.7479329109191895,
    "Step 3.4.2.1.4: Evidence extraction (result 1)": 6.4952099323272705,
    "Step 3.3.2.1.3: Content fetching (result 1)": 11.20907211303711,
    "Step 3.3.2.1.3: Content fetching (result 3)": 10.74535608291626,
    "Step 3.3.2.1.3: Content fetching (result 4)": 10.248791933059692,
    "Step 3.3.2.1.3: Content fetching (result 6)": 9.477742910385132,
    "Step 3.3.2.1.3: Content fetching (result 5)": 9.677717924118042,
    "Step 3.2.2.1.2: Reliability assessment (result 1)": 17.845496892929077,
    "Step 3.4.2.2.3: Content fetching (result 3)": 3.0340850353240967,
    "Step 3.3.2.2.2: Reliability assessment (result 2)": 1.3864498138427734,
    "Step 3.3.2.2.2: Reliability assessment (result 3)": 1.3864660263061523,
    "Step 3.3.2.2.2: Reliability assessment (result 4)": 1.3864881992340088,
    "Step 3.4.2.2.3: Content fetching (result 4)": 2.475499153137207,
    "Step 3.4.2.1.4: Evidence extraction (result 4)": 14.0553617477417,
    "Step 3.3.2.2.2: Reliability assessment (result 6)": 1.9756450653076172,
    "Step 3.3.2.2.2: Reliability assessment (result 5)": 2.0742080211639404,
    "Step 3.5.2.2.3: Content fetching (result 2)": 6.675043106079102,
    "Step 3.5.2.2.3: Content fetching (result 3)": 6.6786909103393555,
    "Step 3.5.2.2.3: Content fetching (result 6)": 5.40388298034668,
    "Step 3.5.2.2.3: Content fetching (result 5)": 6.116034984588623,
    "Step 3.4.2.1.4: Evidence extraction (result 6)": 15.347883939743042,
    "Step 3.4.2: Search execution for claim 4 query 1": 39.444392919540405,
    "Step 3.1.2.1.4: Evidence extraction (result 1)": 13.291550874710083,
    "Step 3.2.2.1.4: Evidence extraction (result 3)": 7.681165933609009,
    "Step 3.3.2.1.2: Reliability assessment (result 2)": 15.277667760848999,
    "Step 3.1.2.2.4: Evidence extraction (result 2)": 13.716675996780396,