{
  "timing": {
    "total_seconds": 72.1431291103363,
    "Step 1: Transcript extraction": 6.5758960247039795,
    "Step 2: Claim extraction": 9.151513814926147,
    "Step 3.1.1: Query generation for claim 1": 2.0542163848876953,
    "Step 3.5.1: Query generation for claim 5": 2.174718141555786,
    "Step 3.2.1: Query generation for claim 2": 2.2614541053771973,
    "Step 3.3.1: Query generation for claim 3": 2.261160135269165,
    "Step 3.4.1: Query generation for claim 4": 2.4302361011505127,
    "Step 3.2.2.1.1.1: Google Search API (batch 1)": 1.050405740737915,
    "Step 3.5.2.1.1.1: Google Search API (batch 1)": 1.1457269191741943,
    "Step 3.1.2.2.1.1: Google Search API (batch 1)": 1.258552074432373,
    "Step 3.5.2.2.1.1: Google Search API (batch 1)": 1.2059597969055176,
    "Step 3.2.2.2.1.1: Google Search API (batch 1)": 1.1462981700897217,
    "Step 3.4.2.2.1.1: Google Search API (batch 1)": 0.9837138652801514,
    "Step 3.3.2.2.1.1: Google Search API (batch 1)": 1.0943758487701416,
    "Step 3.3.2.1.1.1: Google Search API (batch 1)": 1.1579639911651611,
    "Step 3.1.2.1.1.1: Google Search API (batch 1)": 1.462918996810913,
    "Step 3.4.2.1.1.1: Google Search API (batch 1)": 1.2286856174468994,
    "Step 3.5.2.1.2: Reliability assessment (result 1)": 0.3148331642150879,
    "Step 3.5.2.1.2: Reliability assessment (result 3)": 0.31502413749694824,
    "Step 3.5.2.1.2: Reliability assessment (result 4)": 0.3151729106903076,
    "Step 3.5.2.1.2: Reliability assessment (result 5)": 0.3154780864715576,
    "Step 3.5.2.1.2: Reliability assessment (result 6)": 0.31567907333374023,
    "Step 3.1.2.1.2: Reliability assessment (result 1)": 0.32439708709716797,
    "Step 3.1.2.1.2: Reliability assessment (result 2)": 0.32451415061950684,
    "Step 3.1.2.1.2: Reliability assessment (result 4)": 0.3247370719909668,
    "Step 3.3.2.2.2: Reliability assessment (result 1)": 0.0010161399841308594,
    "Step 3.3.2.2.2: Reliability assessment (result 2)": 0.0011119842529296875,
    "Step 3.3.2.2.2: Reliability assessment (result 3)": 0.001154184341430664,
    "Step 3.1.2.1.2: Reliability assessment (result 3)": 0.3383519649505615,
    "Step 3.3.2.2.2: Reliability assessment (result 4)": 0.25959205627441406,
    "Step 3.3.2.2.2: Reliability assessment (result 5)": 0.2793428897857666,
    "Step 3.5.2.1.2: Reliability assessment (result 2)": 0.938093900680542,
    "Step 3.1.2.1.2: Reliability assessment (result 5)": 0.7506260871887207,
    "Step 3.5.2.2.2: Reliability assessment (result 1)": 1.0430619716644287,
    "Step 3.5.2.2.2: Reliability assessment (result 2)": 1.0431649684906006,
    "Step 3.5.2.2.2: Reliability assessment (result 3)": 1.0431926250457764,
    "Step 3.5.2.2.2: Reliability assessment (result 4)": 1.043205976486206,
    "Step 3.5.2.2.2: Reliability assessment (result 5)": 2.0220119953155518,
    "Step 3.1.2.2.2: Reliability assessment (result 1)": 2.324491024017334,
    "Step 3.1.2.2.2: Reliability assessment (result 2)": 3.029553174972534,
    "Step 3.1.2.2.2: Reliability assessment (result 3)": 3.61942195892334,
    "Step 3.1.2.2.2: Reliability assessment (result 4)": 4.660860300064087,
    "Step 3.1.2.2.2: Reliability assessment (result 5)": 4.6609227657318115,
    "Step 3.1.2.2.2: Reliability assessment (result 6)": 5.489403963088989,
    "Step 3.4.2.1.2: Reliability assessment (result 1)": 6.558794021606445,
    "Step 3.4.2.1.2: Reliability assessment (result 2)": 6.5590980052948,
    "Step 3.5.2.1.3: Content fetching (result 1)": 8.601511716842651,
    "Step 3.4.2.1.2: Reliability assessment (result 4)": 6.769663095474243,
    "Step 3.5.2.1.3: Content fetching (result 5)": 8.602752923965454,
    "Step 3.5.2.1.3: Content fetching (result 6)": 8.604485988616943,
    "Step 3.5.2.1.3: Content fetching (result 3)": 8.607543230056763,
    "Step 3.5.2.1.3: Content fetching (result 4)": 8.609282970428467,
    "Step 3.5.2.1.3: Content fetching (result 2)": 7.988526105880737,
    "Step 3.3.2.2.3: Content fetching (result 1)": 8.639094829559326,
    "Step 3.3.2.1.2: Reliability assessment (result 1)": 5.481774091720581,
    "Step 3.3.2.2.3: Content fetching (result 2)": 8.640938997268677,
    "Step 3.3.2.2.3: Content fetching (result 3)": 8.642699956893921,
    "Step 3.3.2.2.3: Content fetching (result 4)": 8.386149883270264,
    "Step 3.3.2.1.2: Reliability assessment (result 5)": 5.4863221645355225,
    "Step 3.3.2.2.3: Content fetching (result 5)": 8.368597984313965,
    "Step 3.4.2.1.2: Reliability assessment (result 3)": 7.632777214050293,
    "Step 3.4.2.1.2: Reliability assessment (result 5)": 7.788334131240845,
    "Step 3.3.2.1.2: Reliability assessment (result 3)": 6.274528980255127,
    "Step 3.3.2.1.2: Reliability assessment (result 4)": 6.340235710144043,
    "Step 3.3.2.1.2: Reliability assessment (result 2)": 6.526937007904053,
    "Step 3.1.2.1.3: Content fetching (result 1)": 10.589954853057861,
    "Step 3.1.2.1.3: Content fetching (result 4)": 10.591638088226318,
    "Step 3.1.2.1.3: Content fetching (result 2)": 10.595599889755249,
    "Step 3.1.2.1.3: Content fetching (result 3)": 10.584036827087402,
    "Step 3.1.2.1.3: Content fetching (result 5)": 10.173694849014282,
    "Step 3.5.2.2.3: Content fetching (result 2)": 17.138010025024414,
    "Step 3.5.2.2.3: Content fetching (result 3)": 17.141993045806885,
    "Step 3.5.2.2.3: Content fetching (result 1)": 17.144588947296143,
    "Step 3.5.2.2.3: Content fetching (result 4)": 17.148359060287476,
    "Step 3.5.2.2.3: Content fetching (result 5)": 16.171627044677734,
    "Step 3.2.2.1.2: Reliability assessment (result 1)": 8.223452806472778,
    "Step 3.2.2.1.2: Reliability assessment (result 3)": 9.365456104278564,
    "Step 3.2.2.1.2: Reliability assessment (result 4)": 9.36554217338562,
    "Step 3.2.2.1.2: Reliability assessment (result 2)": 9.370283126831055,
    "Step 3.1.2.2.3: Content fetching (result 1)": 17.525669813156128,
    "Step 3.1.2.2.3: Content fetching (result 2)": 16.822935104370117,
    "Step 3.1.2.2.3: Content fetching (result 3)": 16.235302925109863,
    "Step 3.1.2.2.3: Content fetching (result 4)": 15.195356130599976,
    "Step 3.1.2.2.3: Content fetching (result 5)": 15.197997808456421,
    "Step 3.1.2.2.3: Content fetching (result 6)": 14.372191905975342,
    "Step 3.2.2.2.2: Reliability assessment (result 1)": 1.153838872909546,
    "Step 3.2.2.2.2: Reliability assessment (result 6)": 1.4046180248260498,
    "Step 3.2.2.1.2: Reliability assessment (result 5)": 10.24102234840393,
    "Step 3.2.2.2.2: Reliability assessment (result 5)": 1.7111680507659912,
    "Step 3.2.2.2.2: Reliability assessment (result 2)": 1.8104350566864014,
    "Step 3.2.2.2.2: Reliability assessment (result 3)": 1.8198888301849365,
    "Step 3.2.2.1.3: Content fetching (result 3)": 1.246746301651001,
    "Step 3.2.2.2.2: Reliability assessment (result 4)": 2.158005952835083,
    "Step 3.5.2.2.4: Evidence extraction (result 2)": 5.580981969833374,
    "Step 3.5.2.2.4: Evidence extraction (result 5)": 5.601102828979492,
    "Step 3.5.2.1.4: Evidence extraction (result 2)": 16.35394525527954,
    "Step 3.5.2.2.4: Evidence extraction (result 1)": 5.656660795211792,
    "Step 3.5.2.2.4: Evidence extraction (result 4)": 5.765456199645996,
    "Step 3.5.2.1.4: Evidence extraction (result 3)": 16.609651803970337,
    "Step 3.5.2.2.4: Evidence extraction (result 3)": 5.945949077606201,
    "Step 3.5.2: Search execution for claim 5 query 2": 29.202434062957764,
    "Step 3.5.2.1.4: Evidence extraction (result 5)": 16.740752935409546,
    "Step 3.5.2.1.4: Evidence extraction (result 4)": 16.869652032852173,
    "Step 3.5.2.1.4: Evidence extraction (result 1)": 16.940931797027588,
    "Step 3.1.2.1.4: Evidence extraction (result 3)": 14.656047105789185,
    "Step 3.5.2.1.4: Evidence extraction (result 6)": 17.12235713005066,
    "Step 3.5.2: Search execution for claim 5 query 1": 29.728811025619507,
    "Step 3.1.2.1.4: Evidence extraction (result 5)": 14.960533857345581,