{
  "timing": {
    "total_seconds": 159.62578010559082,
    "Step 1: Transcript extraction": 1.0931472778320312,
    "Step 2: Claim extraction": 9.421226978302002,
    "Step 3.2.1: Query generation for claim 2": 2.327131986618042,
    "Step 3.1.1: Query generation for claim 1": 2.453273057937622,
    "Step 3.4.1: Query generation for claim 4": 2.941866636276245,
    "Step 3.2.2.2.1.1: Google Search API (batch 1)": 1.0126893520355225,
    "Step 3.1.2.1.1.1: Google Search API (batch 1)": 0.9721450805664062,
    "Step 3.2.2.1.1.1: Google Search API (batch 1)": 1.093945026397705,
    "Step 3.3.1: Query generation for claim 3": 3.568695068359375,
    "Step 3.1.2.2.1.1: Google Search API (batch 1)": 1.2601358890533447,
    "Step 3.4.2.1.1.1: Google Search API (batch 1)": 0.8001599311828613,
    "Step 3.4.2.2.1.1: Google Search API (batch 1)": 1.1776537895202637,
    "Step 3.1.2.1.2: Reliability assessment (result 1)": 0.0017251968383789062,
    "Step 3.1.2.1.2: Reliability assessment (result 2)": 0.0017249584197998047,
    "Step 3.3.2.2.1.1: Google Search API (batch 1)": 1.2671082019805908,
    "Step 3.1.2.1.2: Reliability assessment (result 3)": 0.002192974090576172,
    "Step 3.1.2.1.2: Reliability assessment (result 4)": 0.0022280216217041016,
    "Step 3.1.2.1.2: Reliability assessment (result 5)": 0.0027871131896972656,
    "Step 3.3.2.1.1.1: Google Search API (batch 1)": 1.3129160404205322,
    "Step 3.5.1: Query generation for claim 5": 5.288678169250488,
    "Step 3.1.2.1.2: Reliability assessment (result 6)": 0.8012218475341797,
    "Step 3.5.2.1.1.1: Google Search API (batch 1)": 0.8262879848480225,
    "Step 3.4.2.1.2: Reliability assessment (result 1)": 0.3478109836578369,
    "Step 3.4.2.1.2: Reliability assessment (result 2)": 0.34786009788513184,
    "Step 3.4.2.1.2: Reliability assessment (result 3)": 0.34810900688171387,
    "Step 3.4.2.1.2: Reliability assessment (result 6)": 0.3484921455383301,
    "Step 3.3.2.1.2: Reliability assessment (result 1)": 0.0020220279693603516,
    "Step 3.3.2.1.2: Reliability assessment (result 2)": 0.002086162567138672,
    "Step 3.3.2.1.2: Reliability assessment (result 3)": 0.002147674560546875,
    "Step 3.5.2.2.1.1: Google Search API (batch 1)": 1.578801155090332,
    "Step 3.4.2.1.2: Reliability assessment (result 4)": 0.6466579437255859,
    "Step 3.3.2.1.2: Reliability assessment (result 4)": 0.5789532661437988,
    "Step 3.4.2.1.2: Reliability assessment (result 5)": 1.0071070194244385,
    "Step 3.3.2.1.2: Reliability assessment (result 5)": 0.8020861148834229,
    "Step 3.3.2.1.3: Content fetching (result 1)": 4.175771951675415,
    "Step 3.3.2.1.3: Content fetching (result 2)": 4.177780389785767,
    "Step 3.3.2.1.3: Content fetching (result 3)": 4.179671764373779,
    "Step 3.3.2.1.3: Content fetching (result 4)": 4.817351818084717,
    "Step 3.3.2.2.2: Reliability assessment (result 1)": 1.5258193016052246,
    "Step 3.3.2.2.2: Reliability assessment (result 2)": 1.526228904724121,
    "Step 3.3.2.2.2: Reliability assessment (result 3)": 1.5265581607818604,
    "Step 3.3.2.2.2: Reliability assessment (result 5)": 4.101258993148804,
    "Step 3.3.2.2.3: Content fetching (result 1)": 2.874324083328247,
    "Step 3.3.2.2.3: Content fetching (result 2)": 3.580476999282837,
    "Step 3.3.2.2.3: Content fetching (result 3)": 4.955149173736572,
    "Step 3.3.2.1.4: Evidence extraction (result 3)": 8.578572988510132,
    "Step 3.3.2.2.3: Content fetching (result 5)": 3.3038170337677,
    "Step 3.3.2.1.4: Evidence extraction (result 2)": 8.682687044143677,
    "Step 3.3.2.1.4: Evidence extraction (result 1)": 8.719444990158081,
    "Step 3.3.2.2.2: Reliability assessment (result 4)": 7.580533981323242,
    "Step 3.2.2.1.2: Reliability assessment (result 1)": 0.6751313209533691,
    "Step 3.2.2.1.2: Reliability assessment (result 3)": 0.6751499176025391,
    "Step 3.2.2.1.2: Reliability assessment (result 4)": 0.675159215927124,
    "Step 3.2.2.1.2: Reliability assessment (result 5)": 0.6753480434417725,
    "Step 3.1.2.2.2: Reliability assessment (result 1)": 0.0017862319946289062,
    "Step 3.1.2.2.2: Reliability assessment (result 2)": 0.0017781257629394531,
    "Step 3.2.2.1.2: Reliability assessment (result 2)": 0.8514878749847412,
    "Step 3.1.2.2.2: Reliability assessment (result 4)": 0.6018970012664795,
    "Step 3.1.2.2.2: Reliability assessment (result 3)": 0.6682639122009277,
    "Step 3.4.2.2.2: Reliability assessment (result 2)": 0.9573118686676025,
    "Step 3.4.2.2.2: Reliability assessment (result 3)": 0.9578127861022949,
    "Step 3.4.2.2.2: Reliability assessment (result 4)": 0.9588580131530762,
    "Step 3.4.2.2.2: Reliability assessment (result 5)": 0.9593148231506348,
    "Step 3.4.2.2.2: Reliability assessment (result 6)": 0.9594590663909912,
    "Step 3.3.2.2.3: Content fetching (result 4)": 2.3069891929626465,
    "Step 3.1.2.2.2: Reliability assessment (result 6)": 1.3891949653625488,
    "Step 3.4.2.2.2: Reliability assessment (result 1)": 1.5869140625,
    "Step 3.3.2.2.4: Evidence extraction (result 3)": 4.1989991664886475,
    "Step 3.3.2.2.4: Evidence extraction (result 1)": 7.040605068206787,
    "Step 3.1.2.1.3: Content fetching (result 1)": 20.007946014404297,
    "Step 3.3.2.1.4: Evidence extraction (result 4)": 13.096661806106567,
    "Step 3.2.2.1.3: Content fetching (result 1)": 5.911821126937866,
    "Step 3.2.2.1.3: Content fetching (result 3)": 6.177455186843872,
    "Step 3.2.2.1.3: Content fetching (result 4)": 6.1791558265686035,
    "Step 3.2.2.1.3: Content fetching (result 5)": 6.18077278137207,
    "Step 3.3.2.2.4: Evidence extraction (result 4)": 5.255321264266968,
    "Step 3.3.2.2.4: Evidence extraction (result 5)": 8.292248249053955,
    "Step 3.2.2.1.3: Content fetching (result 2)": 7.453838109970093,
    "Step 3.4.2.1.3: Content fetching (result 6)": 22.16995096206665,
    "Step 3.1.2.1.3: Content fetching (result 2)": 25.266836166381836,
    "Step 3.1.2.1.3: Content fetching (result 4)": 25.269327878952026,
    "Step 3.1.2.1.3: Content fetching (result 5)": 25.271466970443726,
    "Step 3.1.2.1.3: Content fetching (result 3)": 25.27727699279785,
    "Step 3.1.2.1.3: Content fetching (result 6)": 24.480324029922485,
    "Step 3.1.2.2.2: Reliability assessment (result 5)": 10.882869958877563,
    "Step 3.3.2.1.3: Content fetching (result 5)": 24.79124903678894,
    "Step 3.3.2.2.4: Evidence extraction (result 2)": 15.200902938842773,
    "Step 3.3.2: Search execution for claim 3 query 2": 29.122701168060303,
    "Step 3.4.2.1.3: Content fetching (result 1)": 26.25250792503357,
    "Step 3.2.2.2.2: Reliability assessment (result 2)": 0.660693883895874,
    "Step 3.2.2.2.2: Reliability assessment (result 3)": 0.6607277393341064,
    "Step 3.4.2.1.3: Content fetching (result 2)": 26.254129886627197,
    "Step 3.4.2.1.3: Content fetching (result 3)": 26.255680799484253,
    "Step 3.5.2.1.2: Reliability assessment (result 1)": 0.6639680862426758,
    "Step 3.5.2.1.2: Reliability assessment (result 2)": 0.6639790534973145,
    "Step 3.4.2.1.3: Content fetching (result 4)": 25.96449589729309,
    "Step 3.5.2.1.2: Reliability assessment (result 4)": 0.6710851192474365,
    "Step 3.5.2.1.2: Reliability assessment (result 5)": 0.6711249351501465,
    "Step 3.4.2.1.3: Content fetching (result 5)": 25.60602903366089,
    "Step 3.2.2.2.2: Reliability assessment (result 5)": 1.2419960498809814,
    "Step 3.2.2.2.2: Reliability assessment (result 4)": 1.2520711421966553,
    "Step 3.5.2.1.2: Reliability assessment (result 6)": 1.2585971355438232,
    "Step 3.2.2.2.2: Reliability assessment (result 1)": 1.4198729991912842,
    "Step 3.5.2.1.2: Reliability assessment (result 3)": 1.5094480514526367,
    "Step 3.3.2.1.4: Evidence extraction (result 5)": 1.5644118785858154,
    "Step 3.3.2: Search execution for claim 3 query 1": 30.670122861862183,
    "Step 3.1.2.1.4: Evidence extraction (result 6)": 4.010796070098877,