{
  "timing": {
    "total_seconds": 103.60874700546265,
    "Step 1: Transcript extraction": 0.9247350692749023,
    "Step 2: Claim extraction": 24.458909273147583,
    "Step 3.5.1: Query generation for claim 5": 2.1634857654571533,
    "Step 3.1.1: Query generation for claim 1": 2.287309169769287,
    "Step 3.2.1: Query generation for claim 2": 2.3711960315704346,
    "Step 3.3.1: Query generation for claim 3": 2.4553399085998535,
    "Step 3.1.2.1.1.1: Google Search API (batch 1)": 1.074760913848877,
    "Step 3.5.2.2.1.1: Google Search API (batch 1)": 1.1214771270751953,
    "Step 3.1.2.2.1.1: Google Search API (batch 1)": 1.0381710529327393,
    "Step 3.1.2.1.2: Reliability assessment (result 1)": 0.0027620792388916016,
    "Step 3.1.2.1.2: Reliability assessment (result 2)": 0.0027649402618408203,
    "Step 3.3.2.1.1.1: Google Search API (batch 1)": 1.4109201431274414,
    "Step 3.1.2.1.2: Reliability assessment (result 3)": 0.003271818161010742,
    "Step 3.1.2.1.2: Reliability assessment (result 4)": 0.0033233165740966797,
    "Step 3.1.2.1.2: Reliability assessment (result 5)": 0.0033881664276123047,
    "Step 3.1.2.1.2: Reliability assessment (result 6)": 0.0033969879150390625,
    "Step 3.3.2.2.1.1: Google Search API (batch 1)": 1.3702402114868164,
    "Step 3.2.2.2.1.1: Google Search API (batch 1)": 1.4553000926971436,
    "Step 3.5.2.1.1.1: Google Search API (batch 1)": 1.668644905090332,
    "Step 3.2.2.1.1.1: Google Search API (batch 1)": 1.497563123703003,
    "Step 3.3.2.2.2: Reliability assessment (result 1)": 0.3490288257598877,
    "Step 3.3.2.2.2: Reliability assessment (result 2)": 0.34917306900024414,
    "Step 3.3.2.2.2: Reliability assessment (result 3)": 0.3494589328765869,
    "Step 3.3.2.2.2: Reliability assessment (result 5)": 0.34961485862731934,
    "Step 3.3.2.1.2: Reliability assessment (result 1)": 0.0015249252319335938,
    "Step 3.3.2.1.2: Reliability assessment (result 2)": 0.0016739368438720703,
    "Step 3.3.2.1.2: Reliability assessment (result 3)": 0.0017490386962890625,
    "Step 3.3.2.2.2: Reliability assessment (result 4)": 0.8183281421661377,
    "Step 3.3.2.1.2: Reliability assessment (result 4)": 0.7057719230651855,
    "Step 3.5.2.2.2: Reliability assessment (result 2)": 0.0006630420684814453,
    "Step 3.5.2.2.2: Reliability assessment (result 3)": 0.0008478164672851562,
    "Step 3.5.2.2.2: Reliability assessment (result 4)": 0.0005340576171875,
    "Step 3.5.2.2.2: Reliability assessment (result 1)": 1.1620721817016602,
    "Step 3.5.2.2.2: Reliability assessment (result 5)": 1.513612985610962,
    "Step 3.5.2.2.2: Reliability assessment (result 6)": 1.68119215965271,
    "Step 3.5.2.2.3: Content fetching (result 2)": 6.131580829620361,
    "Step 3.5.2.2.3: Content fetching (result 3)": 6.133393049240112,
    "Step 3.5.2.1.2: Reliability assessment (result 2)": 4.9816131591796875,
    "Step 3.5.2.1.2: Reliability assessment (result 3)": 4.981632947921753,
    "Step 3.5.2.1.2: Reliability assessment (result 4)": 4.981626749038696,
    "Step 3.5.2.2.3: Content fetching (result 4)": 6.134972810745239,
    "Step 3.3.2.1.3: Content fetching (result 1)": 8.535032749176025,
    "Step 3.3.2.1.3: Content fetching (result 3)": 8.539266586303711,
    "Step 3.3.2.1.3: Content fetching (result 2)": 8.91114091873169,
    "Step 3.2.2.1.2: Reliability assessment (result 2)": 5.294764041900635,
    "Step 3.2.2.1.2: Reliability assessment (result 3)": 5.294812917709351,
    "Step 3.3.2.1.3: Content fetching (result 4)": 8.207623958587646,
    "Step 3.5.2.1.2: Reliability assessment (result 6)": 5.741234302520752,
    "Step 3.5.2.1.2: Reliability assessment (result 5)": 6.053093910217285,
    "Step 3.5.2.1.2: Reliability assessment (result 1)": 6.13118314743042,
    "Step 3.1.2.2.2: Reliability assessment (result 1)": 4.907618999481201,
    "Step 3.1.2.2.2: Reliability assessment (result 2)": 4.910156965255737,
    "Step 3.2.2.1.2: Reliability assessment (result 5)": 5.773858070373535,
    "Step 3.2.2.1.2: Reliability assessment (result 4)": 5.774051904678345,
    "Step 3.2.2.1.2: Reliability assessment (result 1)": 6.104765892028809,
    "Step 3.1.2.2.2: Reliability assessment (result 5)": 5.7753989696502686,
    "Step 3.1.2.2.2: Reliability assessment (result 3)": 5.831027030944824,
    "Step 3.1.2.2.2: Reliability assessment (result 4)": 5.920323610305786,
    "Step 3.2.2.2.2: Reliability assessment (result 1)": 2.527306079864502,
    "Step 3.2.2.2.2: Reliability assessment (result 2)": 2.527397871017456,
    "Step 3.2.2.2.2: Reliability assessment (result 3)": 2.527712106704712,
    "Step 3.2.2.2.2: Reliability assessment (result 4)": 2.527751922607422,
    "Step 3.3.2.2.3: Content fetching (result 1)": 12.2516028881073,
    "Step 3.3.2.2.3: Content fetching (result 3)": 12.256414890289307,
    "Step 3.2.2.2.2: Reliability assessment (result 5)": 3.3457469940185547,
    "Step 3.3.2.2.3: Content fetching (result 5)": 12.259428977966309,
    "Step 3.3.2.2.3: Content fetching (result 2)": 12.261620044708252,
    "Step 3.3.2.2.3: Content fetching (result 4)": 11.795593976974487,
    "Step 3.1.2.1.3: Content fetching (result 3)": 14.219154834747314,
    "Step 3.1.2.1.3: Content fetching (result 1)": 14.221994161605835,
    "Step 3.1.2.1.3: Content fetching (result 4)": 14.223484754562378,
    "Step 3.1.2.1.3: Content fetching (result 5)": 14.225687980651855,
    "Step 3.1.2.1.3: Content fetching (result 2)": 14.228807926177979,
    "Step 3.1.2.1.3: Content fetching (result 6)": 14.230801820755005,
    "Step 3.4.1: Query generation for claim 4": 18.70546793937683,
    "Step 3.5.2.2.3: Content fetching (result 1)": 14.805816173553467,
    "Step 3.5.2.2.3: Content fetching (result 5)": 14.456247091293335,
    "Step 3.5.2.2.3: Content fetching (result 6)": 14.29121208190918,
    "Step 3.2.2.1.3: Content fetching (result 2)": 11.570559978485107,
    "Step 3.2.2.1.3: Content fetching (result 3)": 11.572672843933105,
    "Step 3.2.2.1.3: Content fetching (result 5)": 11.095476865768433,
    "Step 3.2.2.1.3: Content fetching (result 4)": 11.097762823104858,
    "Step 3.2.2.1.3: Content fetching (result 1)": 10.770683288574219,
    "Step 3.1.2.2.3: Content fetching (result 1)": 12.098686933517456,
    "Step 3.1.2.2.3: Content fetching (result 2)": 12.10090684890747,
    "Step 3.1.2.2.3: Content fetching (result 3)": 11.1819429397583,
    "Step 3.1.2.2.3: Content fetching (result 5)": 11.241536855697632,
    "Step 3.1.2.2.3: Content fetching (result 4)": 11.09851598739624,
    "Step 3.5.2.1.3: Content fetching (result 2)": 13.795449018478394,
    "Step 3.5.2.1.3: Content fetching (result 3)": 13.803961277008057,
    "Step 3.5.2.1.3: Content fetching (result 4)": 13.806330680847168,
    "Step 3.5.2.1.3: Content fetching (result 6)": 13.048871994018555,
    "Step 3.5.2.1.3: Content fetching (result 5)": 12.739399909973145,
    "Step 3.5.2.1.3: Content fetching (result 1)": 12.66400671005249,
    "Step 3.3.2.1.4: Evidence extraction (result 3)": 18.197251081466675,
    "Step 3.3.2.1.4: Evidence extraction (result 4)": 17.924962043762207,
    "Step 3.5.2.2.4: Evidence extraction (result 3)": 20.551725149154663,
    "Step 3.5.2.2.4: Evidence extraction (result 4)": 21.051010131835938,
    "Step 3.2.2.2.3: Content fetching (result 1)": 17.890909910202026,
    "Step 3.2.2.2.3: Content fetching (result 2)": 17.899539947509766,
    "Step 3.2.2.2.3: Content fetching (result 3)": 17.901998043060303,
    "Step 3.2.2.2.3: Content fetching (result 4)": 17.9047429561615,
    "Step 3.2.2.2.3: Content fetching (result 5)": 17.090923070907593,
    "Step 3.3.2.1.4: Evidence extraction (result 1)": 21.34731435775757,
    "Step 3.3.2.1.4: Evidence extraction (result 2)": 20.975411891937256,
    "Step 3.3.2: Search execution for claim 3 query 1": 32.98692870140076,
    "Step 3.5.2.2.4: Evidence extraction (result 2)": 22.738105058670044,
    "Step 3.5.2.2.4: Evidence extraction (result 1)": 17.927937984466553,