{
  "timing": {
    "total_seconds": 97.69450521469116,
    "Step 1: Transcript extraction": 6.47420072555542,
    "Step 2: Claim extraction": 6.773184776306152,
    "Step 3.1.1: Query generation for claim 1": 11.123579978942871,
    "Step 3.2.1: Query generation for claim 2": 11.241175889968872,
    "Step 3.3.1: Query generation for claim 3": 11.241089105606079,
    "Step 3.1.2.2.1.1: Google Search API (batch 1)": 1.1182010173797607,
    "Step 3.2.2.2.1.1: Google Search API (batch 1)": 1.035412311553955,
    "Step 3.3.2.1.1.1: Google Search API (batch 1)": 0.998450756072998,
    "Step 3.2.2.1.1.1: Google Search API (batch 1)": 1.0828900337219238,
    "Step 3.2.2.1.2: Reliability assessment (result 1)": 0.0017440319061279297,
    "Step 3.2.2.1.2: Reliability assessment (result 2)": 0.0017437934875488281,
    "Step 3.2.2.1.2: Reliability assessment (result 3)": 0.0013098716735839844,
    "Step 3.2.2.1.2: Reliability assessment (result 4)": 0.0013189315795898438,
    "Step 3.2.2.1.2: Reliability assessment (result 5)": 0.0013277530670166016,
    "Step 3.2.2.1.2: Reliability assessment (result 6)": 0.0013339519500732422,
    "Step 3.1.2.1.1.1: Google Search API (batch 1)": 1.627709150314331,
    "Step 3.3.2.2.1.1: Google Search API (batch 1)": 1.414391040802002,
    "Step 3.1.2.1.2: Reliability assessment (result 1)": 0.30283117294311523,
    "Step 3.1.2.1.2: Reliability assessment (result 2)": 0.3029060363769531,
    "Step 3.1.2.1.2: Reliability assessment (result 3)": 0.3032350540161133,
    "Step 3.1.2.1.2: Reliability assessment (result 4)": 0.3034780025482178,
    "Step 3.1.2.1.2: Reliability assessment (result 5)": 0.3035399913787842,
    "Step 3.3.2.2.2: Reliability assessment (result 2)": 0.6408147811889648,
    "Step 3.3.2.2.2: Reliability assessment (result 3)": 0.6408572196960449,
    "Step 3.3.2.2.2: Reliability assessment (result 4)": 0.6408681869506836,
    "Step 3.3.2.2.2: Reliability assessment (result 5)": 0.640902042388916,
    "Step 3.3.2.2.2: Reliability assessment (result 6)": 0.641045093536377,
    "Step 3.2.2.2.2: Reliability assessment (result 1)": 0.0010271072387695312,
    "Step 3.2.2.2.2: Reliability assessment (result 2)": 0.0011379718780517578,
    "Step 3.2.2.2.2: Reliability assessment (result 3)": 0.0009660720825195312,
    "Step 3.2.2.2.2: Reliability assessment (result 5)": 0.001138925552368164,
    "Step 3.1.2.2.2: Reliability assessment (result 1)": 0.0014221668243408203,
    "Step 3.1.2.2.2: Reliability assessment (result 2)": 0.0014700889587402344,
    "Step 3.1.2.2.2: Reliability assessment (result 3)": 0.00150299072265625,
    "Step 3.1.2.2.2: Reliability assessment (result 4)": 0.0015177726745605469,
    "Step 3.3.2.2.2: Reliability assessment (result 1)": 1.0135290622711182,
    "Step 3.2.2.2.2: Reliability assessment (result 4)": 0.6868729591369629,
    "Step 3.1.2.2.2: Reliability assessment (result 5)": 1.017859935760498,
    "Step 3.1.2.2.2: Reliability assessment (result 6)": 1.3797528743743896,
    "Step 3.2.2.2.2: Reliability assessment (result 6)": 1.3799209594726562,
    "Step 3.2.2.2.3: Content fetching (result 1)": 5.007009029388428,
    "Step 3.2.2.2.3: Content fetching (result 2)": 5.008809804916382,
    "Step 3.2.2.2.3: Content fetching (result 3)": 8.405805110931396,
    "Step 3.2.2.2.3: Content fetching (result 5)": 8.408015012741089,
    "Step 3.1.2.2.3: Content fetching (result 1)": 10.888759136199951,
    "Step 3.1.2.2.3: Content fetching (result 2)": 10.8906090259552,
    "Step 3.1.2.1.3: Content fetching (result 1)": 11.897172927856445,
    "Step 3.1.2.1.3: Content fetching (result 4)": 11.898481845855713,
    "Step 3.1.2.1.3: Content fetching (result 2)": 11.90130090713501,
    "Step 3.1.2.1.3: Content fetching (result 5)": 11.90269684791565,
    "Step 3.3.2.1.2: Reliability assessment (result 1)": 9.883692979812622,
    "Step 3.1.2.1.3: Content fetching (result 3)": 11.905248880386353,
    "Step 3.3.2.1.2: Reliability assessment (result 3)": 9.8859281539917,
    "Step 3.3.2.1.2: Reliability assessment (result 4)": 10.976864099502563,
    "Step 3.3.2.1.2: Reliability assessment (result 5)": 10.976932048797607,
    "Step 3.3.2.1.2: Reliability assessment (result 6)": 10.976946353912354,
    "Step 3.3.2.1.2: Reliability assessment (result 2)": 10.995572328567505,
    "Step 3.2.2.1.3: Content fetching (result 1)": 16.240136861801147,
    "Step 3.2.2.1.3: Content fetching (result 3)": 16.24445915222168,
    "Step 3.2.2.1.3: Content fetching (result 2)": 16.245810985565186,
    "Step 3.2.2.1.3: Content fetching (result 5)": 16.247271060943604,
    "Step 3.2.2.1.3: Content fetching (result 4)": 16.248940229415894,
    "Step 3.2.2.1.3: Content fetching (result 6)": 16.250279903411865,
    "Step 3.2.2.2.3: Content fetching (result 4)": 18.231834888458252,
    "Step 3.2.2.2.3: Content fetching (result 6)": 17.541321992874146,
    "Step 3.2.2.2.4: Evidence extraction (result 2)": 15.82741093635559,
    "Step 3.2.2.1.4: Evidence extraction (result 1)": 8.149906873703003,
    "Step 3.1.2.1.4: Evidence extraction (result 1)": 11.243553876876831,
    "Step 3.1.2.1.4: Evidence extraction (result 2)": 11.33024001121521,
    "Step 3.1.2.2.3: Content fetching (result 3)": 23.140731811523438,
    "Step 3.1.2.2.3: Content fetching (result 4)": 23.143232107162476,
    "Step 3.1.2.2.3: Content fetching (result 5)": 22.127634286880493,
    "Step 3.1.2.2.3: Content fetching (result 6)": 21.769020795822144,
    "Step 3.1.2.1.4: Evidence extraction (result 5)": 12.818228960037231,
    "Step 3.1.2.2.4: Evidence extraction (result 2)": 13.248963832855225,
    "Step 3.1.2.1.4: Evidence extraction (result 3)": 13.583831787109375,
    "Step 3.2.2.2.4: Evidence extraction (result 6)": 6.037496089935303,
    "Step 3.2.2.2.4: Evidence extraction (result 5)": 19.916438102722168,
    "Step 3.1.2.1.4: Evidence extraction (result 4)": 17.15018391609192,
    "Step 3.1.2: Search execution for claim 1 query 1": 33.122584104537964,
    "Step 3.2.2.2.4: Evidence extraction (result 1)": 23.519870281219482,
    "Step 3.1.2.2.4: Evidence extraction (result 1)": 17.63782787322998,
    "Step 3.2.2.2.4: Evidence extraction (result 3)": 20.149405241012573,
    "Step 3.3.2.1.3: Content fetching (result 1)": 18.116695165634155,
    "Step 3.3.2.1.3: Content fetching (result 3)": 18.11639094352722,
    "Step 3.3.2.1.3: Content fetching (result 4)": 17.027183771133423,
    "Step 3.3.2.1.3: Content fetching (result 5)": 17.02910590171814,
    "Step 3.3.2.1.3: Content fetching (result 6)": 17.03122091293335,
    "Step 3.3.2.1.3: Content fetching (result 2)": 17.014570951461792,
    "Step 3.3.2.2.3: Content fetching (result 2)": 31.844995975494385,
    "Step 3.3.2.2.3: Content fetching (result 3)": 31.84761881828308,
    "Step 3.3.2.2.3: Content fetching (result 4)": 31.849647998809814,
    "Step 3.3.2.2.3: Content fetching (result 5)": 31.85407590866089,
    "Step 3.3.2.2.3: Content fetching (result 6)": 31.85583996772766,
    "Step 3.3.2.2.3: Content fetching (result 1)": 31.485327005386353,
    "Step 3.2.2.1.4: Evidence extraction (result 6)": 23.83311176300049,
    "Step 3.2.2.1.4: Evidence extraction (result 3)": 23.88041400909424,
    "Step 3.2.2.1.4: Evidence extraction (result 5)": 24.014779090881348,
    "Step 3.2.2.1.4: Evidence extraction (result 4)": 24.023301124572754,
    "Step 3.2.2.1.4: Evidence extraction (result 2)": 24.037682056427002,
    "Step 3.2.2: Search execution for claim 2 query 1": 41.99043107032776,
    "Step 3.2.2.2.4: Evidence extraction (result 4)": 18.591224193572998,
    "Step 3.2.2: Search execution for claim 2 query 2": 42.06279492378235,
    "Step 3.1.2.2.4: Evidence extraction (result 3)": 18.066577196121216,
    "Step 3.1.2.2.4: Evidence extraction (result 4)": 18.12375783920288,
    "Step 3.1.2.2.4: Evidence extraction (result 6)": 18.122730016708374,
    "Step 3.1.2.2.4: Evidence extraction (result 5)": 18.136844873428345,
    "Step 3.1.2: Search execution for claim 1 query 2": 45.92347812652588,