{
  "timing": {
    "total_seconds": 32.53097987174988,
    "Step 1: Transcript extraction": 0.9448261260986328,
    "Step 2: Claim extraction": 7.32044792175293,
    "Step 3.1.1: Query generation for claim 1": 1.7550432682037354,
    "Step 3.1.2.1.1.1: Google Search API (batch 1)": 0.8957729339599609,
    "Step 3.1.2.2.1.1: Google Search API (batch 1)": 0.8978879451751709,
    "Step 3.1.2.2.2: Reliability assessment (result 2)": 0.0003910064697265625,
    "Step 3.1.2.2.2: Reliability assessment (result 1)": 0.5909361839294434,
    "Step 3.1.2.2.2: Reliability assessment (result 3)": 0.6593499183654785,
    "Step 3.1.2.2.2: Reliability assessment (result 4)": 0.9503710269927979,
    "Step 3.1.2.1.2: Reliability assessment (result 3)": 0.5265519618988037,
    "Step 3.1.2.1.2: Reliability assessment (result 5)": 0.7824211120605469,
    "Step 3.1.2.1.2: Reliability assessment (result 1)": 1.113321304321289,
    "Step 3.1.2.1.2: Reliability assessment (result 4)": 1.1374969482421875,
    "Step 3.1.2.1.2: Reliability assessment (result 2)": 1.2186479568481445,
    "Step 3.1.2.2.3: Content fetching (result 2)": 10.6769118309021,
    "Step 3.1.2.2.3: Content fetching (result 1)": 10.089293241500854,
    "Step 3.1.2.2.3: Content fetching (result 3)": 10.023926019668579,
    "Step 3.1.2.2.3: Content fetching (result 4)": 9.734886884689331,
    "Step 3.1.2.1.3: Content fetching (result 3)": 7.100240707397461,
    "Step 3.1.2.1.3: Content fetching (result 5)": 6.846589088439941,
    "Step 3.1.2.1.3: Content fetching (result 1)": 6.517672061920166,
    "Step 3.1.2.1.3: Content fetching (result 4)": 6.495646238327026,
    "Step 3.1.2.1.3: Content fetching (result 2)": 6.416561841964722,
    "Step 3.1.2.2.4: Evidence extraction (result 3)": 0.8464131355285645,
    "Step 3.1.2.2.4: Evidence extraction (result 4)": 0.8891546726226807,
    "Step 3.1.2.2.4: Evidence extraction (result 2)": 0.9668941497802734,
    "Step 3.1.2.2.4: Evidence extraction (result 1)": 0.9855668544769287,
    "Step 3.1.2: Search execution for claim 1 query 2": 17.17248797416687,
    "Step 3.1.2.1.4: Evidence extraction (result 5)": 2.0729758739471436,
    "Step 3.1.2.1.4: Evidence extraction (result 2)": 2.687105178833008,
    "Step 3.1.2.1.4: Evidence extraction (result 3)": 3.3040709495544434,
    "Step 3.1.2.1.4: Evidence extraction (result 1)": 3.465456008911133,
    "Step 3.1.2.1.4: Evidence extraction (result 4)": 3.6695778369903564,
    "Step 3.1.2: Search execution for claim 1 query 1": 19.99267888069153,
    "Step 3.1.3: Verdict generation for claim 1": 2.3029558658599854,
    "Step 3: Query generation + search + verdicts for all claims (PARALLEL)": 24.051928997039795,
    "Step 4: Sort and assemble final output": 0.0011029243469238281
  },
  "llm": {
    "total_calls": 12,
    "total_cost_usd": 0.00222045,
    "total_latency_seconds": 28.61
  },
  "claims_extracted": 1,
  "success": true,
  "error": null
}
