{
  "timing": {
    "total_seconds": 129.82799005508423,
    "Step 1: Transcript extraction": 1.2428390979766846,
    "Step 2: Claim extraction": 9.919785022735596,
    "Step 3.5.1: Query generation for claim 5": 1.8177130222320557,
    "Step 3.1.1: Query generation for claim 1": 1.9461209774017334,
    "Step 3.6.1: Query generation for claim 6": 2.027056932449341,
    "Step 3.7.1: Query generation for claim 7": 2.1111929416656494,
    "Step 3.4.1: Query generation for claim 4": 2.1978609561920166,
    "Step 3.2.1: Query generation for claim 2": 2.2858920097351074,
    "Step 3.3.1: Query generation for claim 3": 2.371511936187744,
    "Step 3.5.2.1.1.1: Google Search API (batch 1)": 1.3647019863128662,
    "Step 3.5.2.2.1.1: Google Search API (batch 1)": 1.3286242485046387,
    "Step 3.1.2.1.1.1: Google Search API (batch 1)": 1.2871527671813965,
    "Step 3.1.2.2.1.1: Google Search API (batch 1)": 1.2461819648742676,
    "Step 3.7.2.1.1.1: Google Search API (batch 1)": 1.1236648559570312,
    "Step 3.6.2.2.1.1: Google Search API (batch 1)": 1.1674799919128418,
    "Step 3.6.2.1.1.1: Google Search API (batch 1)": 1.2097761631011963,
    "Step 3.4.2.1.1.1: Google Search API (batch 1)": 1.0931291580200195,
    "Step 3.4.2.2.1.1: Google Search API (batch 1)": 1.0538299083709717,
    "Step 3.2.2.2.1.1: Google Search API (batch 1)": 0.9801149368286133,
    "Step 3.7.2.2.1.1: Google Search API (batch 1)": 1.1786880493164062,
    "Step 3.2.2.1.1.1: Google Search API (batch 1)": 1.0821597576141357,
    "Step 3.3.2.2.1.1: Google Search API (batch 1)": 0.9596421718597412,
    "Step 3.3.2.1.1.1: Google Search API (batch 1)": 1.0234630107879639,
    "Step 3.2.2.2.2: Reliability assessment (result 1)": 0.32074689865112305,
    "Step 3.2.2.2.2: Reliability assessment (result 2)": 0.3209402561187744,
    "Step 3.2.2.2.2: Reliability assessment (result 4)": 0.3211348056793213,
    "Step 3.2.2.2.2: Reliability assessment (result 5)": 0.3211550712585449,
    "Step 3.5.2.1.2: Reliability assessment (result 1)": 0.0007221698760986328,
    "Step 3.5.2.1.2: Reliability assessment (result 2)": 0.0009031295776367188,
    "Step 3.5.2.1.2: Reliability assessment (result 3)": 0.001271963119506836,
    "Step 3.2.2.2.2: Reliability assessment (result 3)": 0.5720200538635254,
    "Step 3.5.2.1.2: Reliability assessment (result 4)": 0.6728301048278809,
    "Step 3.4.2.2.2: Reliability assessment (result 1)": 0.0011987686157226562,
    "Step 3.4.2.2.2: Reliability assessment (result 2)": 0.0012409687042236328,
    "Step 3.4.2.2.2: Reliability assessment (result 3)": 0.0012538433074951172,
    "Step 3.4.2.2.2: Reliability assessment (result 4)": 0.8220479488372803,
    "Step 3.1.2.2.2: Reliability assessment (result 1)": 0.6447339057922363,
    "Step 3.1.2.2.2: Reliability assessment (result 2)": 0.6447608470916748,
    "Step 3.1.2.2.2: Reliability assessment (result 3)": 0.6447770595550537,
    "Step 3.1.2.2.2: Reliability assessment (result 4)": 0.6447868347167969,
    "Step 3.4.2.1.1.2: Google Search API (batch 2)": 1.304283857345581,
    "Step 3.1.2.2.3: Content fetching (result 1)": 9.208616018295288,
    "Step 3.1.2.2.3: Content fetching (result 2)": 9.210587739944458,
    "Step 3.5.2.2.2: Reliability assessment (result 1)": 10.444027185440063,
    "Step 3.5.2.2.2: Reliability assessment (result 2)": 10.444220304489136,
    "Step 3.5.2.2.2: Reliability assessment (result 3)": 10.676260948181152,
    "Step 3.5.2.2.2: Reliability assessment (result 4)": 11.352296113967896,
    "Step 3.3.2.1.2: Reliability assessment (result 2)": 11.019527912139893,
    "Step 3.1.2.2.3: Content fetching (result 4)": 12.132513046264648,
    "Step 3.7.2.2.2: Reliability assessment (result 2)": 11.47383999824524,
    "Step 3.7.2.2.2: Reliability assessment (result 3)": 11.473884105682373,
    "Step 3.7.2.2.2: Reliability assessment (result 4)": 11.473900079727173,
    "Step 3.1.2.2.3: Content fetching (result 3)": 12.133347034454346,
    "Step 3.3.2.1.2: Reliability assessment (result 1)": 12.139469861984253,
    "Step 3.3.2.1.2: Reliability assessment (result 3)": 12.74628472328186,
    "Step 3.6.2.2.2: Reliability assessment (result 1)": 2.634920358657837,
    "Step 3.6.2.2.2: Reliability assessment (result 2)": 2.6349308490753174,
    "Step 3.7.2.2.2: Reliability assessment (result 1)": 12.848891019821167,
    "Step 3.7.2.2.2: Reliability assessment (result 5)": 14.098014116287231,
    "Step 3.1.2.1.2: Reliability assessment (result 1)": 4.313007116317749,
    "Step 3.1.2.1.2: Reliability assessment (result 2)": 4.313127279281616,
    "Step 3.4.2.2.3: Content fetching (result 1)": 16.9944589138031,
    "Step 3.4.2.2.3: Content fetching (result 2)": 16.996362924575806,
    "Step 3.1.2.1.2: Reliability assessment (result 5)": 5.1314780712127686,
    "Step 3.4.2.2.3: Content fetching (result 3)": 16.998109102249146,
    "Step 3.4.2.2.3: Content fetching (result 4)": 16.179380893707275,
    "Step 3.2.2.2.3: Content fetching (result 1)": 18.325129985809326,
    "Step 3.2.2.2.3: Content fetching (result 5)": 18.32738995552063,
    "Step 3.6.2.1.2: Reliability assessment (result 1)": 4.101516008377075,
    "Step 3.6.2.1.2: Reliability assessment (result 2)": 4.101552963256836,
    "Step 3.2.2.2.3: Content fetching (result 2)": 18.33020281791687,
    "Step 3.2.2.2.3: Content fetching (result 4)": 18.332661151885986,
    "Step 3.2.2.2.3: Content fetching (result 3)": 18.084704160690308,
    "Step 3.6.2.2.2: Reliability assessment (result 3)": 5.915367841720581,
    "Step 3.1.2.1.2: Reliability assessment (result 3)": 6.3730387687683105,
    "Step 3.5.2.1.3: Content fetching (result 1)": 19.120664834976196,
    "Step 3.5.2.1.3: Content fetching (result 2)": 19.122452974319458,
    "Step 3.3.2.2.2: Reliability assessment (result 2)": 4.556995153427124,
    "Step 3.3.2.2.2: Reliability assessment (result 3)": 4.557026147842407,
    "Step 3.5.2.1.3: Content fetching (result 3)": 19.124369859695435,
    "Step 3.5.2.1.3: Content fetching (result 4)": 18.454873085021973,
    "Step 3.1.2.1.2: Reliability assessment (result 4)": 8.109479904174805,
    "Step 3.6.2.1.2: Reliability assessment (result 4)": 6.583379030227661,
    "Step 3.6.2.1.2: Reliability assessment (result 3)": 8.266984939575195,
    "Step 3.3.2.2.2: Reliability assessment (result 4)": 8.444246053695679,
    "Step 3.3.2.2.2: Reliability assessment (result 1)": 8.460165977478027,
    "Step 3.3.2.1.3: Content fetching (result 1)": 11.239116191864014,
    "Step 3.3.2.1.3: Content fetching (result 2)": 12.362629175186157,
    "Step 3.3.2.1.3: Content fetching (result 3)": 10.639559984207153,
    "Step 3.6.2.2.2: Reliability assessment (result 4)": 15.039099931716919,
    "Step 3.1.2.2.4: Evidence extraction (result 4)": 16.83759307861328,
    "Step 3.1.2.2.4: Evidence extraction (result 3)": 16.892937183380127,
    "Step 3.1.2.2.4: Evidence extraction (result 1)": 19.898525953292847,
    "Step 3.1.2.2.4: Evidence extraction (result 2)": 19.998750925064087,
    "Step 3.1.2: Search execution for claim 1 query 2": 34.773667097091675,
    "Step 3.7.2.2.3: Content fetching (result 2)": 24.11217212677002,
    "Step 3.4.2.2.4: Evidence extraction (result 1)": 21.782736778259277,
    "Step 3.4.2.2.4: Evidence extraction (result 4)": 24.404879093170166,
    "Step 3.2.2.2.4: Evidence extraction (result 1)": 23.78771710395813,
    "Step 3.4.2.2.4: Evidence extraction (result 3)": 24.54154682159424,
    "Step 3.4.2.2.4: Evidence extraction (result 2)": 24.660635232925415,
    "Step 3.4.2: Search execution for claim 4 query 2": 45.56740713119507,
    "Step 3.2.2.2.4: Evidence extraction (result 2)": 25.47335195541382,
    "Step 3.2.2.2.4: Evidence extraction (result 4)": 25.486608743667603,
    "Step 3.2.2.2.4: Evidence extraction (result 3)": 25.514083862304688,
    "Step 3.2.2.2.4: Evidence extraction (result 5)": 25.590792179107666,
    "Step 3.2.2: Search execution for claim 2 query 2": 47.04921317100525,