{
  "timing": {
    "total_seconds": 87.5219030380249,
    "Step 1: Transcript extraction": 0.928311824798584,
    "Step 2: Claim extraction": 13.366872072219849,
    "Step 3.7.1: Query generation for claim 7": 2.9668378829956055,
    "Step 3.4.1: Query generation for claim 4": 3.0920169353485107,
    "Step 3.1.1: Query generation for claim 1": 3.0945262908935547,
    "Step 3.2.1: Query generation for claim 2": 3.0939431190490723,
    "Step 3.5.1: Query generation for claim 5": 3.343554973602295,
    "Step 3.6.1: Query generation for claim 6": 3.3433971405029297,
    "Step 3.3.1: Query generation for claim 3": 3.5163612365722656,
    "Step 3.3.2.2.1.1: Google Search API (batch 1)": 0.9380249977111816,
    "Step 3.1.2.1.1.1: Google Search API (batch 1)": 1.3298039436340332,
    "Step 3.7.2.1.1.1: Google Search API (batch 1)": 1.5012061595916748,
    "Step 3.2.2.2.1.1: Google Search API (batch 1)": 1.2073390483856201,
    "Step 3.2.2.1.1.1: Google Search API (batch 1)": 1.2504079341888428,
    "Step 3.3.2.1.1.1: Google Search API (batch 1)": 0.9948399066925049,
    "Step 3.5.2.1.1.1: Google Search API (batch 1)": 1.173088788986206,
    "Step 3.4.2.1.1.1: Google Search API (batch 1)": 1.4264519214630127,
    "Step 3.1.2.2.1.1: Google Search API (batch 1)": 1.3024568557739258,
    "Step 3.4.2.2.1.1: Google Search API (batch 1)": 1.385641098022461,
    "Step 3.6.2.2.1.1: Google Search API (batch 1)": 1.0517990589141846,
    "Step 3.7.2.2.1.1: Google Search API (batch 1)": 1.5306410789489746,
    "Step 3.6.2.1.1.1: Google Search API (batch 1)": 1.2113091945648193,
    "Step 3.5.2.2.1.1: Google Search API (batch 1)": 1.512990951538086,
    "Step 3.5.2.2.2: Reliability assessment (result 1)": 0.3130462169647217,
    "Step 3.5.2.2.2: Reliability assessment (result 3)": 0.3131227493286133,
    "Step 3.3.2.2.2: Reliability assessment (result 2)": 0.0010001659393310547,
    "Step 3.3.2.2.2: Reliability assessment (result 3)": 0.0011508464813232422,
    "Step 3.3.2.2.2: Reliability assessment (result 4)": 0.0012900829315185547,
    "Step 3.3.2.2.2: Reliability assessment (result 5)": 0.0014119148254394531,
    "Step 3.5.2.2.2: Reliability assessment (result 2)": 0.5609889030456543,
    "Step 3.3.2.2.2: Reliability assessment (result 6)": 0.27568888664245605,
    "Step 3.3.2.2.2: Reliability assessment (result 1)": 0.6714272499084473,
    "Step 3.3.2.1.2: Reliability assessment (result 2)": 1.067430019378662,
    "Step 3.3.2.1.2: Reliability assessment (result 3)": 1.0678222179412842,
    "Step 3.3.2.1.2: Reliability assessment (result 4)": 1.0679759979248047,
    "Step 3.5.2.2.2: Reliability assessment (result 4)": 2.052248001098633,
    "Step 3.3.2.1.2: Reliability assessment (result 1)": 1.7705919742584229,
    "Step 3.4.2.2.2: Reliability assessment (result 1)": 0.704789400100708,
    "Step 3.4.2.2.2: Reliability assessment (result 3)": 0.7048549652099609,
    "Step 3.4.2.2.2: Reliability assessment (result 4)": 0.7048850059509277,
    "Step 3.4.2.1.2: Reliability assessment (result 2)": 0.7047898769378662,
    "Step 3.4.2.1.2: Reliability assessment (result 3)": 0.7047359943389893,
    "Step 3.4.2.1.2: Reliability assessment (result 5)": 0.7044467926025391,
    "Step 3.5.2.1.2: Reliability assessment (result 1)": 0.7044379711151123,
    "Step 3.3.2.1.2: Reliability assessment (result 5)": 1.7713680267333984,
    "Step 3.5.2.1.2: Reliability assessment (result 4)": 1.0415172576904297,
    "Step 3.5.2.1.2: Reliability assessment (result 3)": 1.0415921211242676,
    "Step 3.5.2.1.2: Reliability assessment (result 2)": 1.0416429042816162,
    "Step 3.4.2.2.2: Reliability assessment (result 2)": 1.1113348007202148,
    "Step 3.4.2.1.2: Reliability assessment (result 1)": 1.1280460357666016,
    "Step 3.4.2.2.2: Reliability assessment (result 5)": 1.244541883468628,
    "Step 3.4.2.1.2: Reliability assessment (result 4)": 1.410707950592041,
    "Step 3.6.2.1.1.2: Google Search API (batch 2)": 2.8474650382995605,
    "Step 3.7.2.1.2: Reliability assessment (result 2)": 1.8568499088287354,
    "Step 3.7.2.1.2: Reliability assessment (result 1)": 2.184378147125244,
    "Step 3.2.2.2.2: Reliability assessment (result 2)": 2.6617140769958496,
    "Step 3.7.2.1.2: Reliability assessment (result 3)": 2.6625280380249023,
    "Step 3.2.2.2.2: Reliability assessment (result 4)": 2.6619608402252197,
    "Step 3.2.2.2.2: Reliability assessment (result 1)": 2.7984108924865723,
    "Step 3.2.2.2.2: Reliability assessment (result 3)": 2.9487550258636475,
    "Step 3.5.2.2.3: Content fetching (result 1)": 5.582749128341675,
    "Step 3.5.2.2.3: Content fetching (result 3)": 5.585000038146973,
    "Step 3.5.2.2.3: Content fetching (result 2)": 5.3409998416900635,
    "Step 3.5.2.2.3: Content fetching (result 4)": 3.8520448207855225,
    "Step 3.2.2.2.2: Reliability assessment (result 5)": 3.6168758869171143,
    "Step 3.5.2.1.3: Content fetching (result 1)": 5.647290945053101,
    "Step 3.4.2.2.3: Content fetching (result 1)": 8.083517074584961,
    "Step 3.4.2.2.3: Content fetching (result 3)": 8.461030960083008,
    "Step 3.4.2.2.3: Content fetching (result 4)": 8.461848974227905,
    "Step 3.4.2.1.3: Content fetching (result 2)": 9.5847909450531,
    "Step 3.4.2.1.3: Content fetching (result 3)": 9.586935997009277,
    "Step 3.1.2.2.2: Reliability assessment (result 2)": 9.249884128570557,
    "Step 3.4.2.1.3: Content fetching (result 5)": 9.589483976364136,
    "Step 3.3.2.1.3: Content fetching (result 2)": 10.714401721954346,
    "Step 3.3.2.1.3: Content fetching (result 3)": 10.716602325439453,
    "Step 3.3.2.1.3: Content fetching (result 4)": 10.718920230865479,
    "Step 3.3.2.1.3: Content fetching (result 1)": 10.023869037628174,
    "Step 3.3.2.1.3: Content fetching (result 5)": 10.054961919784546,
    "Step 3.1.2.2.2: Reliability assessment (result 1)": 10.1180260181427,
    "Step 3.1.2.2.2: Reliability assessment (result 4)": 10.11807894706726,
    "Step 3.1.2.1.2: Reliability assessment (result 1)": 9.387592077255249,
    "Step 3.1.2.2.2: Reliability assessment (result 3)": 10.928415060043335,
    "Step 3.1.2.1.2: Reliability assessment (result 3)": 9.409876108169556,
    "Step 3.1.2.2.2: Reliability assessment (result 5)": 11.184767007827759,
    "Step 3.7.2.1.3: Content fetching (result 2)": 10.080042839050293,
    "Step 3.1.2.1.2: Reliability assessment (result 2)": 10.14515495300293,
    "Step 3.1.2.1.2: Reliability assessment (result 4)": 10.33695101737976,
    "Step 3.1.2.1.2: Reliability assessment (result 5)": 10.378276824951172,
    "Step 3.1.2.1.2: Reliability assessment (result 6)": 10.541017055511475,
    "Step 3.6.2.2.2: Reliability assessment (result 2)": 10.370748043060303,
    "Step 3.6.2.2.2: Reliability assessment (result 1)": 10.539936780929565,
    "Step 3.6.2.2.2: Reliability assessment (result 3)": 11.815551042556763,
    "Step 3.4.2.1.3: Content fetching (result 1)": 15.31138300895691,
    "Step 3.4.2.1.3: Content fetching (result 4)": 15.03979206085205,
    "Step 3.5.2.1.3: Content fetching (result 4)": 15.518730878829956,
    "Step 3.5.2.1.3: Content fetching (result 3)": 15.520618915557861,
    "Step 3.5.2.1.3: Content fetching (result 2)": 15.523008823394775,
    "Step 3.2.2.1.2: Reliability assessment (result 3)": 8.592381954193115,
    "Step 3.2.2.1.2: Reliability assessment (result 4)": 8.592642784118652,
    "Step 3.2.2.1.2: Reliability assessment (result 1)": 8.636435747146606,
    "Step 3.4.2.2.3: Content fetching (result 2)": 16.734544038772583,
    "Step 3.4.2.2.3: Content fetching (result 5)": 16.636449098587036,
    "Step 3.2.2.1.2: Reliability assessment (result 2)": 9.202746152877808,
    "Step 3.2.2.1.2: Reliability assessment (result 5)": 9.488428831100464,
    "Step 3.2.2.1.2: Reliability assessment (result 6)": 10.028422117233276,
    "Step 3.7.2.1.3: Content fetching (result 1)": 16.74867033958435,
    "Step 3.7.2.1.3: Content fetching (result 3)": 16.27259111404419,