{
  "timing": {
    "total_seconds": 40.861953020095825,
    "Step 1: Transcript extraction": 1.0279440879821777,
    "Step 2: Claim extraction": 8.617430925369263,
    "Step 3.1.1: Query generation for claim 1": 1.7861149311065674,
    "Step 3.1.2.2.1.1: Google Search API (batch 1)": 1.4204351902008057,
    "Step 3.1.2.1.1.1: Google Search API (batch 1)": 1.4674921035766602,
    "Step 3.1.2.2.2: Reliability assessment (result 2)": 0.0004730224609375,
    "Step 3.1.2.2.2: Reliability assessment (result 5)": 0.0005140304565429688,
    "Step 3.1.2.2.2: Reliability assessment (result 3)": 0.653266191482544,
    "Step 3.1.2.2.2: Reliability assessment (result 6)": 0.6805267333984375,
    "Step 3.1.2.2.2: Reliability assessment (result 4)": 1.134768009185791,
    "Step 3.1.2.2.2: Reliability assessment (result 1)": 1.1911671161651611,
    "Step 3.1.2.1.2: Reliability assessment (result 3)": 0.7030172348022461,
    "Step 3.1.2.1.2: Reliability assessment (result 2)": 0.7418820858001709,
    "Step 3.1.2.1.2: Reliability assessment (result 4)": 0.7466039657592773,
    "Step 3.1.2.1.2: Reliability assessment (result 6)": 1.2926239967346191,
    "Step 3.1.2.1.2: Reliability assessment (result 5)": 1.622053861618042,
    "Step 3.1.2.1.2: Reliability assessment (result 1)": 1.6320440769195557,
    "Step 3.1.2.2.3: Content fetching (result 2)": 13.043306827545166,
    "Step 3.1.2.2.3: Content fetching (result 5)": 13.0453622341156,
    "Step 3.1.2.2.3: Content fetching (result 3)": 12.393742799758911,
    "Step 3.1.2.2.3: Content fetching (result 6)": 12.368101835250854,
    "Step 3.1.2.2.3: Content fetching (result 4)": 11.916100978851318,
    "Step 3.1.2.2.3: Content fetching (result 1)": 11.861649990081787,
    "Step 3.1.2.2.4: Evidence extraction (result 5)": 2.127986192703247,
    "Step 3.1.2.2.4: Evidence extraction (result 4)": 2.5709869861602783,
    "Step 3.1.2.2.4: Evidence extraction (result 1)": 2.617614269256592,
    "Step 3.1.2.2.4: Evidence extraction (result 2)": 2.6286840438842773,
    "Step 3.1.2.2.4: Evidence extraction (result 3)": 3.4820008277893066,
    "Step 3.1.2.2.4: Evidence extraction (result 6)": 3.801584005355835,
    "Step 3.1.2: Search execution for claim 1 query 2": 23.538235187530518,
    "Step 3.1.2.1.3: Content fetching (result 3)": 14.754552125930786,
    "Step 3.1.2.1.3: Content fetching (result 2)": 14.717543840408325,
    "Step 3.1.2.1.3: Content fetching (result 4)": 14.714343070983887,
    "Step 3.1.2.1.3: Content fetching (result 6)": 14.169822216033936,
    "Step 3.1.2.1.3: Content fetching (result 5)": 13.8422691822052,
    "Step 3.1.2.1.3: Content fetching (result 1)": 13.83423900604248,
    "Step 3.1.2.1.4: Evidence extraction (result 4)": 2.250622034072876,
    "Step 3.1.2.1.4: Evidence extraction (result 1)": 2.2947819232940674,
    "Step 3.1.2.1.4: Evidence extraction (result 2)": 2.3249988555908203,
    "Step 3.1.2.1.4: Evidence extraction (result 5)": 2.321992874145508,
    "Step 3.1.2.1.4: Evidence extraction (result 6)": 2.3866748809814453,
    "Step 3.1.2.1.4: Evidence extraction (result 3)": 3.1185600757598877,
    "Step 3.1.2: Search execution for claim 1 query 1": 27.67123007774353,
    "Step 3.1.3: Verdict generation for claim 1": 1.548341989517212,
    "Step 3: Query generation + search + verdicts for all claims (PARALLEL)": 31.0069317817688,
    "Step 4: Sort and assemble final output": 0.00014281272888183594
  },
  "llm": {
    "total_calls": 15,
    "total_cost_usd": 0.00312555,
    "total_latency_seconds": 41.67
  },
  "claims_extracted": 1,
  "success": true,
  "error": null
}
