{
  "timing": {
    "total_seconds": 98.29289984703064,
    "Step 1: Transcript extraction": 1.218428134918213,
    "Step 2: Claim extraction": 8.978321313858032,
    "Step 3.6.1: Query generation for claim 6": 2.4841129779815674,
    "Step 3.5.1: Query generation for claim 5": 2.486832857131958,
    "Step 3.3.1: Query generation for claim 3": 2.4894158840179443,
    "Step 3.4.1: Query generation for claim 4": 2.4902079105377197,
    "Step 3.1.1: Query generation for claim 1": 2.4935359954833984,
    "Step 3.7.1: Query generation for claim 7": 2.9399521350860596,
    "Step 3.2.1: Query generation for claim 2": 3.0282700061798096,
    "Step 3.7.2.1.1.1: Google Search API (batch 1)": 1.3470427989959717,
    "Step 3.2.2.2.1.1: Google Search API (batch 1)": 1.2292149066925049,
    "Step 3.6.2.2.1.1: Google Search API (batch 1)": 1.7400031089782715,
    "Step 3.6.2.1.1.1: Google Search API (batch 1)": 1.7836887836456299,
    "Step 3.5.2.1.1.1: Google Search API (batch 1)": 1.700268030166626,
    "Step 3.5.2.2.1.1: Google Search API (batch 1)": 1.6604890823364258,
    "Step 3.2.2.1.1.1: Google Search API (batch 1)": 1.2793591022491455,
    "Step 3.1.2.1.1.1: Google Search API (batch 1)": 1.4577226638793945,
    "Step 3.3.2.1.1.1: Google Search API (batch 1)": 1.6260581016540527,
    "Step 3.7.2.2.1.1: Google Search API (batch 1)": 1.3321709632873535,
    "Step 3.4.2.2.1.1: Google Search API (batch 1)": 1.5094192028045654,
    "Step 3.3.2.2.1.1: Google Search API (batch 1)": 1.5932111740112305,
    "Step 3.4.2.1.1.1: Google Search API (batch 1)": 1.6005101203918457,
    "Step 3.1.2.2.1.1: Google Search API (batch 1)": 1.5155260562896729,
    "Step 3.2.2.2.2: Reliability assessment (result 1)": 0.34014081954956055,
    "Step 3.2.2.2.2: Reliability assessment (result 2)": 0.34029269218444824,
    "Step 3.2.2.2.2: Reliability assessment (result 3)": 0.34041595458984375,
    "Step 3.4.2.1.2: Reliability assessment (result 1)": 0.0020029544830322266,
    "Step 3.4.2.1.2: Reliability assessment (result 2)": 0.0022830963134765625,
    "Step 3.4.2.1.2: Reliability assessment (result 3)": 0.0023779869079589844,
    "Step 3.4.2.1.2: Reliability assessment (result 5)": 0.002682209014892578,
    "Step 3.2.2.2.2: Reliability assessment (result 4)": 1.0029633045196533,
    "Step 3.1.2.2.2: Reliability assessment (result 2)": 0.000518798828125,
    "Step 3.1.2.2.2: Reliability assessment (result 4)": 0.37166881561279297,
    "Step 3.1.2.2.2: Reliability assessment (result 5)": 0.37172889709472656,
    "Step 3.4.2.1.2: Reliability assessment (result 4)": 1.0448617935180664,
    "Step 3.2.2.1.2: Reliability assessment (result 1)": 0.6774399280548096,
    "Step 3.2.2.1.2: Reliability assessment (result 2)": 0.6775238513946533,
    "Step 3.1.2.2.2: Reliability assessment (result 3)": 1.6180438995361328,
    "Step 3.2.2.1.2: Reliability assessment (result 4)": 0.6776537895202637,
    "Step 3.1.2.2.2: Reliability assessment (result 1)": 1.618178129196167,
    "Step 3.7.2.1.2: Reliability assessment (result 1)": 0.7324080467224121,
    "Step 3.2.2.1.2: Reliability assessment (result 3)": 1.4097461700439453,
    "Step 3.7.2.1.2: Reliability assessment (result 3)": 0.7324731349945068,
    "Step 3.3.2.2.2: Reliability assessment (result 1)": 0.732475996017456,
    "Step 3.7.2.1.2: Reliability assessment (result 2)": 0.7325570583343506,
    "Step 3.3.2.2.2: Reliability assessment (result 2)": 0.9288148880004883,
    "Step 3.3.2.2.2: Reliability assessment (result 5)": 1.7951180934906006,
    "Step 3.3.2.2.2: Reliability assessment (result 3)": 1.8533809185028076,
    "Step 3.3.2.2.2: Reliability assessment (result 4)": 2.084073781967163,
    "Step 3.2.2.1.3: Content fetching (result 1)": 7.138913154602051,
    "Step 3.2.2.1.3: Content fetching (result 2)": 7.1439549922943115,
    "Step 3.2.2.1.3: Content fetching (result 4)": 7.147111177444458,
    "Step 3.3.2.1.2: Reliability assessment (result 3)": 6.416116952896118,
    "Step 3.3.2.1.2: Reliability assessment (result 4)": 6.416210174560547,
    "Step 3.3.2.1.2: Reliability assessment (result 1)": 6.910474061965942,
    "Step 3.6.2.2.2: Reliability assessment (result 2)": 6.910454034805298,
    "Step 3.6.2.2.2: Reliability assessment (result 1)": 7.0759031772613525,
    "Step 3.3.2.1.2: Reliability assessment (result 2)": 7.437455177307129,
    "Step 3.6.2.2.2: Reliability assessment (result 5)": 7.437494993209839,
    "Step 3.6.2.2.2: Reliability assessment (result 4)": 7.819485187530518,
    "Step 3.6.2.2.2: Reliability assessment (result 3)": 7.954458951950073,
    "Step 3.2.2.2.3: Content fetching (result 1)": 11.822064876556396,
    "Step 3.2.2.2.3: Content fetching (result 3)": 11.823713064193726,
    "Step 3.2.2.2.3: Content fetching (result 2)": 11.825977087020874,
    "Step 3.2.2.2.3: Content fetching (result 4)": 11.16513204574585,
    "Step 3.7.2.1.3: Content fetching (result 1)": 11.154421329498291,
    "Step 3.7.2.1.3: Content fetching (result 3)": 11.1565101146698,
    "Step 3.6.2.1.2: Reliability assessment (result 1)": 7.585007905960083,
    "Step 3.6.2.1.2: Reliability assessment (result 2)": 7.585015773773193,
    "Step 3.6.2.1.2: Reliability assessment (result 3)": 7.5850279331207275,
    "Step 3.7.2.1.3: Content fetching (result 2)": 11.157991886138916,
    "Step 3.1.2.1.2: Reliability assessment (result 2)": 7.23159384727478,
    "Step 3.1.2.1.2: Reliability assessment (result 3)": 7.23161506652832,
    "Step 3.2.2.1.3: Content fetching (result 3)": 11.411160230636597,
    "Step 3.1.2.1.2: Reliability assessment (result 5)": 7.484884977340698,
    "Step 3.1.2.2.3: Content fetching (result 2)": 13.844980001449585,
    "Step 3.1.2.2.3: Content fetching (result 4)": 13.479109048843384,
    "Step 3.1.2.2.3: Content fetching (result 5)": 13.481490850448608,
    "Step 3.1.2.2.3: Content fetching (result 3)": 12.23757791519165,
    "Step 3.1.2.2.3: Content fetching (result 1)": 12.240241050720215,
    "Step 3.1.2.1.2: Reliability assessment (result 4)": 8.53914189338684,
    "Step 3.1.2.1.2: Reliability assessment (result 1)": 8.562007188796997,
    "Step 3.3.2.2.3: Content fetching (result 1)": 22.159778118133545,
    "Step 3.3.2.2.3: Content fetching (result 2)": 21.967928171157837,
    "Step 3.3.2.2.3: Content fetching (result 5)": 21.104110717773438,
    "Step 3.3.2.2.3: Content fetching (result 3)": 21.048829793930054,
    "Step 3.3.2.2.3: Content fetching (result 4)": 20.82691979408264,
    "Step 3.3.2.1.3: Content fetching (result 3)": 16.6200008392334,
    "Step 3.3.2.1.3: Content fetching (result 4)": 16.622184991836548,
    "Step 3.3.2.1.3: Content fetching (result 1)": 16.129579782485962,
    "Step 3.3.2.1.3: Content fetching (result 2)": 15.604532957077026,
    "Step 3.6.2.2.3: Content fetching (result 2)": 16.98927092552185,
    "Step 3.7.2.2.2: Reliability assessment (result 1)": 9.990074872970581,
    "Step 3.6.2.2.3: Content fetching (result 4)": 16.080958127975464,
    "Step 3.6.2.2.3: Content fetching (result 1)": 16.824795961380005,
    "Step 3.6.2.2.3: Content fetching (result 5)": 16.463369846343994,
    "Step 3.6.2.2.3: Content fetching (result 3)": 15.946599960327148,
    "Step 3.7.2.2.2: Reliability assessment (result 2)": 10.292768001556396,
    "Step 3.7.2.2.2: Reliability assessment (result 5)": 10.292887687683105,
    "Step 3.7.2.2.2: Reliability assessment (result 4)": 10.904098749160767,
    "Step 3.5.2.1.2: Reliability assessment (result 3)": 9.963257312774658,
    "Step 3.5.2.1.2: Reliability assessment (result 4)": 9.963282108306885,
    "Step 3.7.2.2.2: Reliability assessment (result 3)": 11.303919076919556,
    "Step 3.5.2.2.2: Reliability assessment (result 3)": 1.3148200511932373,
    "Step 3.5.2.2.2: Reliability assessment (result 4)": 1.3148391246795654,
    "Step 3.5.2.1.2: Reliability assessment (result 2)": 10.448179006576538,
    "Step 3.5.2.1.2: Reliability assessment (result 1)": 10.458775043487549,