{
  "timing": {
    "total_seconds": 67.53167605400085,
    "Step 1: Transcript extraction": 1.2595570087432861,
    "Step 2: Claim extraction": 10.277360916137695,
    "Step 3.1.1: Query generation for claim 1": 2.153571128845215,
    "Step 3.1.2.2.1.1: Google Search API (batch 1)": 0.981889009475708,
    "Step 3.1.2.1.1.1: Google Search API (batch 1)": 1.0324602127075195,
    "Step 3.1.2.1.2: Reliability assessment (result 3)": 0.0005059242248535156,
    "Step 3.1.2.1.2: Reliability assessment (result 1)": 0.5949358940124512,
    "Step 3.1.2.1.2: Reliability assessment (result 4)": 0.7541770935058594,
    "Step 3.1.2.1.2: Reliability assessment (result 2)": 1.059657335281372,
    "Step 3.1.2.2.2: Reliability assessment (result 1)": 0.5434093475341797,
    "Step 3.1.2.2.2: Reliability assessment (result 4)": 0.596254825592041,
    "Step 3.1.2.2.2: Reliability assessment (result 5)": 0.7084701061248779,
    "Step 3.1.2.2.2: Reliability assessment (result 3)": 0.7363889217376709,
    "Step 3.1.2.2.2: Reliability assessment (result 2)": 1.0162808895111084,
    "Step 3.1.2.1.3: Content fetching (result 3)": 10.86011791229248,
    "Step 3.1.2.1.3: Content fetching (result 1)": 10.269478797912598,
    "Step 3.1.2.1.3: Content fetching (result 4)": 10.112478017807007,
    "Step 3.1.2.1.3: Content fetching (result 2)": 9.809027910232544,
    "Step 3.1.2.2.3: Content fetching (result 1)": 9.317170143127441,
    "Step 3.1.2.2.3: Content fetching (result 4)": 9.266068935394287,
    "Step 3.1.2.2.3: Content fetching (result 5)": 9.155619144439697,
    "Step 3.1.2.2.3: Content fetching (result 3)": 9.12952208518982,
    "Step 3.1.2.2.3: Content fetching (result 2)": 8.851749897003174,
    "Step 3.1.2.2.4: Evidence extraction (result 5)": 2.524855852127075,
    "Step 3.1.2.2.4: Evidence extraction (result 1)": 2.779172897338867,
    "Step 3.1.2.2.4: Evidence extraction (result 4)": 2.8227710723876953,
    "Step 3.1.2.1.4: Evidence extraction (result 2)": 4.04845404624939,
    "Step 3.1.2.1.4: Evidence extraction (result 1)": 4.84172797203064,
    "Step 3.1.2.1.4: Evidence extraction (result 3)": 4.961344957351685,
    "Step 3.1.2.1.4: Evidence extraction (result 4)": 7.635984897613525,
    "Step 3.1.2: Search execution for claim 1 query 1": 23.947829008102417,
    "Step 3.1.2.2.4: Evidence extraction (result 2)": 18.288778066635132,
    "Step 3.1.2.2.4: Evidence extraction (result 3)": 18.390997886657715,
    "Step 3.1.2: Search execution for claim 1 query 2": 35.301440715789795,
    "Step 3.1.3: Verdict generation for claim 1": 18.2516610622406,
    "Step 3: Query generation + search + verdicts for all claims (PARALLEL)": 55.78329801559448,
    "Step 4: Sort and assemble final output": 0.0001361370086669922
  },
  "llm": {
    "total_calls": 9,
    "total_cost_usd": 0.0027972,
    "total_latency_seconds": 37.91
  },
  "claims_extracted": 1,
  "success": true,
  "error": null
}
