{
  "timing": {
    "total_seconds": 97.96597290039062,
    "Step 1: Transcript extraction": 1.1901719570159912,
    "Step 2: Claim extraction": 16.401900053024292,
    "Step 3.2.1: Query generation for claim 2": 3.0549566745758057,
    "Step 3.1.1: Query generation for claim 1": 3.214940309524536,
    "Step 3.2.2.1.1.1: Google Search API (batch 1)": 1.1519100666046143,
    "Step 3.1.2.1.1.1: Google Search API (batch 1)": 1.146510124206543,
    "Step 3.2.2.2.1.1: Google Search API (batch 1)": 1.3720149993896484,
    "Step 3.1.2.2.1.1: Google Search API (batch 1)": 1.416693925857544,
    "Step 3.2.2.2.2: Reliability assessment (result 1)": 0.00036597251892089844,
    "Step 3.2.2.2.2: Reliability assessment (result 2)": 0.00042700767517089844,
    "Step 3.2.2.2.2: Reliability assessment (result 3)": 0.0004448890686035156,
    "Step 3.2.2.2.2: Reliability assessment (result 4)": 0.0004551410675048828,
    "Step 3.2.2.2.2: Reliability assessment (result 5)": 0.0004742145538330078,
    "Step 3.1.2.2.2: Reliability assessment (result 1)": 0.0004930496215820312,
    "Step 3.1.2.2.2: Reliability assessment (result 2)": 0.0005660057067871094,
    "Step 3.1.2.2.2: Reliability assessment (result 3)": 0.0005886554718017578,
    "Step 3.1.2.2.2: Reliability assessment (result 4)": 0.0008242130279541016,
    "Step 3.1.2.2.2: Reliability assessment (result 5)": 0.0011491775512695312,
    "Step 3.1.2.1.2: Reliability assessment (result 1)": 0.0005192756652832031,
    "Step 3.1.2.1.2: Reliability assessment (result 2)": 0.0005350112915039062,
    "Step 3.1.2.1.2: Reliability assessment (result 3)": 0.0005419254302978516,
    "Step 3.1.2.1.2: Reliability assessment (result 4)": 0.0005478858947753906,
    "Step 3.2.2.2.2: Reliability assessment (result 6)": 0.7795469760894775,
    "Step 3.1.2.2.2: Reliability assessment (result 6)": 1.0748820304870605,
    "Step 3.1.2.1.2: Reliability assessment (result 5)": 1.2724111080169678,
    "Step 3.1.2.1.2: Reliability assessment (result 6)": 1.2725698947906494,
    "Step 3.2.2.1.2: Reliability assessment (result 1)": 0.0005218982696533203,
    "Step 3.2.2.1.2: Reliability assessment (result 2)": 0.0005319118499755859,
    "Step 3.2.2.1.2: Reliability assessment (result 3)": 0.0005719661712646484,
    "Step 3.2.2.1.2: Reliability assessment (result 4)": 0.8090147972106934,
    "Step 3.2.2.1.2: Reliability assessment (result 5)": 1.155595064163208,
    "Step 3.2.2.1.2: Reliability assessment (result 6)": 1.8116960525512695,
    "Step 3.1.2.2.3: Content fetching (result 1)": 13.126031160354614,
    "Step 3.1.2.2.3: Content fetching (result 3)": 13.136635303497314,
    "Step 3.1.2.2.3: Content fetching (result 4)": 13.147141218185425,
    "Step 3.1.2.2.3: Content fetching (result 5)": 13.15802526473999,
    "Step 3.1.2.2.3: Content fetching (result 2)": 13.169466018676758,
    "Step 3.1.2.2.3: Content fetching (result 6)": 12.105554819107056,
    "Step 3.3.1: Query generation for claim 3": 19.900163888931274,
    "Step 3.1.2.1.3: Content fetching (result 1)": 14.933202266693115,
    "Step 3.1.2.1.3: Content fetching (result 2)": 14.942974090576172,
    "Step 3.1.2.1.3: Content fetching (result 4)": 14.953113079071045,
    "Step 3.1.2.1.3: Content fetching (result 3)": 14.963702917098999,
    "Step 3.1.2.1.3: Content fetching (result 5)": 13.701849699020386,
    "Step 3.1.2.1.3: Content fetching (result 6)": 13.71204686164856,
    "Step 3.1.2.2.4: Evidence extraction (result 6)": 4.453181028366089,
    "Step 3.1.2.2.4: Evidence extraction (result 2)": 4.965882778167725,
    "Step 3.1.2.2.4: Evidence extraction (result 3)": 5.097359895706177,
    "Step 3.1.2.1.4: Evidence extraction (result 2)": 3.0096828937530518,
    "Step 3.1.2.1.4: Evidence extraction (result 1)": 3.0205230712890625,
    "Step 3.1.2.2.4: Evidence extraction (result 4)": 5.197669267654419,
    "Step 3.1.2.1.4: Evidence extraction (result 6)": 3.175776720046997,
    "Step 3.1.2.1.4: Evidence extraction (result 4)": 3.4915318489074707,
    "Step 3.2.2.2.3: Content fetching (result 1)": 21.50279712677002,
    "Step 3.2.2.2.3: Content fetching (result 2)": 21.50472617149353,
    "Step 3.2.2.2.3: Content fetching (result 3)": 21.506587982177734,
    "Step 3.2.2.2.3: Content fetching (result 4)": 21.508497953414917,
    "Step 3.2.2.2.3: Content fetching (result 5)": 21.510799884796143,
    "Step 3.2.2.2.3: Content fetching (result 6)": 20.733726978302002,
    "Step 3.1.2.2.4: Evidence extraction (result 5)": 20.31224822998047,
    "Step 3.1.2.1.4: Evidence extraction (result 5)": 18.17865824699402,
    "Step 3.1.2.1.4: Evidence extraction (result 3)": 18.19397282600403,
    "Step 3.1.2: Search execution for claim 1 query 1": 36.591618061065674,
    "Step 3.1.2.2.4: Evidence extraction (result 1)": 20.520103931427002,
    "Step 3.1.2: Search execution for claim 1 query 2": 36.73282718658447,
    "Step 3.2.2.1.3: Content fetching (result 1)": 35.043213844299316,
    "Step 3.2.2.1.3: Content fetching (result 2)": 35.04525017738342,
    "Step 3.2.2.1.3: Content fetching (result 3)": 35.04694104194641,
    "Step 3.2.2.1.3: Content fetching (result 4)": 34.24039030075073,
    "Step 3.2.2.1.3: Content fetching (result 5)": 33.89601397514343,
    "Step 3.2.2.1.3: Content fetching (result 6)": 33.24189472198486,
    "Step 3.2.2.2.4: Evidence extraction (result 5)": 18.394632816314697,
    "Step 3.2.2.2.4: Evidence extraction (result 6)": 18.49776315689087,
    "Step 3.2.2.2.4: Evidence extraction (result 3)": 18.532215118408203,
    "Step 3.2.2.2.4: Evidence extraction (result 2)": 18.586827039718628,
    "Step 3.2.2.2.4: Evidence extraction (result 1)": 18.611132860183716,
    "Step 3.2.2.2.4: Evidence extraction (result 4)": 18.73030996322632,
    "Step 3.2.2: Search execution for claim 2 query 2": 43.07976293563843,
    "Step 3.1.3: Verdict generation for claim 1": 18.36281967163086,
    "Step 3.2.2.1.4: Evidence extraction (result 1)": 18.140963077545166,
    "Step 3.2.2.1.4: Evidence extraction (result 5)": 18.19383406639099,
    "Step 3.2.2.1.4: Evidence extraction (result 4)": 18.254183053970337,
    "Step 3.2.2.1.4: Evidence extraction (result 3)": 18.260812997817993,
    "Step 3.2.2.1.4: Evidence extraction (result 6)": 18.30263876914978,
    "Step 3.2.2.1.4: Evidence extraction (result 2)": 18.361141681671143,
    "Step 3.2.2: Search execution for claim 2 query 1": 58.30116128921509,
    "Step 3.2.3: Verdict generation for claim 2": 18.80310606956482,
    "Step 3: Query generation + search + verdicts for all claims (PARALLEL)": 80.16144514083862,
    "Step 4: Sort and assemble final output": 0.000308990478515625
  },
  "llm": {
    "total_calls": 11,
    "total_cost_usd": 0.00121935,
    "total_latency_seconds": 51.68
  },
  "claims_extracted": 3,
  "success": true,
  "error": null
}
