{
  "timing": {
    "total_seconds": 89.6788158416748,
    "Step 1: Transcript extraction": 0.9676840305328369,
    "Step 2: Claim extraction": 14.640814781188965,
    "Step 3.4.1: Query generation for claim 4": 10.92792296409607,
    "Step 3.2.1: Query generation for claim 2": 11.051399946212769,
    "Step 3.1.1: Query generation for claim 1": 11.309777021408081,
    "Step 3.2.2.2.1.1: Google Search API (batch 1)": 1.0310850143432617,
    "Step 3.2.2.1.1.1: Google Search API (batch 1)": 1.1501991748809814,
    "Step 3.4.2.1.1.1: Google Search API (batch 1)": 1.2424039840698242,
    "Step 3.1.2.1.1.1: Google Search API (batch 1)": 0.8826389312744141,
    "Step 3.4.2.2.1.1: Google Search API (batch 1)": 1.2250449657440186,
    "Step 3.1.2.2.1.1: Google Search API (batch 1)": 0.9402155876159668,
    "Step 3.1.2.1.2: Reliability assessment (result 1)": 0.00028896331787109375,
    "Step 3.1.2.1.2: Reliability assessment (result 4)": 0.9023900032043457,
    "Step 3.1.2.1.2: Reliability assessment (result 3)": 0.9025049209594727,
    "Step 3.1.2.1.2: Reliability assessment (result 2)": 0.9027659893035889,
    "Step 3.2.2.2.2: Reliability assessment (result 1)": 0.0010840892791748047,
    "Step 3.2.2.2.2: Reliability assessment (result 2)": 0.0012290477752685547,
    "Step 3.2.2.2.2: Reliability assessment (result 6)": 0.0011997222900390625,
    "Step 3.2.2.2.2: Reliability assessment (result 3)": 0.35041093826293945,
    "Step 3.2.2.2.2: Reliability assessment (result 5)": 0.3505380153656006,
    "Step 3.2.2.2.2: Reliability assessment (result 4)": 0.35082006454467773,
    "Step 3.4.2.2.2: Reliability assessment (result 2)": 0.0012516975402832031,
    "Step 3.4.2.2.2: Reliability assessment (result 3)": 0.001638174057006836,
    "Step 3.4.2.2.2: Reliability assessment (result 4)": 0.0013921260833740234,
    "Step 3.4.2.1.2: Reliability assessment (result 1)": 0.00049591064453125,
    "Step 3.4.2.1.2: Reliability assessment (result 2)": 0.0004949569702148438,
    "Step 3.4.2.1.2: Reliability assessment (result 3)": 0.0004978179931640625,
    "Step 3.4.2.2.2: Reliability assessment (result 1)": 1.042720079421997,
    "Step 3.4.2.1.2: Reliability assessment (result 4)": 0.8464579582214355,
    "Step 3.4.2.1.2: Reliability assessment (result 5)": 0.8673880100250244,
    "Step 3.4.2.1.2: Reliability assessment (result 6)": 1.513751745223999,
    "Step 3.3.1: Query generation for claim 3": 23.091453075408936,
    "Step 3.5.1: Query generation for claim 5": 23.436846256256104,
    "Step 3.4.2.1.3: Content fetching (result 1)": 8.031558990478516,
    "Step 3.4.2.1.3: Content fetching (result 2)": 8.03621792793274,
    "Step 3.4.2.1.3: Content fetching (result 3)": 8.038429737091064,
    "Step 3.1.2.1.3: Content fetching (result 1)": 10.073017120361328,
    "Step 3.1.2.1.3: Content fetching (result 4)": 9.172985076904297,
    "Step 3.2.2.1.2: Reliability assessment (result 3)": 5.4890968799591064,
    "Step 3.1.2.1.3: Content fetching (result 2)": 9.174320220947266,
    "Step 3.1.2.1.3: Content fetching (result 3)": 9.17660903930664,
    "Step 3.2.2.1.2: Reliability assessment (result 1)": 5.8560950756073,
    "Step 3.2.2.1.2: Reliability assessment (result 5)": 5.955281972885132,
    "Step 3.2.2.1.2: Reliability assessment (result 4)": 6.003419876098633,
    "Step 3.4.2.2.3: Content fetching (result 2)": 9.566910982131958,
    "Step 3.4.2.2.3: Content fetching (result 3)": 9.568706750869751,
    "Step 3.4.2.2.3: Content fetching (result 4)": 9.570768117904663,
    "Step 3.2.2.1.2: Reliability assessment (result 2)": 6.240170001983643,
    "Step 3.4.2.2.3: Content fetching (result 1)": 8.53285813331604,
    "Step 3.1.2.2.2: Reliability assessment (result 1)": 0.0028650760650634766,
    "Step 3.1.2.2.2: Reliability assessment (result 2)": 0.5357959270477295,
    "Step 3.1.2.2.2: Reliability assessment (result 3)": 0.8634309768676758,
    "Step 3.1.2.2.2: Reliability assessment (result 4)": 0.9437379837036133,
    "Step 3.4.2.1.3: Content fetching (result 4)": 12.046910762786865,
    "Step 3.4.2.1.4: Evidence extraction (result 4)": 2.635923147201538,
    "Step 3.2.2.1.3: Content fetching (result 3)": 7.8722569942474365,
    "Step 3.2.2.1.3: Content fetching (result 1)": 7.509979724884033,
    "Step 3.2.2.1.3: Content fetching (result 5)": 7.4194440841674805,
    "Step 3.2.2.1.3: Content fetching (result 4)": 7.373467206954956,
    "Step 3.2.2.1.3: Content fetching (result 2)": 7.1415276527404785,
    "Step 3.4.2.1.3: Content fetching (result 5)": 15.547787189483643,
    "Step 3.4.2.1.3: Content fetching (result 6)": 14.916011810302734,
    "Step 3.2.2.2.3: Content fetching (result 1)": 18.181791067123413,
    "Step 3.2.2.2.3: Content fetching (result 6)": 18.18637204170227,
    "Step 3.2.2.2.3: Content fetching (result 2)": 18.190963983535767,
    "Step 3.2.2.2.3: Content fetching (result 3)": 17.846306085586548,
    "Step 3.2.2.2.3: Content fetching (result 4)": 17.85029697418213,
    "Step 3.2.2.2.3: Content fetching (result 5)": 17.855268955230713,
    "Step 3.1.2.2.3: Content fetching (result 1)": 9.482587814331055,
    "Step 3.1.2.2.3: Content fetching (result 2)": 8.951925992965698,
    "Step 3.1.2.2.3: Content fetching (result 3)": 8.627000093460083,
    "Step 3.1.2.2.3: Content fetching (result 4)": 8.591018199920654,
    "Step 3.1.2.2.4: Evidence extraction (result 3)": 0.8851709365844727,
    "Step 3.1.2.2.4: Evidence extraction (result 1)": 0.9342341423034668,
    "Step 3.1.2.1.4: Evidence extraction (result 1)": 18.57432794570923,
    "Step 3.4.2.1.4: Evidence extraction (result 1)": 18.8798189163208,
    "Step 3.4.2.1.4: Evidence extraction (result 2)": 18.898961067199707,
    "Step 3.1.2.1.4: Evidence extraction (result 2)": 18.97671604156494,
    "Step 3.4.2.2.4: Evidence extraction (result 3)": 18.26263999938965,
    "Step 3.1.2.1.4: Evidence extraction (result 4)": 19.023826122283936,
    "Step 3.4.2.2.4: Evidence extraction (result 4)": 18.40139412879944,
    "Step 3.4.2.1.4: Evidence extraction (result 3)": 19.35879898071289,
    "Step 3.4.2.2.4: Evidence extraction (result 2)": 18.471147060394287,
    "Step 3.1.2.1.4: Evidence extraction (result 3)": 19.232845067977905,
    "Step 3.1.2: Search execution for claim 1 query 1": 33.333800315856934,
    "Step 3.4.2.2.4: Evidence extraction (result 1)": 18.595508098602295,
    "Step 3.4.2: Search execution for claim 4 query 2": 33.74301624298096,
    "Step 3.2.2.1.4: Evidence extraction (result 4)": 18.35687494277954,
    "Step 3.2.2.1.4: Evidence extraction (result 3)": 18.39586567878723,
    "Step 3.2.2.1.4: Evidence extraction (result 2)": 18.423073053359985,
    "Step 3.2.2.1.4: Evidence extraction (result 5)": 18.529618978500366,
    "Step 3.2.2.1.4: Evidence extraction (result 1)": 18.56085515022278,
    "Step 3.2.2: Search execution for claim 2 query 1": 40.79195499420166,
    "Step 3.4.2.1.4: Evidence extraction (result 5)": 18.330348253250122,
    "Step 3.4.2.1.4: Evidence extraction (result 6)": 18.315982818603516,
    "Step 3.4.2: Search execution for claim 4 query 1": 41.02565121650696,
    "Step 3.2.2.2.4: Evidence extraction (result 6)": 17.964641094207764,
    "Step 3.2.2.2.4: Evidence extraction (result 2)": 18.004951000213623,
    "Step 3.2.2.2.4: Evidence extraction (result 3)": 18.129974842071533,
    "Step 3.2.2.2.4: Evidence extraction (result 5)": 18.159099817276,
    "Step 3.2.2.2.4: Evidence extraction (result 4)": 18.274294137954712,
    "Step 3.2.2.2.4: Evidence extraction (result 1)": 18.37860894203186,
    "Step 3.2.2: Search execution for claim 2 query 2": 41.71780800819397,
    "Step 3.1.2.2.4: Evidence extraction (result 2)": 19.105402946472168,
    "Step 3.1.2.2.4: Evidence extraction (result 4)": 19.06022620201111,
    "Step 3.1.2: Search execution for claim 1 query 2": 43.90683197975159,
    "Step 3.4.3: Verdict generation for claim 4": 18.240031003952026,
    "Step 3.2.3: Verdict generation for claim 2": 20.478339910507202,