{
  "timing": {
    "total_seconds": 57.543956995010376,
    "Step 1: Transcript extraction": 1.322887897491455,
    "Step 2: Claim extraction": 6.631822824478149,
    "Step 3.3.1: Query generation for claim 3": 1.7141921520233154,
    "Step 3.1.1: Query generation for claim 1": 1.9248170852661133,
    "Step 3.2.1: Query generation for claim 2": 2.0132009983062744,
    "Step 3.5.1: Query generation for claim 5": 2.106553792953491,
    "Step 3.3.2.1.1.1: Google Search API (batch 1)": 0.8521139621734619,
    "Step 3.3.2.2.1.1: Google Search API (batch 1)": 0.8106279373168945,
    "Step 3.1.2.1.1.1: Google Search API (batch 1)": 0.9818129539489746,
    "Step 3.5.2.2.1.1: Google Search API (batch 1)": 0.7628819942474365,
    "Step 3.2.2.2.1.1: Google Search API (batch 1)": 0.9123208522796631,
    "Step 3.1.2.2.1.1: Google Search API (batch 1)": 1.0600981712341309,
    "Step 3.2.2.1.1.1: Google Search API (batch 1)": 1.0954301357269287,
    "Step 3.4.1: Query generation for claim 4": 3.4719789028167725,
    "Step 3.5.2.1.1.1: Google Search API (batch 1)": 1.4613280296325684,
    "Step 3.2.2.2.2: Reliability assessment (result 1)": 0.001560211181640625,
    "Step 3.2.2.2.2: Reliability assessment (result 2)": 0.0015490055084228516,
    "Step 3.2.2.2.2: Reliability assessment (result 4)": 0.001542806625366211,
    "Step 3.4.2.2.1.1: Google Search API (batch 1)": 0.8711400032043457,
    "Step 3.2.2.2.2: Reliability assessment (result 6)": 0.002443075180053711,
    "Step 3.2.2.2.2: Reliability assessment (result 3)": 0.9768960475921631,
    "Step 3.2.2.2.2: Reliability assessment (result 5)": 0.9770491123199463,
    "Step 3.3.2.2.2: Reliability assessment (result 2)": 0.32648706436157227,
    "Step 3.4.2.1.1.1: Google Search API (batch 1)": 1.891840934753418,
    "Step 3.3.2.2.2: Reliability assessment (result 3)": 0.3273460865020752,
    "Step 3.5.2.2.2: Reliability assessment (result 3)": 0.0011529922485351562,
    "Step 3.3.2.2.2: Reliability assessment (result 1)": 0.8405029773712158,
    "Step 3.5.2.2.2: Reliability assessment (result 4)": 0.5141539573669434,
    "Step 3.5.2.2.2: Reliability assessment (result 1)": 0.5144600868225098,
    "Step 3.5.2.2.2: Reliability assessment (result 5)": 0.5144851207733154,
    "Step 3.3.2.2.2: Reliability assessment (result 4)": 0.841015100479126,
    "Step 3.3.2.2.2: Reliability assessment (result 5)": 0.8410553932189941,
    "Step 3.5.2.2.2: Reliability assessment (result 2)": 0.5147287845611572,
    "Step 3.2.2.1.2: Reliability assessment (result 2)": 0.433135986328125,
    "Step 3.2.2.1.2: Reliability assessment (result 1)": 0.433452844619751,
    "Step 3.2.2.1.2: Reliability assessment (result 4)": 0.4335172176361084,
    "Step 3.2.2.1.2: Reliability assessment (result 3)": 0.4335618019104004,
    "Step 3.2.2.2.3: Content fetching (result 1)": 5.261799335479736,
    "Step 3.3.2.1.2: Reliability assessment (result 1)": 3.339608907699585,
    "Step 3.3.2.1.2: Reliability assessment (result 2)": 3.33939790725708,
    "Step 3.2.2.2.3: Content fetching (result 2)": 5.266061067581177,
    "Step 3.2.2.2.3: Content fetching (result 4)": 5.270768165588379,
    "Step 3.2.2.2.3: Content fetching (result 6)": 5.2743980884552,
    "Step 3.2.2.2.3: Content fetching (result 3)": 4.3058388233184814,
    "Step 3.2.2.2.3: Content fetching (result 5)": 4.310208797454834,
    "Step 3.3.2.2.3: Content fetching (result 2)": 4.3227503299713135,
    "Step 3.3.2.2.3: Content fetching (result 3)": 4.325176954269409,
    "Step 3.3.2.2.3: Content fetching (result 1)": 3.8255691528320312,
    "Step 3.3.2.2.3: Content fetching (result 4)": 3.8402628898620605,
    "Step 3.3.2.2.3: Content fetching (result 5)": 3.8434550762176514,
    "Step 3.5.2.1.2: Reliability assessment (result 2)": 2.9804978370666504,
    "Step 3.5.2.1.2: Reliability assessment (result 3)": 3.1754367351531982,
    "Step 3.3.2.1.2: Reliability assessment (result 3)": 3.767918109893799,
    "Step 3.3.2.1.2: Reliability assessment (result 4)": 3.7872612476348877,
    "Step 3.3.2.1.2: Reliability assessment (result 6)": 3.9219772815704346,
    "Step 3.3.2.1.2: Reliability assessment (result 5)": 4.30597996711731,
    "Step 3.5.2.1.2: Reliability assessment (result 1)": 3.8749210834503174,
    "Step 3.5.2.1.3: Content fetching (result 2)": 3.591707944869995,
    "Step 3.5.2.1.3: Content fetching (result 3)": 3.398880958557129,
    "Step 3.4.2.2.2: Reliability assessment (result 2)": 2.7024691104888916,
    "Step 3.4.2.2.2: Reliability assessment (result 3)": 2.702502965927124,
    "Step 3.2.2.1.3: Content fetching (result 2)": 7.116714715957642,
    "Step 3.2.2.1.3: Content fetching (result 1)": 7.1189210414886475,
    "Step 3.2.2.1.3: Content fetching (result 3)": 7.12078595161438,
    "Step 3.2.2.1.3: Content fetching (result 4)": 7.123342752456665,
    "Step 3.2.2.2.4: Evidence extraction (result 1)": 4.1357691287994385,
    "Step 3.4.2.2.2: Reliability assessment (result 4)": 3.275015115737915,
    "Step 3.4.2.2.2: Reliability assessment (result 1)": 3.5652270317077637,
    "Step 3.3.2.2.4: Evidence extraction (result 2)": 4.591393232345581,
    "Step 3.5.2.1.3: Content fetching (result 1)": 3.6964619159698486,
    "Step 3.3.2.2.4: Evidence extraction (result 3)": 4.678854942321777,
    "Step 3.4.2.1.2: Reliability assessment (result 1)": 0.3381068706512451,
    "Step 3.3.2.2.4: Evidence extraction (result 4)": 5.446449041366577,
    "Step 3.4.2.1.2: Reliability assessment (result 3)": 0.33930516242980957,
    "Step 3.4.2.1.2: Reliability assessment (result 4)": 0.33931803703308105,
    "Step 3.3.2.2.4: Evidence extraction (result 1)": 5.462713003158569,
    "Step 3.2.2.2.4: Evidence extraction (result 3)": 5.49839186668396,
    "Step 3.2.2.2.4: Evidence extraction (result 2)": 5.514188766479492,
    "Step 3.3.2.2.4: Evidence extraction (result 5)": 5.446687936782837,
    "Step 3.3.2: Search execution for claim 3 query 2": 13.559196710586548,
    "Step 3.4.2.1.2: Reliability assessment (result 6)": 0.8722009658813477,
    "Step 3.1.2.1.2: Reliability assessment (result 1)": 0.5350661277770996,
    "Step 3.1.2.1.2: Reliability assessment (result 2)": 0.5352010726928711,
    "Step 3.4.2.1.2: Reliability assessment (result 2)": 0.9170486927032471,
    "Step 3.4.2.1.2: Reliability assessment (result 5)": 0.9754328727722168,
    "Step 3.2.2.1.4: Evidence extraction (result 2)": 2.64064884185791,
    "Step 3.1.2.1.2: Reliability assessment (result 4)": 0.9687578678131104,
    "Step 3.2.2.2.4: Evidence extraction (result 4)": 6.651122808456421,
    "Step 3.1.2.1.2: Reliability assessment (result 3)": 1.18569016456604,
    "Step 3.2.2.1.4: Evidence extraction (result 3)": 2.9292478561401367,
    "Step 3.2.2.1.4: Evidence extraction (result 1)": 3.002243995666504,
    "Step 3.2.2.2.4: Evidence extraction (result 6)": 7.315246105194092,
    "Step 3.2.2.2.4: Evidence extraction (result 5)": 7.319028854370117,
    "Step 3.2.2: Search execution for claim 2 query 2": 15.118225812911987,
    "Step 3.4.2.1.3: Content fetching (result 1)": 2.59079909324646,
    "Step 3.4.2.1.3: Content fetching (result 3)": 2.5913920402526855,
    "Step 3.2.2.1.4: Evidence extraction (result 4)": 4.381206035614014,
    "Step 3.2.2: Search execution for claim 2 query 1": 15.973289012908936,
    "Step 3.5.2.1.4: Evidence extraction (result 3)": 5.019411325454712,
    "Step 3.5.2.1.4: Evidence extraction (result 1)": 4.029088020324707,
    "Step 3.4.2.2.3: Content fetching (result 2)": 5.093488931655884,
    "Step 3.4.2.2.3: Content fetching (result 3)": 5.0953028202056885,
    "Step 3.4.2.2.3: Content fetching (result 4)": 4.524928092956543,
    "Step 3.4.2.2.3: Content fetching (result 1)": 4.237360000610352,
    "Step 3.5.2.1.4: Evidence extraction (result 2)": 5.94417405128479,
    "Step 3.5.2: Search execution for claim 5 query 1": 17.31252884864807,
    "Step 3.1.2.1.3: Content fetching (result 1)": 5.021774053573608,
    "Step 3.1.2.1.3: Content fetching (result 2)": 5.023340940475464,