{
  "timing": {
    "total_seconds": 106.698734998703,
    "Step 1: Transcript extraction": 0.9663527011871338,
    "Step 2: Claim extraction": 24.566014289855957,
    "Step 3.2.1: Query generation for claim 2": 1.8076059818267822,
    "Step 3.1.1: Query generation for claim 1": 1.9349279403686523,
    "Step 3.3.1: Query generation for claim 3": 2.016916036605835,
    "Step 3.5.1: Query generation for claim 5": 2.0999889373779297,
    "Step 3.2.2.2.1.1: Google Search API (batch 1)": 1.0338542461395264,
    "Step 3.1.2.1.1.1: Google Search API (batch 1)": 0.9942419528961182,
    "Step 3.3.2.2.1.1: Google Search API (batch 1)": 0.880126953125,
    "Step 3.1.2.2.1.1: Google Search API (batch 1)": 1.00960111618042,
    "Step 3.5.2.1.1.1: Google Search API (batch 1)": 0.9006688594818115,
    "Step 3.3.2.1.1.1: Google Search API (batch 1)": 1.0059571266174316,
    "Step 3.5.2.2.1.1: Google Search API (batch 1)": 0.8969850540161133,
    "Step 3.2.2.1.1.1: Google Search API (batch 1)": 1.2463619709014893,
    "Step 3.5.2.2.2: Reliability assessment (result 1)": 0.00023603439331054688,
    "Step 3.5.2.2.2: Reliability assessment (result 2)": 0.0004169940948486328,
    "Step 3.2.2.2.2: Reliability assessment (result 1)": 0.0004818439483642578,
    "Step 3.2.2.2.2: Reliability assessment (result 3)": 0.0005171298980712891,
    "Step 3.5.2.2.2: Reliability assessment (result 3)": 1.1650280952453613,
    "Step 3.2.2.2.2: Reliability assessment (result 4)": 0.8742473125457764,
    "Step 3.2.2.2.2: Reliability assessment (result 2)": 1.1675961017608643,
    "Step 3.1.2.2.2: Reliability assessment (result 1)": 0.3330399990081787,
    "Step 3.1.2.2.2: Reliability assessment (result 2)": 0.3331260681152344,
    "Step 3.3.2.2.1.2: Google Search API (batch 2)": 1.8304100036621094,
    "Step 3.1.2.2.2: Reliability assessment (result 4)": 0.33379483222961426,
    "Step 3.5.2.1.2: Reliability assessment (result 1)": 0.0020520687103271484,
    "Step 3.5.2.2.3: Content fetching (result 1)": 3.8536057472229004,
    "Step 3.5.2.2.3: Content fetching (result 2)": 3.855588674545288,
    "Step 3.5.2.2.3: Content fetching (result 3)": 2.6937010288238525,
    "Step 3.1.2.2.2: Reliability assessment (result 5)": 0.6866960525512695,
    "Step 3.5.2.1.2: Reliability assessment (result 2)": 0.6198208332061768,
    "Step 3.5.2.1.2: Reliability assessment (result 3)": 0.7238030433654785,
    "Step 3.1.2.2.2: Reliability assessment (result 3)": 1.135080099105835,
    "Step 3.3.2.1.2: Reliability assessment (result 1)": 0.0005660057067871094,
    "Step 3.3.2.1.2: Reliability assessment (result 2)": 0.0006220340728759766,
    "Step 3.1.2.1.2: Reliability assessment (result 1)": 0.0008840560913085938,
    "Step 3.3.2.1.2: Reliability assessment (result 4)": 0.5027520656585693,
    "Step 3.1.2.1.2: Reliability assessment (result 3)": 0.08270525932312012,
    "Step 3.3.2.1.2: Reliability assessment (result 3)": 0.5712981224060059,
    "Step 3.1.2.1.2: Reliability assessment (result 2)": 1.2485439777374268,
    "Step 3.1.2.1.2: Reliability assessment (result 5)": 1.356701135635376,
    "Step 3.1.2.1.2: Reliability assessment (result 4)": 1.4073731899261475,
    "Step 3.2.2.2.3: Content fetching (result 4)": 6.3392839431762695,
    "Step 3.2.2.2.3: Content fetching (result 3)": 7.2150959968566895,
    "Step 3.2.2.2.3: Content fetching (result 1)": 7.218941926956177,
    "Step 3.2.2.2.3: Content fetching (result 2)": 6.054412841796875,
    "Step 3.5.2.1.3: Content fetching (result 2)": 4.906138896942139,
    "Step 3.5.2.1.3: Content fetching (result 1)": 5.526952028274536,
    "Step 3.5.2.1.3: Content fetching (result 3)": 4.8055641651153564,
    "Step 3.3.2.2.2: Reliability assessment (result 2)": 0.6005740165710449,
    "Step 3.3.2.2.2: Reliability assessment (result 1)": 0.6125612258911133,
    "Step 3.3.2.2.2: Reliability assessment (result 3)": 0.6137888431549072,
    "Step 3.3.2.2.2: Reliability assessment (result 4)": 1.150792121887207,
    "Step 3.3.2.2.2: Reliability assessment (result 5)": 1.4107990264892578,
    "Step 3.4.1: Query generation for claim 4": 18.216651916503906,
    "Step 3.1.2.2.3: Content fetching (result 1)": 10.091232061386108,
    "Step 3.1.2.2.3: Content fetching (result 2)": 10.094675302505493,
    "Step 3.1.2.2.3: Content fetching (result 4)": 10.095747947692871,
    "Step 3.1.2.2.3: Content fetching (result 5)": 9.745987892150879,
    "Step 3.1.2.2.3: Content fetching (result 3)": 9.299634218215942,
    "Step 3.2.2.1.2: Reliability assessment (result 2)": 0.0004773139953613281,
    "Step 3.2.2.1.2: Reliability assessment (result 3)": 0.7720811367034912,
    "Step 3.2.2.1.2: Reliability assessment (result 1)": 1.106909990310669,
    "Step 3.3.2.1.3: Content fetching (result 1)": 11.003036975860596,
    "Step 3.3.2.1.3: Content fetching (result 2)": 11.005516052246094,
    "Step 3.3.2.1.3: Content fetching (result 4)": 10.50525975227356,
    "Step 3.3.2.1.3: Content fetching (result 3)": 10.438113927841187,
    "Step 3.1.2.2.4: Evidence extraction (result 5)": 4.624147891998291,
    "Step 3.1.2.1.3: Content fetching (result 1)": 14.366663217544556,
    "Step 3.1.2.1.3: Content fetching (result 3)": 14.28948712348938,
    "Step 3.1.2.1.3: Content fetching (result 2)": 13.1266028881073,
    "Step 3.1.2.1.3: Content fetching (result 5)": 13.020720958709717,
    "Step 3.1.2.1.3: Content fetching (result 4)": 12.972684860229492,
    "Step 3.5.2.2.4: Evidence extraction (result 3)": 18.086761951446533,
    "Step 3.2.2.1.3: Content fetching (result 2)": 6.964376926422119,
    "Step 3.2.2.1.3: Content fetching (result 3)": 6.194775104522705,
    "Step 3.2.2.1.3: Content fetching (result 1)": 5.862125873565674,
    "Step 3.5.2.2.4: Evidence extraction (result 2)": 18.257261991500854,
    "Step 3.5.2.2.4: Evidence extraction (result 1)": 18.300945281982422,
    "Step 3.5.2: Search execution for claim 5 query 2": 24.810662031173706,
    "Step 3.2.2.1.2: Reliability assessment (result 4)": 10.413360834121704,
    "Step 3.2.2.1.4: Evidence extraction (result 2)": 4.840502977371216,
    "Step 3.2.2.1.3: Content fetching (result 4)": 1.780142068862915,
    "Step 3.2.2.2.4: Evidence extraction (result 4)": 19.287241220474243,
    "Step 3.2.2.2.4: Evidence extraction (result 3)": 19.29110813140869,
    "Step 3.2.2.2.4: Evidence extraction (result 1)": 19.31813669204712,
    "Step 3.5.2.1.4: Evidence extraction (result 2)": 18.672077894210815,
    "Step 3.2.2.2.4: Evidence extraction (result 2)": 19.837950944900513,
    "Step 3.2.2: Search execution for claim 2 query 2": 30.79904317855835,
    "Step 3.5.2.1.4: Evidence extraction (result 3)": 18.949988842010498,
    "Step 3.5.2.1.4: Evidence extraction (result 1)": 20.33829379081726,
    "Step 3.5.2: Search execution for claim 5 query 1": 32.165424823760986,
    "Step 3.3.2.2.3: Content fetching (result 2)": 20.031442880630493,
    "Step 3.1.2.2.4: Evidence extraction (result 1)": 18.085050106048584,
    "Step 3.1.2.2.4: Evidence extraction (result 2)": 18.13298201560974,
    "Step 3.1.2.2.4: Evidence extraction (result 3)": 18.189759969711304,
    "Step 3.3.2.1.4: Evidence extraction (result 1)": 17.973233938217163,
    "Step 3.3.2.1.4: Evidence extraction (result 3)": 17.995877742767334,
    "Step 3.3.2.1.4: Evidence extraction (result 2)": 18.109405279159546,
    "Step 3.3.2.1.4: Evidence extraction (result 4)": 18.241932153701782,
    "Step 3.3.2: Search execution for claim 3 query 1": 37.915066957473755,
    "Step 3.1.2.2.4: Evidence extraction (result 4)": 22.81016182899475,
    "Step 3.1.2: Search execution for claim 1 query 2": 39.3392539024353,
    "Step 3.1.2.1.4: Evidence extraction (result 1)": 18.069791793823242,
    "Step 3.1.2.1.4: Evidence extraction (result 4)": 18.100756883621216,
    "Step 3.1.2.1.4: Evidence extraction (result 3)": 18.119205951690674,
    "Step 3.1.2.1.4: Evidence extraction (result 5)": 18.16782283782959,
    "Step 3.3.2.2.3: Content fetching (result 1)": 29.59067392349243,