{
  "timing": {
    "total_seconds": 49.30191898345947,
    "Step 1: Transcript extraction": 0.8971800804138184,
    "Step 2: Claim extraction": 7.068408966064453,
    "Step 3.2.1: Query generation for claim 2": 2.5483179092407227,
    "Step 3.5.1: Query generation for claim 5": 2.73246693611145,
    "Step 3.4.1: Query generation for claim 4": 2.8201920986175537,
    "Step 3.3.1: Query generation for claim 3": 2.8211629390716553,
    "Step 3.2.2.2.1.1: Google Search API (batch 1)": 0.9107789993286133,
    "Step 3.2.2.1.1.1: Google Search API (batch 1)": 0.9597609043121338,
    "Step 3.5.2.2.1.1: Google Search API (batch 1)": 0.920306921005249,
    "Step 3.5.2.1.1.1: Google Search API (batch 1)": 1.0036489963531494,
    "Step 3.3.2.2.1.1: Google Search API (batch 1)": 0.80755615234375,
    "Step 3.3.2.1.1.1: Google Search API (batch 1)": 0.8553421497344971,
    "Step 3.4.2.2.1.1: Google Search API (batch 1)": 0.9917042255401611,
    "Step 3.1.1: Query generation for claim 1": 3.942345142364502,
    "Step 3.4.2.1.1.1: Google Search API (batch 1)": 1.244297981262207,
    "Step 3.1.2.2.1.1: Google Search API (batch 1)": 0.6777260303497314,
    "Step 3.1.2.1.1.1: Google Search API (batch 1)": 1.1913158893585205,
    "Step 3.5.2.2.2: Reliability assessment (result 1)": 0.0002238750457763672,
    "Step 3.5.2.2.2: Reliability assessment (result 3)": 0.0005900859832763672,
    "Step 3.5.2.2.2: Reliability assessment (result 5)": 0.0007517337799072266,
    "Step 3.4.2.1.2: Reliability assessment (result 1)": 0.5171539783477783,
    "Step 3.4.2.1.2: Reliability assessment (result 2)": 0.5173108577728271,
    "Step 3.4.2.1.2: Reliability assessment (result 5)": 0.5173718929290771,
    "Step 3.5.2.2.2: Reliability assessment (result 2)": 1.0471868515014648,
    "Step 3.4.2.1.2: Reliability assessment (result 4)": 0.8526301383972168,
    "Step 3.4.2.1.2: Reliability assessment (result 3)": 0.8527021408081055,
    "Step 3.1.2.2.2: Reliability assessment (result 1)": 0.33631277084350586,
    "Step 3.1.2.2.2: Reliability assessment (result 3)": 0.33650898933410645,
    "Step 3.1.2.2.2: Reliability assessment (result 4)": 0.33670687675476074,
    "Step 3.1.2.2.2: Reliability assessment (result 5)": 0.3367621898651123,
    "Step 3.5.2.2.2: Reliability assessment (result 4)": 1.3833189010620117,
    "Step 3.2.2.1.2: Reliability assessment (result 3)": 0.36478495597839355,
    "Step 3.1.2.2.2: Reliability assessment (result 2)": 0.856151819229126,
    "Step 3.2.2.1.2: Reliability assessment (result 4)": 0.6709561347961426,
    "Step 3.2.2.1.2: Reliability assessment (result 1)": 0.8888812065124512,
    "Step 3.2.2.1.2: Reliability assessment (result 2)": 1.6520700454711914,
    "Step 3.3.2.2.2: Reliability assessment (result 1)": 1.6710138320922852,
    "Step 3.3.2.2.2: Reliability assessment (result 2)": 2.045402765274048,
    "Step 3.3.2.2.2: Reliability assessment (result 3)": 3.0615451335906982,
    "Step 3.2.2.1.3: Content fetching (result 3)": 3.380362033843994,
    "Step 3.5.2.2.3: Content fetching (result 1)": 5.690009832382202,
    "Step 3.1.2.2.3: Content fetching (result 5)": 4.472801208496094,
    "Step 3.1.2.2.3: Content fetching (result 1)": 4.474689960479736,
    "Step 3.1.2.2.3: Content fetching (result 3)": 4.475618124008179,
    "Step 3.1.2.2.3: Content fetching (result 4)": 4.476967096328735,
    "Step 3.3.2.1.2: Reliability assessment (result 1)": 1.4735429286956787,
    "Step 3.3.2.1.2: Reliability assessment (result 2)": 1.4735908508300781,
    "Step 3.3.2.1.2: Reliability assessment (result 3)": 1.6220271587371826,
    "Step 3.5.2.2.3: Content fetching (result 5)": 6.433863878250122,
    "Step 3.5.2.2.3: Content fetching (result 3)": 6.439841032028198,
    "Step 3.5.2.2.3: Content fetching (result 2)": 5.3983612060546875,
    "Step 3.5.2.2.3: Content fetching (result 4)": 5.068816184997559,
    "Step 3.1.2.2.3: Content fetching (result 2)": 4.760364055633545,
    "Step 3.3.2.1.2: Reliability assessment (result 5)": 2.039407253265381,
    "Step 3.3.2.1.2: Reliability assessment (result 4)": 2.274940252304077,
    "Step 3.5.2.1.2: Reliability assessment (result 2)": 1.348707675933838,
    "Step 3.5.2.1.2: Reliability assessment (result 3)": 1.4453210830688477,
    "Step 3.2.2.1.3: Content fetching (result 1)": 6.490950107574463,
    "Step 3.2.2.1.3: Content fetching (result 4)": 6.709511041641235,
    "Step 3.2.2.1.3: Content fetching (result 2)": 5.72881293296814,
    "Step 3.1.2.1.2: Reliability assessment (result 1)": 0.03247475624084473,
    "Step 3.1.2.1.2: Reliability assessment (result 3)": 0.2721371650695801,
    "Step 3.1.2.2.4: Evidence extraction (result 3)": 4.0444371700286865,
    "Step 3.2.2.1.4: Evidence extraction (result 3)": 4.785970211029053,
    "Step 3.1.2.1.2: Reliability assessment (result 2)": 1.501953125,
    "Step 3.1.2.2.4: Evidence extraction (result 4)": 5.178091049194336,
    "Step 3.1.2.1.2: Reliability assessment (result 4)": 2.2762351036071777,
    "Step 3.1.2.1.2: Reliability assessment (result 5)": 2.343263864517212,
    "Step 3.3.2.2.3: Content fetching (result 1)": 8.207557916641235,
    "Step 3.3.2.2.3: Content fetching (result 2)": 7.836982727050781,
    "Step 3.3.2.2.3: Content fetching (result 3)": 6.822611093521118,
    "Step 3.1.2.2.4: Evidence extraction (result 1)": 6.884419918060303,
    "Step 3.2.2.1.4: Evidence extraction (result 1)": 4.5657641887664795,
    "Step 3.1.2.2.4: Evidence extraction (result 2)": 6.688997983932495,
    "Step 3.1.2.2.4: Evidence extraction (result 5)": 7.525457143783569,
    "Step 3.1.2: Search execution for claim 1 query 2": 15.721054315567017,
    "Step 3.5.2.2.4: Evidence extraction (result 1)": 8.213624238967896,
    "Step 3.5.2.1.3: Content fetching (result 2)": 6.380970001220703,
    "Step 3.5.2.1.3: Content fetching (result 3)": 6.643660068511963,
    "Step 3.2.2.2.2: Reliability assessment (result 2)": 1.750788927078247,
    "Step 3.2.2.2.2: Reliability assessment (result 3)": 1.7508211135864258,
    "Step 3.5.2.2.4: Evidence extraction (result 5)": 7.939578056335449,
    "Step 3.5.2.2.4: Evidence extraction (result 4)": 8.171074151992798,
    "Step 3.2.2.1.4: Evidence extraction (result 2)": 5.865506887435913,
    "Step 3.5.2.2.4: Evidence extraction (result 2)": 8.213511943817139,
    "Step 3.2.2.1.4: Evidence extraction (result 4)": 6.005673170089722,
    "Step 3.2.2: Search execution for claim 2 query 1": 18.58087134361267,
    "Step 3.5.2.2.4: Evidence extraction (result 3)": 8.506627798080444,
    "Step 3.5.2: Search execution for claim 5 query 2": 18.53685188293457,
    "Step 3.2.2.2.2: Reliability assessment (result 1)": 2.4447731971740723,
    "Step 3.4.2.1.3: Content fetching (result 1)": 14.055108070373535,
    "Step 3.4.2.2.2: Reliability assessment (result 1)": 0.7312850952148438,
    "Step 3.4.2.2.2: Reliability assessment (result 2)": 0.7312831878662109,
    "Step 3.4.2.1.3: Content fetching (result 2)": 14.057122945785522,
    "Step 3.4.2.1.3: Content fetching (result 5)": 14.058938264846802,
    "Step 3.4.2.1.3: Content fetching (result 4)": 13.726140975952148,
    "Step 3.4.2.1.3: Content fetching (result 3)": 13.728255033493042,
    "Step 3.4.2.2.2: Reliability assessment (result 3)": 1.1905930042266846,
    "Step 3.2.2.2.2: Reliability assessment (result 5)": 3.089402914047241,
    "Step 3.4.2.2.2: Reliability assessment (result 5)": 1.4137678146362305,
    "Step 3.3.2.1.3: Content fetching (result 1)": 10.014344930648804,
    "Step 3.3.2.1.3: Content fetching (result 2)": 10.017619848251343,
    "Step 3.3.2.1.3: Content fetching (result 3)": 9.870653867721558,
    "Step 3.3.2.1.3: Content fetching (result 5)": 9.455213069915771,
    "Step 3.3.2.1.3: Content fetching (result 4)": 9.222068309783936,
    "Step 3.5.2.1.4: Evidence extraction (result 3)": 2.45798921585083,
    "Step 3.5.2.1.4: Evidence extraction (result 2)": 2.8634707927703857,
    "Step 3.5.2.1.2: Reliability assessment (result 1)": 10.870077133178711,