{
  "timing": {
    "total_seconds": 57.119560956954956,
    "Step 1: Transcript extraction": 1.1788113117218018,
    "Step 2: Claim extraction": 12.086286067962646,
    "Step 3.3.1: Query generation for claim 3": 2.1190199851989746,
    "Step 3.1.1: Query generation for claim 1": 2.1233441829681396,
    "Step 3.2.1: Query generation for claim 2": 2.3261609077453613,
    "Step 3.2.2.1.1.1: Google Search API (batch 1)": 0.988023042678833,
    "Step 3.2.2.2.1.1: Google Search API (batch 1)": 1.089108943939209,
    "Step 3.1.2.1.1.1: Google Search API (batch 1)": 1.2667810916900635,
    "Step 3.1.2.2.1.1: Google Search API (batch 1)": 1.489475965499878,
    "Step 3.3.2.1.1.1: Google Search API (batch 1)": 1.7175240516662598,
    "Step 3.3.2.2.1.1: Google Search API (batch 1)": 1.7380337715148926,
    "Step 3.2.2.2.2: Reliability assessment (result 2)": 0.2986760139465332,
    "Step 3.2.2.2.2: Reliability assessment (result 3)": 0.29882335662841797,
    "Step 3.2.2.2.2: Reliability assessment (result 4)": 0.2989969253540039,
    "Step 3.3.2.2.2: Reliability assessment (result 3)": 0.0004971027374267578,
    "Step 3.3.2.2.2: Reliability assessment (result 4)": 0.0007822513580322266,
    "Step 3.3.2.2.2: Reliability assessment (result 6)": 0.0016078948974609375,
    "Step 3.2.2.2.2: Reliability assessment (result 1)": 0.6217389106750488,
    "Step 3.3.2.2.2: Reliability assessment (result 1)": 0.3231973648071289,
    "Step 3.2.2.1.2: Reliability assessment (result 2)": 0.3118100166320801,
    "Step 3.2.2.1.2: Reliability assessment (result 3)": 0.31193995475769043,
    "Step 3.2.2.1.2: Reliability assessment (result 5)": 0.31220507621765137,
    "Step 3.3.2.2.2: Reliability assessment (result 2)": 0.9420700073242188,
    "Step 3.2.2.1.2: Reliability assessment (result 1)": 0.619542121887207,
    "Step 3.2.2.1.2: Reliability assessment (result 4)": 0.619575023651123,
    "Step 3.2.2.1.2: Reliability assessment (result 6)": 0.6193568706512451,
    "Step 3.1.2.1.2: Reliability assessment (result 3)": 0.3087732791900635,
    "Step 3.1.2.1.2: Reliability assessment (result 4)": 0.30879998207092285,
    "Step 3.1.2.1.2: Reliability assessment (result 5)": 0.30881261825561523,
    "Step 3.2.2.2.2: Reliability assessment (result 5)": 1.2416439056396484,
    "Step 3.3.2.2.2: Reliability assessment (result 5)": 1.270730972290039,
    "Step 3.3.2.1.2: Reliability assessment (result 1)": 0.8600718975067139,
    "Step 3.1.2.1.2: Reliability assessment (result 2)": 1.313103199005127,
    "Step 3.1.2.1.2: Reliability assessment (result 1)": 1.3132359981536865,
    "Step 3.3.2.1.2: Reliability assessment (result 3)": 1.0048787593841553,
    "Step 3.3.2.1.2: Reliability assessment (result 4)": 1.004899263381958,
    "Step 3.3.2.1.2: Reliability assessment (result 2)": 2.111639976501465,
    "Step 3.2.2.2.3: Content fetching (result 2)": 9.880489110946655,
    "Step 3.2.2.2.3: Content fetching (result 3)": 9.882153034210205,
    "Step 3.2.2.2.3: Content fetching (result 4)": 9.88362193107605,
    "Step 3.1.2.2.2: Reliability assessment (result 2)": 8.61369800567627,
    "Step 3.2.2.2.3: Content fetching (result 1)": 9.562557935714722,
    "Step 3.1.2.2.2: Reliability assessment (result 4)": 8.615643978118896,
    "Step 3.1.2.2.2: Reliability assessment (result 3)": 9.826747179031372,
    "Step 3.1.2.2.2: Reliability assessment (result 6)": 9.826810121536255,
    "Step 3.1.2.2.2: Reliability assessment (result 5)": 9.882343053817749,
    "Step 3.1.2.2.2: Reliability assessment (result 1)": 9.88507604598999,
    "Step 3.2.2.2.3: Content fetching (result 5)": 10.597678184509277,
    "Step 3.2.2.1.3: Content fetching (result 2)": 13.68652606010437,
    "Step 3.2.2.1.3: Content fetching (result 3)": 13.688183069229126,
    "Step 3.2.2.1.3: Content fetching (result 5)": 13.690543174743652,
    "Step 3.2.2.1.3: Content fetching (result 4)": 13.385655164718628,
    "Step 3.2.2.1.3: Content fetching (result 1)": 13.388914823532104,
    "Step 3.2.2.1.3: Content fetching (result 6)": 13.391177892684937,
    "Step 3.3.2.1.3: Content fetching (result 1)": 15.97483205795288,
    "Step 3.3.2.2.3: Content fetching (result 3)": 18.27417802810669,
    "Step 3.3.2.2.3: Content fetching (result 6)": 18.275171756744385,
    "Step 3.3.2.2.3: Content fetching (result 4)": 18.277517795562744,
    "Step 3.3.2.2.3: Content fetching (result 1)": 17.95805311203003,
    "Step 3.3.2.2.3: Content fetching (result 2)": 17.342364072799683,
    "Step 3.3.2.2.3: Content fetching (result 5)": 17.01563000679016,
    "Step 3.1.2.1.3: Content fetching (result 3)": 19.562330961227417,
    "Step 3.1.2.1.3: Content fetching (result 4)": 19.564093112945557,
    "Step 3.1.2.1.3: Content fetching (result 5)": 19.569440841674805,
    "Step 3.1.2.1.3: Content fetching (result 2)": 18.56733012199402,
    "Step 3.1.2.1.3: Content fetching (result 1)": 18.56897807121277,
    "Step 3.3.2.2.4: Evidence extraction (result 5)": 2.589858055114746,
    "Step 3.3.2.2.4: Evidence extraction (result 4)": 2.6689071655273438,
    "Step 3.3.2.2.4: Evidence extraction (result 2)": 2.685979127883911,
    "Step 3.3.2.2.4: Evidence extraction (result 1)": 2.740974187850952,
    "Step 3.3.2.2.4: Evidence extraction (result 6)": 2.7472739219665527,
    "Step 3.3.2.2.4: Evidence extraction (result 3)": 2.890717029571533,
    "Step 3.3.2: Search execution for claim 3 query 2": 25.53048014640808,
    "Step 3.2.2.2.4: Evidence extraction (result 5)": 9.868218183517456,
    "Step 3.2.2.1.4: Evidence extraction (result 1)": 7.0786049365997314,
    "Step 3.2.2.1.4: Evidence extraction (result 5)": 7.119765996932983,
    "Step 3.2.2.1.4: Evidence extraction (result 3)": 7.192412376403809,
    "Step 3.2.2.2.4: Evidence extraction (result 2)": 11.680359840393066,
    "Step 3.2.2.1.4: Evidence extraction (result 6)": 7.2360429763793945,
    "Step 3.2.2.1.4: Evidence extraction (result 4)": 7.242594957351685,
    "Step 3.3.2.1.4: Evidence extraction (result 1)": 3.8139488697052,
    "Step 3.2.2.2.4: Evidence extraction (result 1)": 11.789641857147217,
    "Step 3.2.2.2.4: Evidence extraction (result 4)": 11.915276765823364,
    "Step 3.2.2.2.4: Evidence extraction (result 3)": 12.007701873779297,
    "Step 3.2.2: Search execution for claim 2 query 2": 26.11470913887024,
    "Step 3.2.2.1.4: Evidence extraction (result 2)": 9.931902408599854,
    "Step 3.2.2: Search execution for claim 2 query 1": 28.499454975128174,
    "Step 3.1.2.1.4: Evidence extraction (result 2)": 4.0160369873046875,
    "Step 3.1.2.1.4: Evidence extraction (result 5)": 4.441628932952881,
    "Step 3.1.2.1.4: Evidence extraction (result 3)": 4.650895118713379,
    "Step 3.1.2.1.4: Evidence extraction (result 4)": 4.980730056762695,
    "Step 3.2.3: Verdict generation for claim 2": 1.7651951313018799,
    "Step 3.3.2.1.3: Content fetching (result 3)": 24.684552907943726,
    "Step 3.3.2.1.3: Content fetching (result 4)": 24.686360120773315,
    "Step 3.3.2.1.3: Content fetching (result 2)": 23.58164095878601,
    "Step 3.1.2.1.4: Evidence extraction (result 1)": 9.381839036941528,
    "Step 3.1.2: Search execution for claim 1 query 1": 34.22572994232178,
    "Step 3.1.2.2.3: Content fetching (result 2)": 20.27848505973816,
    "Step 3.1.2.2.3: Content fetching (result 4)": 20.278350830078125,
    "Step 3.1.2.2.3: Content fetching (result 3)": 19.068943977355957,
    "Step 3.1.2.2.3: Content fetching (result 6)": 19.07082486152649,
    "Step 3.1.2.2.3: Content fetching (result 5)": 19.015079259872437,
    "Step 3.1.2.2.3: Content fetching (result 1)": 19.016897916793823,
    "Step 3.3.2.1.4: Evidence extraction (result 3)": 3.9870829582214355,
    "Step 3.3.2.1.4: Evidence extraction (result 4)": 4.746248960494995,
    "Step 3.3.2.1.4: Evidence extraction (result 2)": 5.272201061248779,
    "Step 3.3.2: Search execution for claim 3 query 1": 36.345123052597046,
    "Step 3.1.2.2.4: Evidence extraction (result 1)": 2.4260330200195312,