{
  "timing": {
    "total_seconds": 106.87756109237671,
    "Step 1: Transcript extraction": 0.9139502048492432,
    "Step 2: Claim extraction": 10.992416143417358,
    "Step 3.3.1: Query generation for claim 3": 2.291490077972412,
    "Step 3.4.1: Query generation for claim 4": 2.4939630031585693,
    "Step 3.6.1: Query generation for claim 6": 2.5818920135498047,
    "Step 3.2.1: Query generation for claim 2": 2.66853404045105,
    "Step 3.7.1: Query generation for claim 7": 2.750998020172119,
    "Step 3.5.1: Query generation for claim 5": 2.8374879360198975,
    "Step 3.1.1: Query generation for claim 1": 2.9263601303100586,
    "Step 3.3.2.1.1.1: Google Search API (batch 1)": 1.1611640453338623,
    "Step 3.3.2.2.1.1: Google Search API (batch 1)": 1.1194508075714111,
    "Step 3.7.2.1.1.1: Google Search API (batch 1)": 0.9570338726043701,
    "Step 3.4.2.2.1.1: Google Search API (batch 1)": 1.2496130466461182,
    "Step 3.2.2.2.1.1: Google Search API (batch 1)": 1.087501049041748,
    "Step 3.2.2.1.1.1: Google Search API (batch 1)": 1.1687350273132324,
    "Step 3.6.2.1.1.1: Google Search API (batch 1)": 1.278512954711914,
    "Step 3.5.2.2.1.1: Google Search API (batch 1)": 0.9966027736663818,
    "Step 3.5.2.1.1.1: Google Search API (batch 1)": 1.039754867553711,
    "Step 3.4.2.1.1.1: Google Search API (batch 1)": 1.4111080169677734,
    "Step 3.1.2.1.1.1: Google Search API (batch 1)": 1.0721509456634521,
    "Step 3.6.2.2.1.1: Google Search API (batch 1)": 1.6591460704803467,
    "Step 3.5.2.2.2: Reliability assessment (result 1)": 0.0022630691528320312,
    "Step 3.5.2.2.2: Reliability assessment (result 2)": 0.002290964126586914,
    "Step 3.5.2.2.2: Reliability assessment (result 3)": 0.0024411678314208984,
    "Step 3.5.2.2.2: Reliability assessment (result 4)": 0.002459287643432617,
    "Step 3.7.2.2.1.1: Google Search API (batch 1)": 2.323087692260742,
    "Step 3.1.2.2.1.1: Google Search API (batch 1)": 2.15289306640625,
    "Step 3.1.2.1.2: Reliability assessment (result 1)": 0.3198080062866211,
    "Step 3.1.2.1.2: Reliability assessment (result 2)": 0.32013511657714844,
    "Step 3.1.2.1.2: Reliability assessment (result 3)": 0.3202791213989258,
    "Step 3.1.2.1.2: Reliability assessment (result 5)": 0.3204989433288574,
    "Step 3.1.2.1.2: Reliability assessment (result 4)": 0.32086706161499023,
    "Step 3.5.2.1.2: Reliability assessment (result 1)": 0.0011909008026123047,
    "Step 3.5.2.1.2: Reliability assessment (result 2)": 0.0012869834899902344,
    "Step 3.5.2.1.2: Reliability assessment (result 4)": 0.0015420913696289062,
    "Step 3.5.2.1.2: Reliability assessment (result 3)": 1.251668930053711,
    "Step 3.4.2.1.2: Reliability assessment (result 2)": 0.7481842041015625,
    "Step 3.4.2.1.2: Reliability assessment (result 1)": 0.7486240863800049,
    "Step 3.4.2.1.2: Reliability assessment (result 4)": 0.7486250400543213,
    "Step 3.4.2.1.2: Reliability assessment (result 5)": 0.7486507892608643,
    "Step 3.4.2.1.2: Reliability assessment (result 3)": 1.7220580577850342,
    "Step 3.6.2.1.2: Reliability assessment (result 1)": 1.0734388828277588,
    "Step 3.6.2.1.2: Reliability assessment (result 2)": 2.211880922317505,
    "Step 3.6.2.1.2: Reliability assessment (result 3)": 2.7209830284118652,
    "Step 3.6.2.1.2: Reliability assessment (result 4)": 3.388049840927124,
    "Step 3.5.2.2.3: Content fetching (result 1)": 11.278022289276123,
    "Step 3.5.2.2.3: Content fetching (result 2)": 11.279884815216064,
    "Step 3.5.2.2.3: Content fetching (result 3)": 11.282756090164185,
    "Step 3.5.2.2.3: Content fetching (result 4)": 11.653111696243286,
    "Step 3.2.2.2.2: Reliability assessment (result 3)": 7.240772724151611,
    "Step 3.2.2.2.2: Reliability assessment (result 1)": 7.541257858276367,
    "Step 3.2.2.2.2: Reliability assessment (result 2)": 7.561722040176392,
    "Step 3.1.2.1.3: Content fetching (result 1)": 12.05427598953247,
    "Step 3.1.2.1.3: Content fetching (result 3)": 12.055723905563354,
    "Step 3.4.2.2.2: Reliability assessment (result 4)": 7.488471031188965,
    "Step 3.1.2.1.3: Content fetching (result 2)": 12.057786226272583,
    "Step 3.1.2.1.3: Content fetching (result 4)": 12.059173345565796,
    "Step 3.1.2.1.3: Content fetching (result 5)": 12.061326026916504,
    "Step 3.4.2.2.2: Reliability assessment (result 1)": 8.069032907485962,
    "Step 3.6.2.2.2: Reliability assessment (result 1)": 6.489394903182983,
    "Step 3.6.2.2.2: Reliability assessment (result 2)": 6.4893879890441895,
    "Step 3.6.2.2.2: Reliability assessment (result 3)": 6.489404916763306,
    "Step 3.2.2.2.2: Reliability assessment (result 4)": 8.472564935684204,
    "Step 3.4.2.2.2: Reliability assessment (result 3)": 8.37467336654663,
    "Step 3.4.2.1.3: Content fetching (result 1)": 10.589513063430786,
    "Step 3.4.2.1.3: Content fetching (result 2)": 10.592441082000732,
    "Step 3.4.2.1.3: Content fetching (result 4)": 10.596863985061646,
    "Step 3.4.2.1.3: Content fetching (result 5)": 10.599183797836304,
    "Step 3.2.2.1.2: Reliability assessment (result 3)": 4.854564189910889,
    "Step 3.2.2.1.2: Reliability assessment (result 4)": 4.854599952697754,
    "Step 3.4.2.1.3: Content fetching (result 3)": 9.628375768661499,
    "Step 3.4.2.2.2: Reliability assessment (result 5)": 8.545889139175415,
    "Step 3.4.2.2.2: Reliability assessment (result 2)": 8.549907922744751,
    "Step 3.3.2.2.2: Reliability assessment (result 2)": 4.200657844543457,
    "Step 3.3.2.2.2: Reliability assessment (result 3)": 4.233995199203491,
    "Step 3.3.2.2.2: Reliability assessment (result 6)": 4.723398923873901,
    "Step 3.3.2.2.2: Reliability assessment (result 1)": 4.7262656688690186,
    "Step 3.3.2.2.2: Reliability assessment (result 4)": 4.725816011428833,
    "Step 3.3.2.2.2: Reliability assessment (result 5)": 4.725835084915161,
    "Step 3.3.2.1.2: Reliability assessment (result 4)": 2.905907154083252,
    "Step 3.3.2.1.2: Reliability assessment (result 5)": 2.9059207439422607,
    "Step 3.6.2.2.2: Reliability assessment (result 4)": 7.746119976043701,
    "Step 3.6.2.2.2: Reliability assessment (result 5)": 7.746680974960327,
    "Step 3.3.2.1.2: Reliability assessment (result 1)": 2.9066288471221924,
    "Step 3.3.2.1.2: Reliability assessment (result 2)": 2.9066030979156494,
    "Step 3.3.2.1.2: Reliability assessment (result 3)": 2.906611919403076,
    "Step 3.3.2.1.2: Reliability assessment (result 6)": 2.966960906982422,
    "Step 3.2.2.1.2: Reliability assessment (result 2)": 6.217296123504639,
    "Step 3.2.2.1.2: Reliability assessment (result 1)": 6.217443227767944,
    "Step 3.2.2.1.2: Reliability assessment (result 5)": 6.217339992523193,
    "Step 3.5.2.1.3: Content fetching (result 1)": 15.519674062728882,
    "Step 3.5.2.1.3: Content fetching (result 2)": 15.521978855133057,
    "Step 3.5.2.1.3: Content fetching (result 4)": 15.523582935333252,
    "Step 3.5.2.1.3: Content fetching (result 3)": 14.276101112365723,
    "Step 3.2.2.1.3: Content fetching (result 3)": 14.375918865203857,
    "Step 3.2.2.1.3: Content fetching (result 4)": 14.377833127975464,
    "Step 3.6.2.2.3: Content fetching (result 1)": 16.598261833190918,
    "Step 3.6.2.2.3: Content fetching (result 2)": 16.599977016448975,
    "Step 3.6.2.2.3: Content fetching (result 3)": 16.601696968078613,
    "Step 3.1.2.2.2: Reliability assessment (result 2)": 15.34593391418457,
    "Step 3.1.2.1.4: Evidence extraction (result 5)": 18.076897859573364,
    "Step 3.5.2.2.4: Evidence extraction (result 2)": 19.546022176742554,
    "Step 3.1.2.1.4: Evidence extraction (result 1)": 18.114340782165527,
    "Step 3.5.2.2.4: Evidence extraction (result 1)": 19.563885927200317,
    "Step 3.1.2.1.4: Evidence extraction (result 2)": 18.14321804046631,
    "Step 3.1.2.1.4: Evidence extraction (result 4)": 18.141293048858643,
    "Step 3.1.2.1.4: Evidence extraction (result 3)": 18.17887592315674,