{
  "timing": {
    "total_seconds": 78.01979899406433,
    "Step 1: Transcript extraction": 1.0020310878753662,
    "Step 2: Claim extraction": 7.121540069580078,
    "Step 3.2.1: Query generation for claim 2": 1.8441579341888428,
    "Step 3.5.1: Query generation for claim 5": 1.9467227458953857,
    "Step 3.4.1: Query generation for claim 4": 2.0328338146209717,
    "Step 3.1.1: Query generation for claim 1": 2.122089147567749,
    "Step 3.3.1: Query generation for claim 3": 2.120636224746704,
    "Step 3.2.2.1.1.1: Google Search API (batch 1)": 1.1760988235473633,
    "Step 3.1.2.2.1.1: Google Search API (batch 1)": 0.9342930316925049,
    "Step 3.5.2.2.1.1: Google Search API (batch 1)": 1.1273877620697021,
    "Step 3.5.2.1.1.1: Google Search API (batch 1)": 1.1779508590698242,
    "Step 3.4.2.2.1.1: Google Search API (batch 1)": 1.0506479740142822,
    "Step 3.3.2.1.1.1: Google Search API (batch 1)": 1.084275245666504,
    "Step 3.1.2.1.1.1: Google Search API (batch 1)": 1.2190728187561035,
    "Step 3.3.2.2.1.1: Google Search API (batch 1)": 1.2494580745697021,
    "Step 3.4.2.1.1.1: Google Search API (batch 1)": 1.6322109699249268,
    "Step 3.2.2.2.1.1: Google Search API (batch 1)": 1.9071590900421143,
    "Step 3.5.2.2.2: Reliability assessment (result 1)": 0.0009107589721679688,
    "Step 3.5.2.2.2: Reliability assessment (result 2)": 0.001024007797241211,
    "Step 3.5.2.2.2: Reliability assessment (result 3)": 0.0011451244354248047,
    "Step 3.5.2.2.2: Reliability assessment (result 4)": 0.0015690326690673828,
    "Step 3.2.2.1.2: Reliability assessment (result 1)": 0.0005371570587158203,
    "Step 3.2.2.1.2: Reliability assessment (result 2)": 0.0005481243133544922,
    "Step 3.2.2.1.2: Reliability assessment (result 3)": 0.0005691051483154297,
    "Step 3.2.2.1.2: Reliability assessment (result 4)": 0.0005822181701660156,
    "Step 3.2.2.1.2: Reliability assessment (result 6)": 0.0005769729614257812,
    "Step 3.2.2.1.2: Reliability assessment (result 5)": 0.45876622200012207,
    "Step 3.3.2.2.2: Reliability assessment (result 2)": 0.0002810955047607422,
    "Step 3.5.2.2.2: Reliability assessment (result 5)": 0.8772742748260498,
    "Step 3.3.2.2.2: Reliability assessment (result 5)": 0.12682700157165527,
    "Step 3.3.2.2.2: Reliability assessment (result 3)": 0.921191930770874,
    "Step 3.3.2.2.2: Reliability assessment (result 1)": 1.3398559093475342,
    "Step 3.3.2.2.2: Reliability assessment (result 4)": 1.7410848140716553,
    "Step 3.1.2.2.2: Reliability assessment (result 1)": 0.8888518810272217,
    "Step 3.1.2.2.2: Reliability assessment (result 2)": 0.8886408805847168,
    "Step 3.1.2.2.2: Reliability assessment (result 3)": 0.8886620998382568,
    "Step 3.1.2.2.2: Reliability assessment (result 4)": 2.1738600730895996,
    "Step 3.5.2.1.2: Reliability assessment (result 1)": 1.8068852424621582,
    "Step 3.5.2.1.2: Reliability assessment (result 2)": 1.8066248893737793,
    "Step 3.5.2.1.2: Reliability assessment (result 3)": 2.969470262527466,
    "Step 3.1.2.2.2: Reliability assessment (result 5)": 3.576237201690674,
    "Step 3.1.2.2.3: Content fetching (result 1)": 7.145140886306763,
    "Step 3.2.2.1.3: Content fetching (result 1)": 10.620638132095337,
    "Step 3.2.2.1.3: Content fetching (result 2)": 10.62270212173462,
    "Step 3.2.2.1.3: Content fetching (result 3)": 10.62465786933899,
    "Step 3.3.2.1.2: Reliability assessment (result 2)": 6.363207101821899,
    "Step 3.3.2.1.2: Reliability assessment (result 3)": 6.363242149353027,
    "Step 3.3.2.1.2: Reliability assessment (result 4)": 6.36328911781311,
    "Step 3.2.2.1.3: Content fetching (result 4)": 10.626528024673462,
    "Step 3.2.2.1.3: Content fetching (result 6)": 10.628861904144287,
    "Step 3.2.2.1.3: Content fetching (result 5)": 10.516461849212646,
    "Step 3.3.2.1.2: Reliability assessment (result 5)": 7.103328704833984,
    "Step 3.3.2.1.2: Reliability assessment (result 1)": 7.643492698669434,
    "Step 3.3.2.1.2: Reliability assessment (result 6)": 7.660289764404297,
    "Step 3.5.2.1.3: Content fetching (result 1)": 12.272236108779907,
    "Step 3.1.2.1.2: Reliability assessment (result 1)": 10.487362146377563,
    "Step 3.1.2.1.2: Reliability assessment (result 2)": 10.487365961074829,
    "Step 3.5.2.1.3: Content fetching (result 2)": 12.275861978530884,
    "Step 3.5.2.1.3: Content fetching (result 3)": 11.11483383178711,
    "Step 3.1.2.1.2: Reliability assessment (result 4)": 12.96349287033081,
    "Step 3.1.2.1.2: Reliability assessment (result 3)": 13.163632869720459,
    "Step 3.4.2.2.2: Reliability assessment (result 1)": 8.348511934280396,
    "Step 3.4.2.2.2: Reliability assessment (result 2)": 8.34853982925415,
    "Step 3.4.2.2.2: Reliability assessment (result 3)": 8.3485689163208,
    "Step 3.3.2.2.3: Content fetching (result 2)": 19.052565813064575,
    "Step 3.3.2.2.3: Content fetching (result 5)": 18.927968978881836,
    "Step 3.3.2.2.3: Content fetching (result 3)": 18.13736605644226,
    "Step 3.3.2.2.3: Content fetching (result 1)": 17.72110104560852,
    "Step 3.3.2.2.3: Content fetching (result 4)": 17.32208514213562,
    "Step 3.1.2.1.3: Content fetching (result 1)": 5.0952770709991455,
    "Step 3.4.2.2.2: Reliability assessment (result 4)": 10.95025897026062,
    "Step 3.4.2.2.2: Reliability assessment (result 5)": 10.951730966567993,
    "Step 3.5.2.2.3: Content fetching (result 5)": 26.01184606552124,
    "Step 3.5.2.2.3: Content fetching (result 1)": 27.882050037384033,
    "Step 3.5.2.2.3: Content fetching (result 2)": 27.884151935577393,
    "Step 3.5.2.2.3: Content fetching (result 3)": 27.886735916137695,
    "Step 3.2.2.2.2: Reliability assessment (result 1)": 7.6982421875,
    "Step 3.5.2.2.3: Content fetching (result 4)": 27.88865089416504,
    "Step 3.1.2.2.3: Content fetching (result 2)": 24.747256994247437,
    "Step 3.2.2.2.2: Reliability assessment (result 4)": 7.959246873855591,
    "Step 3.2.2.2.2: Reliability assessment (result 5)": 7.959293842315674,
    "Step 3.1.2.2.3: Content fetching (result 3)": 24.749943017959595,
    "Step 3.1.2.2.3: Content fetching (result 4)": 23.466125011444092,
    "Step 3.1.2.2.3: Content fetching (result 5)": 22.06650996208191,
    "Step 3.4.2.1.2: Reliability assessment (result 1)": 3.675321102142334,
    "Step 3.2.2.2.2: Reliability assessment (result 2)": 10.362420797348022,
    "Step 3.2.2.2.2: Reliability assessment (result 3)": 10.362494230270386,
    "Step 3.4.2.1.2: Reliability assessment (result 2)": 4.667826890945435,
    "Step 3.4.2.1.2: Reliability assessment (result 4)": 6.598245143890381,
    "Step 3.2.2.1.4: Evidence extraction (result 6)": 22.275537967681885,
    "Step 3.2.2.1.4: Evidence extraction (result 4)": 22.332214832305908,
    "Step 3.1.2.2.4: Evidence extraction (result 1)": 22.77430510520935,
    "Step 3.2.2.1.4: Evidence extraction (result 2)": 22.426166772842407,
    "Step 3.2.2.1.4: Evidence extraction (result 5)": 22.09824275970459,
    "Step 3.2.2.1.4: Evidence extraction (result 1)": 22.507148027420044,
    "Step 3.2.2.1.4: Evidence extraction (result 3)": 22.71192502975464,
    "Step 3.2.2: Search execution for claim 2 query 1": 36.470175981521606,
    "Step 3.1.2.1.3: Content fetching (result 2)": 16.921902179718018,
    "Step 3.1.2.1.3: Content fetching (result 4)": 14.452932119369507,
    "Step 3.1.2.1.3: Content fetching (result 3)": 14.255010843276978,
    "Step 3.3.2.2.4: Evidence extraction (result 2)": 14.900400161743164,
    "Step 3.3.2.2.4: Evidence extraction (result 3)": 14.992699146270752,
    "Step 3.3.2.2.4: Evidence extraction (result 5)": 15.364801168441772,
    "Step 3.5.2.1.4: Evidence extraction (result 2)": 18.517348051071167,
    "Step 3.5.2.1.4: Evidence extraction (result 3)": 18.639002084732056,
    "Step 3.5.2.1.4: Evidence extraction (result 1)": 18.851070165634155,
    "Step 3.5.2: Search execution for claim 5 query 1": 38.51062798500061,