{
  "timing": {
    "total_seconds": 178.2934467792511,
    "Step 1: Transcript extraction": 1.0092270374298096,
    "Step 2: Claim extraction": 8.211338996887207,
    "Step 3.1.1: Query generation for claim 1": 2.728813886642456,
    "Step 3.4.1: Query generation for claim 4": 2.929109811782837,
    "Step 3.1.2.2.1.1: Google Search API (batch 1)": 1.1244468688964844,
    "Step 3.3.1: Query generation for claim 3": 3.9695816040039062,
    "Step 3.4.2.2.1.1: Google Search API (batch 1)": 1.0843029022216797,
    "Step 3.4.2.1.1.1: Google Search API (batch 1)": 1.1734938621520996,
    "Step 3.1.2.1.1.1: Google Search API (batch 1)": 1.3420908451080322,
    "Step 3.2.1: Query generation for claim 2": 4.205160140991211,
    "Step 3.5.1: Query generation for claim 5": 4.504974126815796,
    "Step 3.3.2.1.1.1: Google Search API (batch 1)": 0.836155891418457,
    "Step 3.3.2.2.1.1: Google Search API (batch 1)": 0.8516459465026855,
    "Step 3.2.2.2.1.1: Google Search API (batch 1)": 0.7053909301757812,
    "Step 3.2.2.1.1.1: Google Search API (batch 1)": 0.9270319938659668,
    "Step 3.5.2.1.1.1: Google Search API (batch 1)": 0.763329029083252,
    "Step 3.5.2.2.1.1: Google Search API (batch 1)": 0.8655762672424316,
    "Step 3.1.2.1.2: Reliability assessment (result 1)": 1.0060391426086426,
    "Step 3.1.2.1.2: Reliability assessment (result 2)": 1.0060911178588867,
    "Step 3.1.2.1.2: Reliability assessment (result 4)": 1.0062367916107178,
    "Step 3.1.2.1.2: Reliability assessment (result 6)": 1.0066747665405273,
    "Step 3.3.2.1.2: Reliability assessment (result 1)": 0.0022661685943603516,
    "Step 3.3.2.1.2: Reliability assessment (result 3)": 0.002516031265258789,
    "Step 3.4.2.2.2: Reliability assessment (result 1)": 0.00185394287109375,
    "Step 3.4.2.2.2: Reliability assessment (result 2)": 0.00185394287109375,
    "Step 3.4.2.2.2: Reliability assessment (result 3)": 0.0016980171203613281,
    "Step 3.4.2.2.2: Reliability assessment (result 5)": 0.001689910888671875,
    "Step 3.4.2.1.2: Reliability assessment (result 1)": 0.0015377998352050781,
    "Step 3.4.2.1.2: Reliability assessment (result 2)": 0.0015411376953125,
    "Step 3.4.2.2.2: Reliability assessment (result 6)": 0.35289478302001953,
    "Step 3.4.2.1.2: Reliability assessment (result 3)": 0.35279011726379395,
    "Step 3.3.2.1.2: Reliability assessment (result 5)": 0.39209413528442383,
    "Step 3.3.2.1.2: Reliability assessment (result 4)": 0.3927769660949707,
    "Step 3.1.2.1.2: Reliability assessment (result 5)": 1.5649919509887695,
    "Step 3.1.2.1.2: Reliability assessment (result 3)": 2.4370529651641846,
    "Step 3.1.2.2.2: Reliability assessment (result 1)": 1.0787010192871094,
    "Step 3.1.2.2.2: Reliability assessment (result 2)": 1.0786981582641602,
    "Step 3.4.2.1.3: Content fetching (result 1)": 2.0241312980651855,
    "Step 3.1.2.2.2: Reliability assessment (result 5)": 1.6737399101257324,
    "Step 3.4.2.1.3: Content fetching (result 2)": 2.0250191688537598,
    "Step 3.3.2.1.2: Reliability assessment (result 2)": 2.2556869983673096,
    "Step 3.4.2.2.2: Reliability assessment (result 4)": 2.258692979812622,
    "Step 3.4.2.1.2: Reliability assessment (result 4)": 2.3481459617614746,
    "Step 3.1.2.2.2: Reliability assessment (result 3)": 2.564814805984497,
    "Step 3.1.2.2.2: Reliability assessment (result 4)": 2.6803550720214844,
    "Step 3.4.2.1.3: Content fetching (result 3)": 3.7405550479888916,
    "Step 3.3.2.1.3: Content fetching (result 1)": 5.251749277114868,
    "Step 3.2.2.2.2: Reliability assessment (result 1)": 3.228285074234009,
    "Step 3.2.2.2.2: Reliability assessment (result 2)": 3.228442907333374,
    "Step 3.2.2.2.2: Reliability assessment (result 3)": 3.2284700870513916,
    "Step 3.2.2.2.2: Reliability assessment (result 4)": 3.2284889221191406,
    "Step 3.3.2.1.3: Content fetching (result 3)": 5.252758026123047,
    "Step 3.3.2.1.3: Content fetching (result 5)": 4.973085880279541,
    "Step 3.3.2.1.3: Content fetching (result 4)": 4.974980115890503,
    "Step 3.1.2.2.3: Content fetching (result 1)": 5.032493829727173,
    "Step 3.1.2.2.3: Content fetching (result 2)": 5.044087648391724,
    "Step 3.5.2.2.2: Reliability assessment (result 1)": 3.5602922439575195,
    "Step 3.5.2.2.2: Reliability assessment (result 2)": 3.560382843017578,
    "Step 3.5.2.2.2: Reliability assessment (result 3)": 3.5604190826416016,
    "Step 3.1.2.2.3: Content fetching (result 5)": 4.452120065689087,
    "Step 3.3.2.1.3: Content fetching (result 2)": 4.728711128234863,
    "Step 3.5.2.2.2: Reliability assessment (result 4)": 4.189382076263428,
    "Step 3.5.2.1.2: Reliability assessment (result 1)": 3.0136120319366455,
    "Step 3.5.2.1.2: Reliability assessment (result 2)": 3.0135891437530518,
    "Step 3.2.2.2.2: Reliability assessment (result 5)": 5.090520143508911,
    "Step 3.5.2.1.2: Reliability assessment (result 3)": 3.5900180339813232,
    "Step 3.5.2.1.2: Reliability assessment (result 4)": 4.318539142608643,
    "Step 3.5.2.1.2: Reliability assessment (result 5)": 4.590331077575684,
    "Step 3.5.2.2.2: Reliability assessment (result 5)": 6.4348061084747314,
    "Step 3.2.2.2.3: Content fetching (result 1)": 6.267143964767456,
    "Step 3.2.2.2.3: Content fetching (result 2)": 6.270608186721802,
    "Step 3.2.2.2.3: Content fetching (result 3)": 6.699458837509155,
    "Step 3.2.2.2.3: Content fetching (result 4)": 6.742442846298218,
    "Step 3.5.2.2.3: Content fetching (result 1)": 6.530169725418091,
    "Step 3.5.2.2.3: Content fetching (result 2)": 6.532026052474976,
    "Step 3.5.2.2.3: Content fetching (result 3)": 9.206052780151367,
    "Step 3.5.2.2.3: Content fetching (result 4)": 8.579833030700684,
    "Step 3.5.2.1.3: Content fetching (result 1)": 9.397066116333008,
    "Step 3.5.2.1.3: Content fetching (result 2)": 9.399095058441162,
    "Step 3.5.2.1.3: Content fetching (result 3)": 9.489922046661377,
    "Step 3.4.2.2.3: Content fetching (result 1)": 20.20914316177368,
    "Step 3.4.2.1.4: Evidence extraction (result 1)": 19.579240798950195,
    "Step 3.4.2.1.4: Evidence extraction (result 2)": 19.68703293800354,
    "Step 3.5.2.2.3: Content fetching (result 5)": 14.249218702316284,
    "Step 3.1.2.1.3: Content fetching (result 3)": 22.624755144119263,
    "Step 3.3.2.2.2: Reliability assessment (result 1)": 0.47074103355407715,
    "Step 3.3.2.2.2: Reliability assessment (result 2)": 0.8961749076843262,
    "Step 3.3.2.2.2: Reliability assessment (result 3)": 0.896291971206665,
    "Step 3.1.2.1.3: Content fetching (result 1)": 25.102315187454224,
    "Step 3.1.2.1.3: Content fetching (result 2)": 25.10916495323181,
    "Step 3.1.2.1.3: Content fetching (result 4)": 25.111571788787842,
    "Step 3.1.2.1.3: Content fetching (result 6)": 25.113444805145264,
    "Step 3.1.2.1.3: Content fetching (result 5)": 24.558436155319214,
    "Step 3.5.2.2.4: Evidence extraction (result 2)": 12.532340049743652,
    "Step 3.3.2.2.2: Reliability assessment (result 6)": 1.6759717464447021,
    "Step 3.3.2.2.2: Reliability assessment (result 5)": 1.6837999820709229,
    "Step 3.5.2.2.4: Evidence extraction (result 1)": 12.953991174697876,
    "Step 3.5.2.1.4: Evidence extraction (result 1)": 9.523169040679932,
    "Step 3.1.2.2.4: Evidence extraction (result 1)": 19.69496488571167,
    "Step 3.3.2.2.2: Reliability assessment (result 4)": 2.2551028728485107,
    "Step 3.4.2.1.3: Content fetching (result 4)": 23.958007097244263,
    "Step 3.5.2.2.4: Evidence extraction (result 4)": 10.66082501411438,
    "Step 3.5.2.1.4: Evidence extraction (result 2)": 9.84697699546814,
    "Step 3.1.2.1.4: Evidence extraction (result 4)": 1.5139498710632324,
    "Step 3.1.2.1.4: Evidence extraction (result 3)": 2.612645149230957,
    "Step 3.1.2.1.4: Evidence extraction (result 6)": 1.581434965133667,
    "Step 3.1.2.1.4: Evidence extraction (result 1)": 1.6270880699157715,
    "Step 3.3.2.1.4: Evidence extraction (result 3)": 21.560625076293945,