{
  "timing": {
    "total_seconds": 68.24735689163208,
    "Step 1: Transcript extraction": 1.3140451908111572,
    "Step 2: Claim extraction": 5.261892080307007,
    "Step 3.5.1: Query generation for claim 5": 1.5334930419921875,
    "Step 3.1.1: Query generation for claim 1": 1.5394518375396729,
    "Step 3.3.1: Query generation for claim 3": 1.7378778457641602,
    "Step 3.4.1: Query generation for claim 4": 1.9186909198760986,
    "Step 3.2.1: Query generation for claim 2": 2.014643907546997,
    "Step 3.1.2.1.1.1: Google Search API (batch 1)": 1.3817708492279053,
    "Step 3.5.2.1.1.1: Google Search API (batch 1)": 1.4706299304962158,
    "Step 3.3.2.1.1.1: Google Search API (batch 1)": 1.302217960357666,
    "Step 3.5.2.2.1.1: Google Search API (batch 1)": 1.4273998737335205,
    "Step 3.1.2.2.1.1: Google Search API (batch 1)": 1.3456690311431885,
    "Step 3.2.2.1.1.1: Google Search API (batch 1)": 1.0269348621368408,
    "Step 3.4.2.1.1.1: Google Search API (batch 1)": 1.1142189502716064,
    "Step 3.4.2.2.1.1: Google Search API (batch 1)": 1.073843002319336,
    "Step 3.2.2.2.1.1: Google Search API (batch 1)": 0.9875128269195557,
    "Step 3.3.2.2.1.1: Google Search API (batch 1)": 1.5373141765594482,
    "Step 3.3.2.1.2: Reliability assessment (result 1)": 0.0008199214935302734,
    "Step 3.3.2.1.2: Reliability assessment (result 2)": 0.0003857612609863281,
    "Step 3.3.2.1.2: Reliability assessment (result 3)": 0.0005571842193603516,
    "Step 3.3.2.2.2: Reliability assessment (result 2)": 0.0004558563232421875,
    "Step 3.3.2.2.2: Reliability assessment (result 3)": 0.0005049705505371094,
    "Step 3.3.2.2.2: Reliability assessment (result 4)": 0.0005249977111816406,
    "Step 3.3.2.2.2: Reliability assessment (result 1)": 0.41799020767211914,
    "Step 3.1.2.1.2: Reliability assessment (result 5)": 0.0006051063537597656,
    "Step 3.5.2.1.2: Reliability assessment (result 1)": 0.00022602081298828125,
    "Step 3.1.2.1.2: Reliability assessment (result 3)": 0.8668680191040039,
    "Step 3.1.2.1.2: Reliability assessment (result 2)": 0.8670461177825928,
    "Step 3.5.2.1.2: Reliability assessment (result 2)": 0.4075510501861572,
    "Step 3.5.2.1.2: Reliability assessment (result 3)": 0.40771484375,
    "Step 3.4.2.1.2: Reliability assessment (result 1)": 0.32471680641174316,
    "Step 3.4.2.1.2: Reliability assessment (result 2)": 0.32485103607177734,
    "Step 3.1.2.1.2: Reliability assessment (result 6)": 1.1918001174926758,
    "Step 3.1.2.1.2: Reliability assessment (result 1)": 1.2902746200561523,
    "Step 3.1.2.1.2: Reliability assessment (result 4)": 1.3131358623504639,
    "Step 3.1.2.2.2: Reliability assessment (result 3)": 0.12186098098754883,
    "Step 3.1.2.2.2: Reliability assessment (result 4)": 0.12188386917114258,
    "Step 3.1.2.2.2: Reliability assessment (result 5)": 1.017773151397705,
    "Step 3.4.2.1.2: Reliability assessment (result 3)": 1.487287998199463,
    "Step 3.1.2.2.2: Reliability assessment (result 2)": 1.167586088180542,
    "Step 3.1.2.2.2: Reliability assessment (result 1)": 1.4972078800201416,
    "Step 3.3.2.1.3: Content fetching (result 1)": 7.896195888519287,
    "Step 3.3.2.1.3: Content fetching (result 2)": 7.898604869842529,
    "Step 3.3.2.1.3: Content fetching (result 3)": 7.900569200515747,
    "Step 3.4.2.1.3: Content fetching (result 1)": 5.050745725631714,
    "Step 3.4.2.1.3: Content fetching (result 2)": 5.0525901317596436,
    "Step 3.4.2.2.2: Reliability assessment (result 2)": 4.6425700187683105,
    "Step 3.4.2.2.2: Reliability assessment (result 1)": 4.8136069774627686,
    "Step 3.4.2.2.2: Reliability assessment (result 3)": 4.8137688636779785,
    "Step 3.4.2.1.3: Content fetching (result 3)": 12.778434991836548,
    "Step 3.5.2.1.3: Content fetching (result 1)": 17.073835134506226,
    "Step 3.5.2.2.2: Reliability assessment (result 1)": 13.239538192749023,
    "Step 3.5.2.1.3: Content fetching (result 2)": 16.668276071548462,
    "Step 3.5.2.1.3: Content fetching (result 3)": 16.670730113983154,
    "Step 3.3.2.2.3: Content fetching (result 2)": 19.429007053375244,
    "Step 3.3.2.2.3: Content fetching (result 3)": 19.43070912361145,
    "Step 3.3.2.2.3: Content fetching (result 4)": 19.432496786117554,
    "Step 3.3.2.2.3: Content fetching (result 1)": 19.33581805229187,
    "Step 3.2.2.2.2: Reliability assessment (result 2)": 12.876997709274292,
    "Step 3.2.2.2.2: Reliability assessment (result 3)": 13.412436962127686,
    "Step 3.5.2.2.2: Reliability assessment (result 3)": 15.006850957870483,
    "Step 3.2.2.2.2: Reliability assessment (result 5)": 13.614262104034424,
    "Step 3.5.2.2.2: Reliability assessment (result 2)": 15.013328790664673,
    "Step 3.5.2.2.2: Reliability assessment (result 6)": 15.17887282371521,
    "Step 3.2.2.2.2: Reliability assessment (result 1)": 14.345818996429443,
    "Step 3.5.2.2.2: Reliability assessment (result 4)": 15.792137145996094,
    "Step 3.5.2.2.2: Reliability assessment (result 5)": 15.80489706993103,
    "Step 3.1.2.1.3: Content fetching (result 5)": 20.13035821914673,
    "Step 3.1.2.1.3: Content fetching (result 3)": 19.26993203163147,
    "Step 3.2.2.1.2: Reliability assessment (result 4)": 1.7507143020629883,
    "Step 3.1.2.1.3: Content fetching (result 2)": 19.272064924240112,
    "Step 3.1.2.1.3: Content fetching (result 6)": 18.949648141860962,
    "Step 3.1.2.1.3: Content fetching (result 1)": 18.854026079177856,
    "Step 3.1.2.1.3: Content fetching (result 4)": 18.832736015319824,
    "Step 3.2.2.2.2: Reliability assessment (result 4)": 14.932317972183228,
    "Step 3.2.2.1.2: Reliability assessment (result 6)": 4.029381990432739,
    "Step 3.2.2.1.2: Reliability assessment (result 5)": 4.029476881027222,
    "Step 3.2.2.1.2: Reliability assessment (result 2)": 4.067409038543701,
    "Step 3.2.2.1.2: Reliability assessment (result 1)": 4.070810794830322,
    "Step 3.2.2.1.2: Reliability assessment (result 3)": 4.106014966964722,
    "Step 3.4.2.1.4: Evidence extraction (result 3)": 9.881089687347412,
    "Step 3.3.2.1.4: Evidence extraction (result 1)": 18.934335947036743,
    "Step 3.3.2.1.4: Evidence extraction (result 3)": 18.932684659957886,
    "Step 3.4.2.1.4: Evidence extraction (result 2)": 18.87589716911316,
    "Step 3.5.2.1.4: Evidence extraction (result 2)": 7.615824937820435,
    "Step 3.4.2.1.4: Evidence extraction (result 1)": 18.93169403076172,
    "Step 3.4.2: Search execution for claim 4 query 1": 29.734596014022827,
    "Step 3.5.2.1.4: Evidence extraction (result 1)": 7.7510950565338135,
    "Step 3.5.2.1.4: Evidence extraction (result 3)": 7.835792064666748,
    "Step 3.5.2: Search execution for claim 5 query 1": 30.32495379447937,
    "Step 3.3.2.2.4: Evidence extraction (result 3)": 8.203374147415161,
    "Step 3.3.2.2.4: Evidence extraction (result 2)": 8.34843373298645,
    "Step 3.3.2.1.4: Evidence extraction (result 2)": 20.921650171279907,
    "Step 3.3.2: Search execution for claim 3 query 1": 31.865777254104614,
    "Step 3.3.2.2.4: Evidence extraction (result 1)": 10.983282089233398,
    "Step 3.3.2.2.4: Evidence extraction (result 4)": 11.343449831008911,
    "Step 3.3.2: Search execution for claim 3 query 2": 34.12776803970337,
    "Step 3.1.2.2.3: Content fetching (result 3)": 31.810822010040283,
    "Step 3.1.2.2.3: Content fetching (result 4)": 31.817271947860718,
    "Step 3.1.2.2.3: Content fetching (result 5)": 30.92574191093445,
    "Step 3.1.2.2.3: Content fetching (result 2)": 30.776777267456055,
    "Step 3.1.2.2.3: Content fetching (result 1)": 30.44900107383728,
    "Step 3.4.2.2.3: Content fetching (result 1)": 26.1822988986969,
    "Step 3.4.2.2.3: Content fetching (result 2)": 26.35557508468628,
    "Step 3.4.2.2.3: Content fetching (result 3)": 26.18648076057434,
    "Step 3.1.2.2.4: Evidence extraction (result 1)": 1.8923180103302002,
    "Step 3.1.2.2.4: Evidence extraction (result 5)": 2.1478772163391113,