{
  "timing": {
    "total_seconds": 83.13644790649414,
    "Step 1: Transcript extraction": 0.8347988128662109,
    "Step 2: Claim extraction": 6.556305885314941,
    "Step 3.5.1: Query generation for claim 5": 1.778313159942627,
    "Step 3.2.1: Query generation for claim 2": 2.394706964492798,
    "Step 3.1.1: Query generation for claim 1": 2.5165271759033203,
    "Step 3.4.1: Query generation for claim 4": 2.5149388313293457,
    "Step 3.5.2.2.1.1: Google Search API (batch 1)": 0.7880830764770508,
    "Step 3.5.2.1.1.1: Google Search API (batch 1)": 0.8325209617614746,
    "Step 3.3.1: Query generation for claim 3": 2.704361915588379,
    "Step 3.1.2.1.1.1: Google Search API (batch 1)": 0.9829390048980713,
    "Step 3.4.2.1.1.1: Google Search API (batch 1)": 1.0253303050994873,
    "Step 3.3.2.2.1.1: Google Search API (batch 1)": 0.893841028213501,
    "Step 3.2.2.1.1.1: Google Search API (batch 1)": 1.219174861907959,
    "Step 3.4.2.2.1.1: Google Search API (batch 1)": 1.0188789367675781,
    "Step 3.2.2.2.1.1: Google Search API (batch 1)": 1.207524061203003,
    "Step 3.1.2.2.1.1: Google Search API (batch 1)": 1.1273689270019531,
    "Step 3.3.2.1.1.1: Google Search API (batch 1)": 1.2829899787902832,
    "Step 3.5.2.2.2: Reliability assessment (result 1)": 0.30907201766967773,
    "Step 3.5.2.2.2: Reliability assessment (result 5)": 0.30919718742370605,
    "Step 3.4.2.1.2: Reliability assessment (result 3)": 0.3455469608306885,
    "Step 3.4.2.1.2: Reliability assessment (result 4)": 0.34567713737487793,
    "Step 3.5.2.2.2: Reliability assessment (result 4)": 0.6547660827636719,
    "Step 3.5.2.2.2: Reliability assessment (result 2)": 0.654900074005127,
    "Step 3.4.2.1.2: Reliability assessment (result 1)": 0.3459620475769043,
    "Step 3.4.2.1.2: Reliability assessment (result 2)": 0.34598588943481445,
    "Step 3.4.2.1.2: Reliability assessment (result 5)": 0.34598302841186523,
    "Step 3.1.2.2.2: Reliability assessment (result 6)": 0.001149892807006836,
    "Step 3.1.2.2.2: Reliability assessment (result 1)": 0.5244641304016113,
    "Step 3.1.2.2.2: Reliability assessment (result 4)": 0.5246281623840332,
    "Step 3.1.2.2.2: Reliability assessment (result 5)": 0.5267317295074463,
    "Step 3.1.2.2.2: Reliability assessment (result 3)": 0.5268599987030029,
    "Step 3.1.2.2.2: Reliability assessment (result 2)": 0.5270452499389648,
    "Step 3.5.2.2.2: Reliability assessment (result 3)": 1.1814148426055908,
    "Step 3.2.2.2.2: Reliability assessment (result 2)": 0.3361320495605469,
    "Step 3.2.2.2.2: Reliability assessment (result 5)": 0.3361930847167969,
    "Step 3.2.2.2.2: Reliability assessment (result 3)": 0.4802098274230957,
    "Step 3.2.2.2.2: Reliability assessment (result 1)": 0.8491761684417725,
    "Step 3.2.2.2.2: Reliability assessment (result 4)": 0.8491899967193604,
    "Step 3.3.2.2.1.2: Google Search API (batch 2)": 1.1366562843322754,
    "Step 3.2.2.2.2: Reliability assessment (result 6)": 1.3015618324279785,
    "Step 3.1.2.1.2: Reliability assessment (result 1)": 2.709261894226074,
    "Step 3.1.2.1.2: Reliability assessment (result 2)": 3.558706045150757,
    "Step 3.1.2.1.2: Reliability assessment (result 3)": 3.558831214904785,
    "Step 3.1.2.1.2: Reliability assessment (result 4)": 4.402614116668701,
    "Step 3.1.2.1.2: Reliability assessment (result 5)": 4.403067111968994,
    "Step 3.2.2.2.3: Content fetching (result 2)": 4.971462249755859,
    "Step 3.2.2.2.3: Content fetching (result 5)": 5.496095895767212,
    "Step 3.2.2.2.3: Content fetching (result 3)": 7.724748134613037,
    "Step 3.2.2.2.3: Content fetching (result 1)": 7.961798191070557,
    "Step 3.4.2.1.3: Content fetching (result 3)": 12.828212976455688,
    "Step 3.4.2.1.3: Content fetching (result 4)": 12.8300940990448,
    "Step 3.3.2.1.2: Reliability assessment (result 2)": 10.604238033294678,
    "Step 3.4.2.1.3: Content fetching (result 1)": 12.831720113754272,
    "Step 3.4.2.1.3: Content fetching (result 2)": 12.833938121795654,
    "Step 3.3.2.1.2: Reliability assessment (result 5)": 10.608248949050903,
    "Step 3.4.2.1.3: Content fetching (result 5)": 12.836615085601807,
    "Step 3.2.2.2.3: Content fetching (result 6)": 11.27009105682373,
    "Step 3.3.2.1.2: Reliability assessment (result 3)": 11.229726076126099,
    "Step 3.3.2.1.2: Reliability assessment (result 4)": 11.250018119812012,
    "Step 3.4.2.2.2: Reliability assessment (result 1)": 10.444756984710693,
    "Step 3.4.2.2.2: Reliability assessment (result 4)": 10.510658025741577,
    "Step 3.4.2.2.2: Reliability assessment (result 2)": 10.641528129577637,
    "Step 3.3.2.1.2: Reliability assessment (result 6)": 11.828874111175537,
    "Step 3.2.2.1.2: Reliability assessment (result 3)": 10.643569946289062,
    "Step 3.2.2.2.3: Content fetching (result 4)": 12.742094039916992,
    "Step 3.2.2.1.2: Reliability assessment (result 5)": 10.703593969345093,
    "Step 3.3.2.1.2: Reliability assessment (result 1)": 11.914252996444702,
    "Step 3.4.2.2.2: Reliability assessment (result 3)": 10.93106484413147,
    "Step 3.4.2.2.2: Reliability assessment (result 5)": 11.037256002426147,
    "Step 3.2.2.1.2: Reliability assessment (result 4)": 12.058897972106934,
    "Step 3.2.2.1.2: Reliability assessment (result 2)": 12.059023141860962,
    "Step 3.2.2.1.2: Reliability assessment (result 1)": 12.191015720367432,
    "Step 3.3.2.1.3: Content fetching (result 2)": 4.993005990982056,
    "Step 3.3.2.1.3: Content fetching (result 5)": 4.991110324859619,
    "Step 3.1.2.1.3: Content fetching (result 1)": 15.868556022644043,
    "Step 3.1.2.1.3: Content fetching (result 2)": 15.024578094482422,
    "Step 3.1.2.1.3: Content fetching (result 3)": 15.027278184890747,
    "Step 3.1.2.1.3: Content fetching (result 4)": 14.185986042022705,
    "Step 3.1.2.1.3: Content fetching (result 5)": 14.189148902893066,
    "Step 3.5.2.2.3: Content fetching (result 1)": 20.007038116455078,
    "Step 3.1.2.2.3: Content fetching (result 1)": 20.29588294029236,
    "Step 3.2.2.1.3: Content fetching (result 3)": 6.834199905395508,
    "Step 3.2.2.1.3: Content fetching (result 5)": 6.777853012084961,
    "Step 3.5.2.2.3: Content fetching (result 5)": 26.106345176696777,
    "Step 3.5.2.2.3: Content fetching (result 2)": 25.762814044952393,
    "Step 3.5.2.2.3: Content fetching (result 4)": 25.76476287841797,
    "Step 3.5.2.2.3: Content fetching (result 3)": 25.240000009536743,
    "Step 3.5.2.1.2: Reliability assessment (result 1)": 9.659151792526245,
    "Step 3.3.2.1.3: Content fetching (result 3)": 12.984103918075562,
    "Step 3.3.2.1.3: Content fetching (result 4)": 12.966048002243042,
    "Step 3.3.2.1.3: Content fetching (result 6)": 12.389017820358276,
    "Step 3.3.2.1.3: Content fetching (result 1)": 12.305694818496704,
    "Step 3.5.2.1.2: Reliability assessment (result 4)": 10.403550148010254,
    "Step 3.5.2.1.2: Reliability assessment (result 3)": 10.895891904830933,
    "Step 3.1.2.2.3: Content fetching (result 6)": 27.854204893112183,
    "Step 3.1.2.2.3: Content fetching (result 4)": 27.343610048294067,
    "Step 3.1.2.2.3: Content fetching (result 5)": 27.346450328826904,
    "Step 3.1.2.2.3: Content fetching (result 3)": 27.348675966262817,
    "Step 3.1.2.2.3: Content fetching (result 2)": 27.35109281539917,
    "Step 3.5.2.1.2: Reliability assessment (result 2)": 11.222795963287354,
    "Step 3.2.2.1.3: Content fetching (result 4)": 12.563962936401367,
    "Step 3.2.2.1.3: Content fetching (result 2)": 12.565524101257324,
    "Step 3.2.2.1.3: Content fetching (result 1)": 12.435611009597778,
    "Step 3.4.2.1.4: Evidence extraction (result 2)": 15.987920999526978,
    "Step 3.2.2.2.4: Evidence extraction (result 4)": 14.971765995025635,
    "Step 3.1.2.1.4: Evidence extraction (result 5)": 9.653662919998169,
    "Step 3.4.2.1.4: Evidence extraction (result 4)": 16.491225719451904,
    "Step 3.1.2.1.4: Evidence extraction (result 3)": 10.04035472869873,