{
  "timing": {
    "total_seconds": 39.38090181350708,
    "Step 1: Transcript extraction": 5.555929660797119,
    "Step 2: Claim extraction": 8.154232025146484,
    "Step 3.1.1: Query generation for claim 1": 1.7763361930847168,
    "Step 3.1.2.2.1.1: Google Search API (batch 1)": 0.6661350727081299,
    "Step 3.1.2.1.1.1: Google Search API (batch 1)": 0.8042721748352051,
    "Step 3.1.2.2.2: Reliability assessment (result 2)": 0.0004410743713378906,
    "Step 3.1.2.2.2: Reliability assessment (result 3)": 0.0006899833679199219,
    "Step 3.1.2.2.2: Reliability assessment (result 5)": 0.6505053043365479,
    "Step 3.1.2.2.2: Reliability assessment (result 4)": 0.6507809162139893,
    "Step 3.1.2.1.2: Reliability assessment (result 1)": 0.0008819103240966797,
    "Step 3.1.2.1.2: Reliability assessment (result 3)": 0.0011560916900634766,
    "Step 3.1.2.1.2: Reliability assessment (result 4)": 0.0012290477752685547,
    "Step 3.1.2.1.2: Reliability assessment (result 6)": 0.0013492107391357422,
    "Step 3.1.2.2.2: Reliability assessment (result 6)": 0.6598808765411377,
    "Step 3.1.2.2.2: Reliability assessment (result 1)": 1.0168161392211914,
    "Step 3.1.2.1.2: Reliability assessment (result 2)": 1.2041151523590088,
    "Step 3.1.2.1.2: Reliability assessment (result 5)": 1.2082109451293945,
    "Step 3.1.2.2.3: Content fetching (result 2)": 8.446784019470215,
    "Step 3.1.2.2.3: Content fetching (result 3)": 8.449267148971558,
    "Step 3.1.2.2.3: Content fetching (result 5)": 7.800802230834961,
    "Step 3.1.2.2.3: Content fetching (result 4)": 7.802438974380493,
    "Step 3.1.2.2.3: Content fetching (result 6)": 7.7952282428741455,
    "Step 3.1.2.2.3: Content fetching (result 1)": 7.440706968307495,
    "Step 3.1.2.2.4: Evidence extraction (result 4)": 2.127636194229126,
    "Step 3.1.2.2.4: Evidence extraction (result 1)": 2.2812979221343994,
    "Step 3.1.2.2.4: Evidence extraction (result 5)": 2.36575984954834,
    "Step 3.1.2.2.4: Evidence extraction (result 2)": 2.4745516777038574,
    "Step 3.1.2.2.4: Evidence extraction (result 3)": 2.641386032104492,
    "Step 3.1.2.1.3: Content fetching (result 1)": 10.47007417678833,
    "Step 3.1.2.1.3: Content fetching (result 3)": 10.475530862808228,
    "Step 3.1.2.1.3: Content fetching (result 4)": 10.477570056915283,
    "Step 3.1.2.1.3: Content fetching (result 6)": 10.479265213012695,
    "Step 3.1.2.1.3: Content fetching (result 2)": 9.274816036224365,
    "Step 3.1.2.1.3: Content fetching (result 5)": 9.276648044586182,
    "Step 3.1.2.2.4: Evidence extraction (result 6)": 2.9907450675964355,
    "Step 3.1.2: Search execution for claim 1 query 2": 17.19203209877014,
    "Step 3.1.2.1.4: Evidence extraction (result 3)": 4.036772727966309,
    "Step 3.1.2.1.4: Evidence extraction (result 1)": 4.086521863937378,
    "Step 3.1.2.1.4: Evidence extraction (result 6)": 4.13628077507019,
    "Step 3.1.2.1.4: Evidence extraction (result 2)": 4.1398210525512695,
    "Step 3.1.2.1.4: Evidence extraction (result 4)": 4.769691705703735,
    "Step 3.1.2.1.4: Evidence extraction (result 5)": 4.765218019485474,
    "Step 3.1.2: Search execution for claim 1 query 1": 21.737162113189697,
    "Step 3.1.3: Verdict generation for claim 1": 1.9838178157806396,
    "Step 3: Query generation + search + verdicts for all claims (PARALLEL)": 25.49880313873291,
    "Step 4: Sort and assemble final output": 0.0002849102020263672
  },
  "llm": {
    "total_calls": 15,
    "total_cost_usd": 0.0032826,
    "total_latency_seconds": 51.62
  },
  "claims_extracted": 1,
  "success": true,
  "error": null
}
