{
  "timing": {
    "total_seconds": 60.65477681159973,
    "Step 1: Transcript extraction": 1.2443530559539795,
    "Step 2: Claim extraction": 7.002018690109253,
    "Step 3.4.1: Query generation for claim 4": 1.7108922004699707,
    "Step 3.1.1: Query generation for claim 1": 1.8277900218963623,
    "Step 3.6.1: Query generation for claim 6": 1.972078800201416,
    "Step 3.7.1: Query generation for claim 7": 2.1649720668792725,
    "Step 3.2.1: Query generation for claim 2": 2.409653425216675,
    "Step 3.3.1: Query generation for claim 3": 2.5098962783813477,
    "Step 3.5.1: Query generation for claim 5": 2.5957260131835938,
    "Step 3.4.2.2.1.1: Google Search API (batch 1)": 0.8709728717803955,
    "Step 3.4.2.1.1.1: Google Search API (batch 1)": 1.070141315460205,
    "Step 3.1.2.1.1.1: Google Search API (batch 1)": 1.010572910308838,
    "Step 3.1.2.2.1.1: Google Search API (batch 1)": 0.9988369941711426,
    "Step 3.7.2.2.1.1: Google Search API (batch 1)": 0.7517929077148438,
    "Step 3.6.2.2.1.1: Google Search API (batch 1)": 0.9947490692138672,
    "Step 3.6.2.1.1.1: Google Search API (batch 1)": 1.0565969944000244,
    "Step 3.7.2.1.1.1: Google Search API (batch 1)": 0.8710510730743408,
    "Step 3.2.2.2.1.1: Google Search API (batch 1)": 0.8197369575500488,
    "Step 3.2.2.1.1.1: Google Search API (batch 1)": 0.8946261405944824,
    "Step 3.3.2.1.1.1: Google Search API (batch 1)": 0.8571462631225586,
    "Step 3.5.2.1.1.1: Google Search API (batch 1)": 0.8384921550750732,
    "Step 3.3.2.2.1.1: Google Search API (batch 1)": 0.9539649486541748,
    "Step 3.5.2.2.1.1: Google Search API (batch 1)": 0.8700532913208008,
    "Step 3.6.2.1.2: Reliability assessment (result 1)": 0.00047516822814941406,
    "Step 3.6.2.1.2: Reliability assessment (result 2)": 0.0005199909210205078,
    "Step 3.5.2.1.2: Reliability assessment (result 1)": 0.0002300739288330078,
    "Step 3.5.2.1.2: Reliability assessment (result 2)": 0.0002841949462890625,
    "Step 3.5.2.1.2: Reliability assessment (result 3)": 0.0004210472106933594,
    "Step 3.6.2.1.2: Reliability assessment (result 3)": 0.7110319137573242,
    "Step 3.5.2.2.2: Reliability assessment (result 1)": 0.34021568298339844,
    "Step 3.5.2.2.2: Reliability assessment (result 2)": 0.3402442932128906,
    "Step 3.5.2.2.2: Reliability assessment (result 3)": 0.3402698040008545,
    "Step 3.6.2.2.2: Reliability assessment (result 2)": 0.0012290477752685547,
    "Step 3.6.2.2.2: Reliability assessment (result 5)": 0.0015730857849121094,
    "Step 3.6.2.2.2: Reliability assessment (result 1)": 0.273374080657959,
    "Step 3.6.2.2.2: Reliability assessment (result 4)": 0.27643609046936035,
    "Step 3.6.2.2.2: Reliability assessment (result 3)": 1.0793797969818115,
    "Step 3.1.2.2.1.2: Google Search API (batch 2)": 0.9942917823791504,
    "Step 3.7.2.1.1.2: Google Search API (batch 2)": 0.7493071556091309,
    "Step 3.3.2.2.1.2: Google Search API (batch 2)": 0.6295340061187744,
    "Step 3.7.2.2.2: Reliability assessment (result 2)": 1.303528070449829,
    "Step 3.7.2.2.2: Reliability assessment (result 1)": 1.303907871246338,
    "Step 3.7.2.2.2: Reliability assessment (result 3)": 1.695932149887085,
    "Step 3.3.2.1.1.2: Google Search API (batch 2)": 1.0551230907440186,
    "Step 3.5.2.2.3: Content fetching (result 1)": 3.6407458782196045,
    "Step 3.5.2.2.3: Content fetching (result 2)": 3.6430299282073975,
    "Step 3.5.2.2.3: Content fetching (result 3)": 3.6448521614074707,
    "Step 3.2.2.2.2: Reliability assessment (result 3)": 2.211611032485962,
    "Step 3.2.2.2.2: Reliability assessment (result 2)": 2.608773946762085,
    "Step 3.2.2.2.2: Reliability assessment (result 1)": 2.635784149169922,
    "Step 3.2.2.1.2: Reliability assessment (result 1)": 2.2820229530334473,
    "Step 3.5.2.1.3: Content fetching (result 1)": 5.596671104431152,
    "Step 3.5.2.1.3: Content fetching (result 2)": 5.610722064971924,
    "Step 3.2.2.1.2: Reliability assessment (result 4)": 2.434337854385376,
    "Step 3.5.2.1.3: Content fetching (result 3)": 5.622785806655884,
    "Step 3.2.2.2.2: Reliability assessment (result 5)": 3.126521110534668,
    "Step 3.2.2.2.2: Reliability assessment (result 4)": 3.27514386177063,
    "Step 3.6.2.1.3: Content fetching (result 1)": 6.778994798660278,
    "Step 3.6.2.1.3: Content fetching (result 2)": 6.781812906265259,
    "Step 3.6.2.1.3: Content fetching (result 3)": 6.074720144271851,
    "Step 3.2.2.1.2: Reliability assessment (result 2)": 3.3110971450805664,
    "Step 3.2.2.1.2: Reliability assessment (result 3)": 5.501430034637451,
    "Step 3.5.2.2.4: Evidence extraction (result 1)": 5.381746053695679,
    "Step 3.5.2.2.4: Evidence extraction (result 3)": 5.643844842910767,
    "Step 3.5.2.2.4: Evidence extraction (result 2)": 5.701690196990967,
    "Step 3.5.2: Search execution for claim 5 query 2": 12.492643117904663,
    "Step 3.7.2.2.3: Content fetching (result 2)": 7.966287851333618,
    "Step 3.7.2.2.3: Content fetching (result 1)": 7.96872615814209,
    "Step 3.7.2.2.3: Content fetching (result 3)": 7.579097032546997,
    "Step 3.4.2.1.2: Reliability assessment (result 1)": 4.30413818359375,
    "Step 3.4.2.1.2: Reliability assessment (result 2)": 4.461053848266602,
    "Step 3.5.2.1.4: Evidence extraction (result 2)": 6.9705469608306885,
    "Step 3.4.2.1.2: Reliability assessment (result 4)": 5.478344917297363,
    "Step 3.4.2.1.2: Reliability assessment (result 3)": 5.489351987838745,
    "Step 3.5.2.1.4: Evidence extraction (result 3)": 7.1013171672821045,
    "Step 3.5.2.1.4: Evidence extraction (result 1)": 7.501868963241577,
    "Step 3.5.2: Search execution for claim 5 query 1": 15.5693359375,
    "Step 3.7.2.2.4: Evidence extraction (result 1)": 4.138714075088501,
    "Step 3.7.2.2.4: Evidence extraction (result 3)": 4.1518471240997314,
    "Step 3.6.2.1.4: Evidence extraction (result 1)": 10.341392040252686,
    "Step 3.7.2.2.4: Evidence extraction (result 2)": 6.1962950229644775,
    "Step 3.7.2: Search execution for claim 7 query 2": 19.816165685653687,
    "Step 3.6.2.1.4: Evidence extraction (result 2)": 10.822121143341064,
    "Step 3.6.2.1.4: Evidence extraction (result 3)": 12.018190145492554,
    "Step 3.6.2: Search execution for claim 6 query 1": 21.616619110107422,
    "Step 3.2.2.1.3: Content fetching (result 1)": 17.723198175430298,
    "Step 3.2.2.1.3: Content fetching (result 4)": 17.93209481239319,
    "Step 3.2.2.1.3: Content fetching (result 3)": 14.865946769714355,
    "Step 3.2.2.1.3: Content fetching (result 2)": 17.057231664657593,
    "Step 3.4.2.2.2: Reliability assessment (result 1)": 7.501434803009033,
    "Step 3.4.2.2.2: Reliability assessment (result 2)": 8.39989185333252,
    "Step 3.4.2.2.2: Reliability assessment (result 4)": 8.796401977539062,
    "Step 3.1.2.1.2: Reliability assessment (result 2)": 1.993786096572876,
    "Step 3.1.2.1.2: Reliability assessment (result 1)": 2.31472110748291,
    "Step 3.2.2.2.3: Content fetching (result 3)": 21.100388050079346,
    "Step 3.2.2.2.3: Content fetching (result 2)": 20.709572076797485,
    "Step 3.2.2.2.3: Content fetching (result 1)": 20.683778762817383,
    "Step 3.2.2.2.3: Content fetching (result 5)": 20.196762084960938,
    "Step 3.2.2.2.3: Content fetching (result 4)": 20.050752878189087,
    "Step 3.1.2.1.2: Reliability assessment (result 3)": 2.793060064315796,
    "Step 3.4.2.1.3: Content fetching (result 1)": 15.721487998962402,
    "Step 3.1.2.2.2: Reliability assessment (result 1)": 0.3996438980102539,
    "Step 3.1.2.2.2: Reliability assessment (result 2)": 0.39965105056762695,
    "Step 3.4.2.1.3: Content fetching (result 2)": 15.56646203994751,
    "Step 3.4.2.1.3: Content fetching (result 4)": 14.550589799880981,
    "Step 3.4.2.1.3: Content fetching (result 3)": 14.541434049606323,
    "Step 3.7.2.1.2: Reliability assessment (result 1)": 0.9307408332824707,
    "Step 3.1.2.2.2: Reliability assessment (result 6)": 1.3407468795776367,