{
  "timing": {
    "total_seconds": 19.672306060791016,
    "Step 1: Transcript extraction": 0.9192929267883301,
    "Step 2: Claim extraction": 18.54274296760559
  },
  "claims_extracted": 0,
  "success": true,
  "error": null
}
