{
  "timing": {
    "total_seconds": 84.0209608078003,
    "Step 1: Transcript extraction": 1.1728460788726807,
    "Step 2: Claim extraction": 11.972234964370728,
    "Step 3.5.1: Query generation for claim 5": 2.977853775024414,
    "Step 3.2.1: Query generation for claim 2": 3.0995209217071533,
    "Step 3.3.1: Query generation for claim 3": 3.0990097522735596,
    "Step 3.4.1: Query generation for claim 4": 3.2677102088928223,
    "Step 3.1.1: Query generation for claim 1": 3.8394858837127686,
    "Step 3.4.2.2.1.1: Google Search API (batch 1)": 0.6685972213745117,
    "Step 3.5.2.1.1.1: Google Search API (batch 1)": 1.0204648971557617,
    "Step 3.3.2.1.1.1: Google Search API (batch 1)": 0.8862471580505371,
    "Step 3.4.2.1.1.1: Google Search API (batch 1)": 0.7998900413513184,
    "Step 3.4.2.1.2: Reliability assessment (result 1)": 0.0024008750915527344,
    "Step 3.4.2.1.2: Reliability assessment (result 2)": 0.0023910999298095703,
    "Step 3.2.2.1.1.1: Google Search API (batch 1)": 1.41774320602417,
    "Step 3.4.2.1.2: Reliability assessment (result 3)": 0.002917051315307617,
    "Step 3.4.2.1.2: Reliability assessment (result 4)": 0.0030181407928466797,
    "Step 3.4.2.1.2: Reliability assessment (result 5)": 0.003027200698852539,
    "Step 3.4.2.1.2: Reliability assessment (result 6)": 0.0030298233032226562,
    "Step 3.2.2.2.1.1: Google Search API (batch 1)": 1.3770737648010254,
    "Step 3.5.2.2.1.1: Google Search API (batch 1)": 1.462942361831665,
    "Step 3.3.2.2.1.1: Google Search API (batch 1)": 1.293468952178955,
    "Step 3.3.2.2.2: Reliability assessment (result 1)": 0.001641988754272461,
    "Step 3.3.2.2.2: Reliability assessment (result 2)": 0.0016710758209228516,
    "Step 3.1.2.1.1.1: Google Search API (batch 1)": 0.960273027420044,
    "Step 3.3.2.2.2: Reliability assessment (result 3)": 0.002264261245727539,
    "Step 3.3.2.2.2: Reliability assessment (result 4)": 0.0022683143615722656,
    "Step 3.3.2.2.2: Reliability assessment (result 5)": 0.002279043197631836,
    "Step 3.3.2.2.2: Reliability assessment (result 6)": 0.0022618770599365234,
    "Step 3.1.2.2.1.1: Google Search API (batch 1)": 0.915956974029541,
    "Step 3.4.2.2.2: Reliability assessment (result 1)": 0.00047397613525390625,
    "Step 3.4.2.2.2: Reliability assessment (result 2)": 0.0005331039428710938,
    "Step 3.4.2.2.2: Reliability assessment (result 3)": 0.0006437301635742188,
    "Step 3.4.2.2.2: Reliability assessment (result 4)": 0.0006589889526367188,
    "Step 3.4.2.2.2: Reliability assessment (result 5)": 0.0007088184356689453,
    "Step 3.4.2.2.2: Reliability assessment (result 6)": 0.6220629215240479,
    "Step 3.4.2.1.3: Content fetching (result 1)": 6.050556898117065,
    "Step 3.4.2.1.3: Content fetching (result 2)": 6.404808044433594,
    "Step 3.4.2.1.3: Content fetching (result 6)": 6.404927015304565,
    "Step 3.4.2.1.3: Content fetching (result 3)": 6.405852794647217,
    "Step 3.4.2.1.3: Content fetching (result 5)": 6.406355857849121,
    "Step 3.4.2.1.3: Content fetching (result 4)": 6.4067769050598145,
    "Step 3.3.2.1.2: Reliability assessment (result 1)": 0.003354787826538086,
    "Step 3.3.2.1.2: Reliability assessment (result 2)": 0.003380298614501953,
    "Step 3.3.2.1.2: Reliability assessment (result 3)": 0.003470897674560547,
    "Step 3.3.2.1.2: Reliability assessment (result 4)": 0.0036668777465820312,
    "Step 3.3.2.1.2: Reliability assessment (result 5)": 0.0036842823028564453,
    "Step 3.3.2.2.3: Content fetching (result 1)": 6.8195929527282715,
    "Step 3.3.2.2.3: Content fetching (result 3)": 6.821794033050537,
    "Step 3.3.2.2.3: Content fetching (result 2)": 6.8232340812683105,
    "Step 3.3.2.2.3: Content fetching (result 5)": 6.82437801361084,
    "Step 3.3.2.2.3: Content fetching (result 4)": 6.825030088424683,
    "Step 3.3.2.2.3: Content fetching (result 6)": 6.8254969120025635,
    "Step 3.5.2.1.2: Reliability assessment (result 1)": 0.3569951057434082,
    "Step 3.5.2.1.2: Reliability assessment (result 2)": 0.35722923278808594,
    "Step 3.5.2.1.2: Reliability assessment (result 3)": 0.3574552536010742,
    "Step 3.5.2.1.2: Reliability assessment (result 6)": 0.3574841022491455,
    "Step 3.3.2.1.2: Reliability assessment (result 6)": 0.7442398071289062,
    "Step 3.2.2.2.2: Reliability assessment (result 1)": 0.014664173126220703,
    "Step 3.2.2.2.2: Reliability assessment (result 2)": 0.014819860458374023,
    "Step 3.2.2.2.2: Reliability assessment (result 3)": 0.015018224716186523,
    "Step 3.2.2.2.2: Reliability assessment (result 4)": 0.015055179595947266,
    "Step 3.2.2.2.2: Reliability assessment (result 5)": 0.015069007873535156,
    "Step 3.5.2.1.2: Reliability assessment (result 5)": 0.39393091201782227,
    "Step 3.5.2.1.2: Reliability assessment (result 4)": 0.6266031265258789,
    "Step 3.2.2.2.2: Reliability assessment (result 6)": 0.5988459587097168,
    "Step 3.4.2.2.3: Content fetching (result 1)": 10.013540983200073,
    "Step 3.4.2.2.3: Content fetching (result 2)": 10.015489101409912,
    "Step 3.4.2.2.3: Content fetching (result 3)": 10.01808214187622,
    "Step 3.4.2.2.3: Content fetching (result 4)": 10.020061016082764,
    "Step 3.4.2.2.3: Content fetching (result 5)": 10.025314092636108,
    "Step 3.4.2.2.3: Content fetching (result 6)": 9.767461061477661,
    "Step 3.4.2.1.4: Evidence extraction (result 1)": 7.966987133026123,
    "Step 3.4.2.1.4: Evidence extraction (result 5)": 7.993056058883667,
    "Step 3.4.2.1.4: Evidence extraction (result 4)": 8.845932960510254,
    "Step 3.4.2.1.4: Evidence extraction (result 2)": 13.190110921859741,
    "Step 3.3.2.2.4: Evidence extraction (result 3)": 12.481709003448486,
    "Step 3.3.2.1.3: Content fetching (result 1)": 13.299102067947388,
    "Step 3.3.2.1.3: Content fetching (result 4)": 13.401786088943481,
    "Step 3.5.2.2.2: Reliability assessment (result 1)": 8.60342812538147,
    "Step 3.5.2.2.2: Reliability assessment (result 2)": 8.60346007347107,
    "Step 3.3.2.1.3: Content fetching (result 3)": 13.527268886566162,
    "Step 3.5.2.2.2: Reliability assessment (result 4)": 8.726906776428223,
    "Step 3.5.2.2.2: Reliability assessment (result 5)": 8.726962804794312,
    "Step 3.3.2.1.3: Content fetching (result 2)": 13.66103482246399,
    "Step 3.3.2.1.3: Content fetching (result 5)": 14.061906099319458,
    "Step 3.3.2.1.3: Content fetching (result 6)": 13.32219123840332,
    "Step 3.4.2.1.4: Evidence extraction (result 3)": 14.066824913024902,
    "Step 3.3.2.2.4: Evidence extraction (result 5)": 16.274458169937134,
    "Step 3.4.2.1.4: Evidence extraction (result 6)": 17.156765937805176,
    "Step 3.4.2: Search execution for claim 4 query 1": 24.970105171203613,
    "Step 3.3.2.2.4: Evidence extraction (result 6)": 16.545992136001587,
    "Step 3.5.2.2.3: Content fetching (result 1)": 3.9170119762420654,
    "Step 3.5.2.2.3: Content fetching (result 2)": 3.9186623096466064,
    "Step 3.5.2.2.3: Content fetching (result 4)": 3.7978599071502686,
    "Step 3.1.2.1.2: Reliability assessment (result 1)": 3.264307975769043,
    "Step 3.1.2.1.2: Reliability assessment (result 2)": 3.2643473148345947,
    "Step 3.1.2.1.2: Reliability assessment (result 3)": 3.264357805252075,
    "Step 3.4.2.2.4: Evidence extraction (result 1)": 12.99981427192688,
    "Step 3.4.2.2.4: Evidence extraction (result 2)": 13.01055121421814,
    "Step 3.3.2.2.4: Evidence extraction (result 2)": 16.93388795852661,
    "Step 3.5.2.2.3: Content fetching (result 5)": 4.197192907333374,
    "Step 3.1.2.1.2: Reliability assessment (result 5)": 3.6636672019958496,
    "Step 3.3.2.2.4: Evidence extraction (result 4)": 17.225331783294678,
    "Step 3.3.2.2.4: Evidence extraction (result 1)": 18.050067901611328,
    "Step 3.3.2: Search execution for claim 3 query 2": 26.644035816192627,
    "Step 3.5.2.2.2: Reliability assessment (result 6)": 14.2240629196167,
    "Step 3.3.2.1.4: Evidence extraction (result 5)": 5.132373094558716,