{
  "timing": {
    "total_seconds": 58.17725491523743,
    "Step 1: Transcript extraction": 1.2250690460205078,
    "Step 2: Claim extraction": 14.21231198310852,
    "Step 3.1.1: Query generation for claim 1": 2.6576850414276123,
    "Step 3.1.2.2.1.1: Google Search API (batch 1)": 1.8595316410064697,
    "Step 3.1.2.1.1.1: Google Search API (batch 1)": 1.9944109916687012,
    "Step 3.1.2.2.2: Reliability assessment (result 1)": 0.0005848407745361328,
    "Step 3.1.2.2.2: Reliability assessment (result 2)": 0.0007600784301757812,
    "Step 3.1.2.2.2: Reliability assessment (result 3)": 0.0008299350738525391,
    "Step 3.1.2.2.2: Reliability assessment (result 5)": 0.7346460819244385,
    "Step 3.1.2.2.2: Reliability assessment (result 4)": 1.141895055770874,
    "Step 3.1.2.2.2: Reliability assessment (result 6)": 1.1421990394592285,
    "Step 3.1.2.1.2: Reliability assessment (result 1)": 0.0004329681396484375,
    "Step 3.1.2.1.2: Reliability assessment (result 2)": 0.0006678104400634766,
    "Step 3.1.2.1.2: Reliability assessment (result 3)": 1.1577022075653076,
    "Step 3.1.2.1.2: Reliability assessment (result 4)": 4.421769142150879,
    "Step 3.1.2.1.3: Content fetching (result 1)": 10.29850697517395,
    "Step 3.1.2.1.3: Content fetching (result 2)": 10.586724996566772,
    "Step 3.1.2.1.3: Content fetching (result 3)": 9.433490991592407,
    "Step 3.1.2.1.3: Content fetching (result 4)": 6.171418190002441,
    "Step 3.1.2.2.3: Content fetching (result 1)": 22.793061017990112,
    "Step 3.1.2.2.3: Content fetching (result 2)": 22.794631958007812,
    "Step 3.1.2.2.3: Content fetching (result 3)": 22.79644203186035,
    "Step 3.1.2.2.3: Content fetching (result 5)": 22.0643310546875,
    "Step 3.1.2.2.3: Content fetching (result 4)": 21.659198999404907,
    "Step 3.1.2.2.3: Content fetching (result 6)": 21.66102123260498,
    "Step 3.1.2.1.4: Evidence extraction (result 2)": 2.5930469036102295,
    "Step 3.1.2.1.4: Evidence extraction (result 1)": 2.993636131286621,
    "Step 3.1.2.1.4: Evidence extraction (result 3)": 2.8086421489715576,
    "Step 3.1.2.1.4: Evidence extraction (result 4)": 4.690883159637451,
    "Step 3.1.2: Search execution for claim 1 query 1": 34.03689479827881,
    "Step 3.1.2.2.4: Evidence extraction (result 6)": 4.636241912841797,
    "Step 3.1.2.2.4: Evidence extraction (result 5)": 4.644625902175903,
    "Step 3.1.2.2.4: Evidence extraction (result 4)": 4.7745361328125,
    "Step 3.1.2.2.4: Evidence extraction (result 3)": 5.114534139633179,
    "Step 3.1.2.2.4: Evidence extraction (result 2)": 5.168709993362427,
    "Step 3.1.2.2.4: Evidence extraction (result 1)": 5.28708815574646,
    "Step 3.1.2: Search execution for claim 1 query 2": 36.93707799911499,
    "Step 3.1.3: Verdict generation for claim 1": 2.8257243633270264,
    "Step 3: Query generation + search + verdicts for all claims (PARALLEL)": 42.498152017593384,
    "Step 4: Sort and assemble final output": 0.0008041858673095703
  },
  "llm": {
    "total_calls": 13,
    "total_cost_usd": 0.00313005,
    "total_latency_seconds": 60.49
  },
  "claims_extracted": 1,
  "success": true,
  "error": null
}
