{
  "timing": {
    "total_seconds": 71.70734405517578,
    "Step 1: Transcript extraction": 1.0119407176971436,
    "Step 2: Claim extraction": 11.447155952453613,
    "Step 3.1.1: Query generation for claim 1": 2.2867591381073,
    "Step 3.4.1: Query generation for claim 4": 2.4460208415985107,
    "Step 3.5.1: Query generation for claim 5": 2.603729248046875,
    "Step 3.3.1: Query generation for claim 3": 2.977750778198242,
    "Step 3.1.2.1.1.1: Google Search API (batch 1)": 0.8476710319519043,
    "Step 3.4.2.2.1.1: Google Search API (batch 1)": 0.6683299541473389,
    "Step 3.1.2.2.1.1: Google Search API (batch 1)": 0.8397011756896973,
    "Step 3.5.2.2.1.1: Google Search API (batch 1)": 0.7077221870422363,
    "Step 3.4.2.1.1.1: Google Search API (batch 1)": 0.9674358367919922,
    "Step 3.5.2.1.1.1: Google Search API (batch 1)": 0.8687639236450195,
    "Step 3.3.2.2.1.1: Google Search API (batch 1)": 0.8242151737213135,
    "Step 3.3.2.1.1.1: Google Search API (batch 1)": 1.0018789768218994,
    "Step 3.2.1: Query generation for claim 2": 4.949670076370239,
    "Step 3.2.2.1.1.1: Google Search API (batch 1)": 0.9042129516601562,
    "Step 3.2.2.2.1.1: Google Search API (batch 1)": 0.8692278861999512,
    "Step 3.1.2.1.2: Reliability assessment (result 3)": 0.0005142688751220703,
    "Step 3.1.2.1.2: Reliability assessment (result 4)": 0.0005660057067871094,
    "Step 3.1.2.1.2: Reliability assessment (result 5)": 0.0005881786346435547,
    "Step 3.1.2.1.2: Reliability assessment (result 6)": 0.3201758861541748,
    "Step 3.1.2.1.2: Reliability assessment (result 1)": 0.32036590576171875,
    "Step 3.4.2.1.2: Reliability assessment (result 2)": 0.0005979537963867188,
    "Step 3.4.2.1.2: Reliability assessment (result 4)": 0.0011241436004638672,
    "Step 3.4.2.1.2: Reliability assessment (result 6)": 0.0011768341064453125,
    "Step 3.1.2.1.2: Reliability assessment (result 2)": 0.8781991004943848,
    "Step 3.4.2.1.2: Reliability assessment (result 5)": 0.9032261371612549,
    "Step 3.1.2.2.2: Reliability assessment (result 3)": 0.5800161361694336,
    "Step 3.1.2.2.2: Reliability assessment (result 5)": 0.580035924911499,
    "Step 3.1.2.2.2: Reliability assessment (result 1)": 0.580103874206543,
    "Step 3.4.2.1.2: Reliability assessment (result 3)": 0.9034020900726318,
    "Step 3.4.2.1.2: Reliability assessment (result 1)": 0.903494119644165,
    "Step 3.1.2.2.2: Reliability assessment (result 4)": 0.6750190258026123,
    "Step 3.1.2.2.2: Reliability assessment (result 6)": 0.7156639099121094,
    "Step 3.4.2.2.2: Reliability assessment (result 2)": 0.1359248161315918,
    "Step 3.1.2.2.2: Reliability assessment (result 2)": 1.1189210414886475,
    "Step 3.4.2.2.2: Reliability assessment (result 4)": 0.609818696975708,
    "Step 3.4.2.2.2: Reliability assessment (result 1)": 0.9580590724945068,
    "Step 3.4.2.2.2: Reliability assessment (result 3)": 1.0527968406677246,
    "Step 3.4.2.2.2: Reliability assessment (result 5)": 1.0738499164581299,
    "Step 3.4.2.2.2: Reliability assessment (result 6)": 1.2662060260772705,
    "Step 3.4.2.1.3: Content fetching (result 2)": 8.586994171142578,
    "Step 3.4.2.1.3: Content fetching (result 4)": 8.59639024734497,
    "Step 3.4.2.1.3: Content fetching (result 6)": 8.598249912261963,
    "Step 3.4.2.1.3: Content fetching (result 5)": 7.698271036148071,
    "Step 3.4.2.1.3: Content fetching (result 3)": 7.700146913528442,
    "Step 3.4.2.1.3: Content fetching (result 1)": 7.701843976974487,
    "Step 3.1.2.1.3: Content fetching (result 3)": 9.776239156723022,
    "Step 3.1.2.1.3: Content fetching (result 4)": 9.780019998550415,
    "Step 3.1.2.1.3: Content fetching (result 5)": 9.78248906135559,
    "Step 3.1.2.1.3: Content fetching (result 6)": 9.464529037475586,
    "Step 3.1.2.1.3: Content fetching (result 1)": 9.46623420715332,
    "Step 3.1.2.1.3: Content fetching (result 2)": 8.910315990447998,
    "Step 3.5.2.2.2: Reliability assessment (result 4)": 0.5067391395568848,
    "Step 3.5.2.2.2: Reliability assessment (result 1)": 1.0275239944458008,
    "Step 3.5.2.1.2: Reliability assessment (result 1)": 0.6568429470062256,
    "Step 3.5.2.1.2: Reliability assessment (result 2)": 0.6568470001220703,
    "Step 3.5.2.2.2: Reliability assessment (result 2)": 1.4629991054534912,
    "Step 3.5.2.2.2: Reliability assessment (result 3)": 1.4712367057800293,
    "Step 3.5.2.1.2: Reliability assessment (result 5)": 1.4337422847747803,
    "Step 3.5.2.1.2: Reliability assessment (result 3)": 1.7883250713348389,
    "Step 3.5.2.1.2: Reliability assessment (result 4)": 1.7884159088134766,
    "Step 3.5.2.2.2: Reliability assessment (result 5)": 2.9388790130615234,
    "Step 3.1.2.2.3: Content fetching (result 3)": 11.067566156387329,
    "Step 3.1.2.2.3: Content fetching (result 1)": 11.069904088973999,
    "Step 3.1.2.2.3: Content fetching (result 5)": 11.072137832641602,
    "Step 3.1.2.2.3: Content fetching (result 4)": 10.983580112457275,
    "Step 3.1.2.2.3: Content fetching (result 6)": 10.945117950439453,
    "Step 3.3.2.1.2: Reliability assessment (result 1)": 0.8661730289459229,
    "Step 3.3.2.1.2: Reliability assessment (result 2)": 0.8662080764770508,
    "Step 3.3.2.1.2: Reliability assessment (result 3)": 0.8662211894989014,
    "Step 3.1.2.2.3: Content fetching (result 2)": 10.544049978256226,
    "Step 3.4.2.1.4: Evidence extraction (result 2)": 4.7646379470825195,
    "Step 3.4.2.1.4: Evidence extraction (result 6)": 4.843055963516235,
    "Step 3.3.2.1.3: Content fetching (result 1)": 1.744579792022705,
    "Step 3.4.2.1.4: Evidence extraction (result 3)": 5.77613091468811,
    "Step 3.4.2.1.4: Evidence extraction (result 5)": 5.811610221862793,
    "Step 3.4.2.1.4: Evidence extraction (result 1)": 5.833855867385864,
    "Step 3.4.2.1.4: Evidence extraction (result 4)": 6.3969810009002686,
    "Step 3.4.2: Search execution for claim 4 query 1": 19.41667604446411,
    "Step 3.3.2.1.3: Content fetching (result 2)": 3.693021059036255,
    "Step 3.1.2.1.4: Evidence extraction (result 3)": 6.543539762496948,
    "Step 3.1.2.1.4: Evidence extraction (result 4)": 6.689800262451172,
    "Step 3.4.2.2.3: Content fetching (result 2)": 15.435890913009644,
    "Step 3.4.2.2.3: Content fetching (result 4)": 14.964890956878662,
    "Step 3.3.2.2.2: Reliability assessment (result 1)": 3.438049077987671,
    "Step 3.3.2.2.2: Reliability assessment (result 2)": 3.4380359649658203,
    "Step 3.3.2.2.2: Reliability assessment (result 3)": 3.4380412101745605,
    "Step 3.4.2.2.3: Content fetching (result 1)": 14.619603872299194,
    "Step 3.4.2.2.3: Content fetching (result 3)": 14.527660846710205,
    "Step 3.4.2.2.3: Content fetching (result 5)": 14.509754180908203,
    "Step 3.4.2.2.3: Content fetching (result 6)": 14.320223093032837,
    "Step 3.3.2.1.3: Content fetching (result 3)": 4.799263954162598,
    "Step 3.1.2.1.4: Evidence extraction (result 2)": 7.594844102859497,
    "Step 3.3.2.2.2: Reliability assessment (result 4)": 4.049084186553955,
    "Step 3.3.2.2.2: Reliability assessment (result 5)": 4.127040863037109,
    "Step 3.1.2.1.4: Evidence extraction (result 6)": 8.099704027175903,
    "Step 3.4.2.2.4: Evidence extraction (result 2)": 1.0996761322021484,
    "Step 3.1.2.1.4: Evidence extraction (result 5)": 8.246648073196411,
    "Step 3.3.2.1.4: Evidence extraction (result 3)": 0.9320447444915771,
    "Step 3.1.2.1.4: Evidence extraction (result 1)": 8.540004968643188,
    "Step 3.1.2: Search execution for claim 1 query 1": 22.616101026535034,
    "Step 3.4.2.2.4: Evidence extraction (result 4)": 1.6627757549285889,
    "Step 3.4.2.2.4: Evidence extraction (result 6)": 1.651737928390503,
    "Step 3.4.2.2.4: Evidence extraction (result 3)": 1.780385971069336,
    "Step 3.4.2.2.4: Evidence extraction (result 1)": 1.7955989837646484,
    "Step 3.4.2.2.4: Evidence extraction (result 5)": 2.564383029937744,
    "Step 3.4.2: Search execution for claim 4 query 2": 23.387733936309814,