{
  "timing": {
    "total_seconds": 143.7421269416809,
    "Step 1: Transcript extraction": 0.9779849052429199,
    "Step 2: Claim extraction": 12.052101850509644,
    "Step 3.1.1: Query generation for claim 1": 1.728039026260376,
    "Step 3.5.1: Query generation for claim 5": 2.279911756515503,
    "Step 3.3.1: Query generation for claim 3": 2.4429819583892822,
    "Step 3.2.1: Query generation for claim 2": 2.4448509216308594,
    "Step 3.4.1: Query generation for claim 4": 2.6118061542510986,
    "Step 3.1.2.1.1.1: Google Search API (batch 1)": 0.9061167240142822,
    "Step 3.1.2.2.1.1: Google Search API (batch 1)": 0.86301589012146,
    "Step 3.5.2.2.1.1: Google Search API (batch 1)": 1.0616061687469482,
    "Step 3.4.2.1.1.1: Google Search API (batch 1)": 0.8674602508544922,
    "Step 3.3.2.2.1.1: Google Search API (batch 1)": 1.081697940826416,
    "Step 3.3.2.1.1.1: Google Search API (batch 1)": 1.1295521259307861,
    "Step 3.5.2.1.1.1: Google Search API (batch 1)": 1.2266559600830078,
    "Step 3.2.2.2.1.1: Google Search API (batch 1)": 1.0586020946502686,
    "Step 3.2.2.1.1.1: Google Search API (batch 1)": 1.1698200702667236,
    "Step 3.4.2.2.1.1: Google Search API (batch 1)": 1.1305580139160156,
    "Step 3.2.2.1.2: Reliability assessment (result 1)": 0.3154947757720947,
    "Step 3.2.2.1.2: Reliability assessment (result 2)": 0.3160088062286377,
    "Step 3.2.2.1.2: Reliability assessment (result 3)": 0.3160979747772217,
    "Step 3.2.2.1.2: Reliability assessment (result 4)": 0.31613683700561523,
    "Step 3.2.2.1.2: Reliability assessment (result 5)": 0.3165721893310547,
    "Step 3.2.2.2.2: Reliability assessment (result 1)": 0.0010418891906738281,
    "Step 3.2.2.2.2: Reliability assessment (result 2)": 0.001069784164428711,
    "Step 3.2.2.2.2: Reliability assessment (result 3)": 0.0010869503021240234,
    "Step 3.2.2.2.2: Reliability assessment (result 4)": 0.0013339519500732422,
    "Step 3.2.2.2.2: Reliability assessment (result 5)": 0.8001956939697266,
    "Step 3.1.2.1.2: Reliability assessment (result 3)": 0.0005559921264648438,
    "Step 3.1.2.1.2: Reliability assessment (result 4)": 0.0006718635559082031,
    "Step 3.1.2.1.2: Reliability assessment (result 5)": 0.0006952285766601562,
    "Step 3.1.2.1.2: Reliability assessment (result 6)": 0.0006840229034423828,
    "Step 3.2.2.1.3: Content fetching (result 1)": 2.8878462314605713,
    "Step 3.2.2.1.3: Content fetching (result 2)": 2.889085054397583,
    "Step 3.2.2.1.3: Content fetching (result 5)": 2.8904500007629395,
    "Step 3.2.2.1.3: Content fetching (result 3)": 2.8929970264434814,
    "Step 3.1.2.2.2: Reliability assessment (result 5)": 1.2616970539093018,
    "Step 3.2.2.1.3: Content fetching (result 4)": 2.894656181335449,
    "Step 3.5.2.1.2: Reliability assessment (result 1)": 0.29102516174316406,
    "Step 3.1.2.1.2: Reliability assessment (result 1)": 1.7306559085845947,
    "Step 3.1.2.1.2: Reliability assessment (result 2)": 1.752079963684082,
    "Step 3.1.2.2.2: Reliability assessment (result 1)": 1.8274931907653809,
    "Step 3.1.2.2.2: Reliability assessment (result 4)": 2.0443220138549805,
    "Step 3.1.2.2.2: Reliability assessment (result 2)": 2.0515151023864746,
    "Step 3.5.2.1.2: Reliability assessment (result 2)": 1.1829049587249756,
    "Step 3.5.2.1.2: Reliability assessment (result 4)": 1.2867720127105713,
    "Step 3.5.2.1.2: Reliability assessment (result 3)": 1.2959880828857422,
    "Step 3.1.2.2.2: Reliability assessment (result 3)": 2.4957821369171143,
    "Step 3.2.2.2.3: Content fetching (result 1)": 5.605047941207886,
    "Step 3.2.2.2.3: Content fetching (result 2)": 5.612609148025513,
    "Step 3.2.2.2.3: Content fetching (result 3)": 5.619202136993408,
    "Step 3.2.2.2.3: Content fetching (result 5)": 4.821943044662476,
    "Step 3.2.2.2.3: Content fetching (result 4)": 5.62272310256958,
    "Step 3.2.2.1.4: Evidence extraction (result 1)": 3.953810930252075,
    "Step 3.2.2.1.4: Evidence extraction (result 2)": 3.9526989459991455,
    "Step 3.2.2.1.4: Evidence extraction (result 5)": 4.295889139175415,
    "Step 3.2.2.1.4: Evidence extraction (result 3)": 5.090959310531616,
    "Step 3.5.2.2.2: Reliability assessment (result 1)": 0.39621782302856445,
    "Step 3.5.2.2.2: Reliability assessment (result 3)": 0.8376710414886475,
    "Step 3.2.2.2.4: Evidence extraction (result 2)": 3.204455852508545,
    "Step 3.2.2.1.4: Evidence extraction (result 4)": 6.002777099609375,
    "Step 3.2.2.2.4: Evidence extraction (result 1)": 3.2928271293640137,
    "Step 3.2.2: Search execution for claim 2 query 1": 11.38425612449646,
    "Step 3.2.2.2.4: Evidence extraction (result 3)": 3.3568389415740967,
    "Step 3.2.2.2.4: Evidence extraction (result 4)": 3.589887857437134,
    "Step 3.5.2.2.2: Reliability assessment (result 2)": 1.4317171573638916,
    "Step 3.3.2.1.2: Reliability assessment (result 2)": 1.4317800998687744,
    "Step 3.3.2.1.2: Reliability assessment (result 3)": 2.5190839767456055,
    "Step 3.3.2.1.2: Reliability assessment (result 4)": 2.519167900085449,
    "Step 3.3.2.1.2: Reliability assessment (result 5)": 3.3310599327087402,
    "Step 3.3.2.1.2: Reliability assessment (result 6)": 3.3311262130737305,
    "Step 3.1.2.2.3: Content fetching (result 5)": 9.139888048171997,
    "Step 3.1.2.2.3: Content fetching (result 1)": 8.583170890808105,
    "Step 3.1.2.2.3: Content fetching (result 4)": 8.368462800979614,
    "Step 3.1.2.2.3: Content fetching (result 2)": 8.363734006881714,
    "Step 3.1.2.2.3: Content fetching (result 3)": 7.92163872718811,
    "Step 3.3.2.2.2: Reliability assessment (result 1)": 3.9058330059051514,
    "Step 3.3.2.2.2: Reliability assessment (result 4)": 3.9059720039367676,
    "Step 3.3.2.2.2: Reliability assessment (result 2)": 4.717932224273682,
    "Step 3.1.2.2.2: Reliability assessment (result 6)": 11.902371644973755,
    "Step 3.3.2.2.2: Reliability assessment (result 3)": 4.718001127243042,
    "Step 3.3.2.2.2: Reliability assessment (result 5)": 4.718005895614624,
    "Step 3.5.2.1.3: Content fetching (result 1)": 10.782999753952026,
    "Step 3.5.2.1.3: Content fetching (result 2)": 9.897628784179688,
    "Step 3.5.2.1.3: Content fetching (result 4)": 9.79864501953125,
    "Step 3.5.2.1.3: Content fetching (result 3)": 9.79238772392273,
    "Step 3.2.2.2.4: Evidence extraction (result 5)": 8.180973768234253,
    "Step 3.2.2: Search execution for claim 2 query 2": 16.252492904663086,
    "Step 3.3.2.2.2: Reliability assessment (result 6)": 5.77759575843811,
    "Step 3.4.2.2.2: Reliability assessment (result 1)": 2.878559112548828,
    "Step 3.4.2.2.2: Reliability assessment (result 2)": 2.878598213195801,
    "Step 3.4.2.2.2: Reliability assessment (result 3)": 3.3902173042297363,
    "Step 3.1.2.1.3: Content fetching (result 3)": 14.79145884513855,
    "Step 3.1.2.1.3: Content fetching (result 4)": 14.793522119522095,
    "Step 3.1.2.1.3: Content fetching (result 5)": 14.79589295387268,
    "Step 3.1.2.1.3: Content fetching (result 6)": 14.797827005386353,
    "Step 3.1.2.1.3: Content fetching (result 1)": 13.06988000869751,
    "Step 3.4.2.1.2: Reliability assessment (result 3)": 2.544151782989502,
    "Step 3.1.2.1.3: Content fetching (result 2)": 13.050079822540283,
    "Step 3.4.2.2.2: Reliability assessment (result 5)": 3.8421988487243652,
    "Step 3.4.2.2.2: Reliability assessment (result 4)": 3.8794870376586914,
    "Step 3.4.2.2.2: Reliability assessment (result 6)": 4.134185075759888,
    "Step 3.4.2.1.2: Reliability assessment (result 6)": 3.520982027053833,
    "Step 3.4.2.1.2: Reliability assessment (result 4)": 3.5514931678771973,
    "Step 3.4.2.1.2: Reliability assessment (result 1)": 3.5541229248046875,
    "Step 3.4.2.1.2: Reliability assessment (result 2)": 3.560286045074463,
    "Step 3.4.2.1.2: Reliability assessment (result 5)": 3.5721099376678467,
    "Step 3.1.2.2.3: Content fetching (result 6)": 4.240756988525391,