{
  "timing": {
    "total_seconds": 103.0515832901001,
    "Step 1: Transcript extraction": 6.929158687591553,
    "Step 2: Claim extraction": 13.335657835006714,
    "Step 3.7.1: Query generation for claim 7": 2.0138700008392334,
    "Step 3.6.1: Query generation for claim 6": 2.1390790939331055,
    "Step 3.2.1: Query generation for claim 2": 2.1423730850219727,
    "Step 3.1.1: Query generation for claim 1": 2.1435909271240234,
    "Step 3.3.1: Query generation for claim 3": 2.141792058944702,
    "Step 3.4.1: Query generation for claim 4": 2.4738569259643555,
    "Step 3.5.1: Query generation for claim 5": 2.55834698677063,
    "Step 3.7.2.1.1.1: Google Search API (batch 1)": 1.46170973777771,
    "Step 3.2.2.2.1.1: Google Search API (batch 1)": 1.2532260417938232,
    "Step 3.2.2.1.1.1: Google Search API (batch 1)": 1.2949581146240234,
    "Step 3.1.2.1.1.1: Google Search API (batch 1)": 1.2171428203582764,
    "Step 3.3.2.1.1.1: Google Search API (batch 1)": 1.1344850063323975,
    "Step 3.4.2.1.1.1: Google Search API (batch 1)": 1.0500552654266357,
    "Step 3.7.2.2.1.1: Google Search API (batch 1)": 1.4385621547698975,
    "Step 3.6.2.1.1.1: Google Search API (batch 1)": 1.403728723526001,
    "Step 3.4.2.2.1.1: Google Search API (batch 1)": 1.034499168395996,
    "Step 3.3.2.2.1.1: Google Search API (batch 1)": 1.1552040576934814,
    "Step 3.5.2.2.1.1: Google Search API (batch 1)": 1.0502409934997559,
    "Step 3.5.2.1.1.1: Google Search API (batch 1)": 1.1068110466003418,
    "Step 3.6.2.2.1.1: Google Search API (batch 1)": 1.5933759212493896,
    "Step 3.5.2.1.2: Reliability assessment (result 1)": 0.002349853515625,
    "Step 3.5.2.1.2: Reliability assessment (result 2)": 0.0023698806762695312,
    "Step 3.5.2.1.2: Reliability assessment (result 3)": 0.001608133316040039,
    "Step 3.5.2.1.2: Reliability assessment (result 4)": 0.0016248226165771484,
    "Step 3.5.2.1.2: Reliability assessment (result 5)": 0.0016393661499023438,
    "Step 3.1.2.2.1.1: Google Search API (batch 1)": 2.2633931636810303,
    "Step 3.7.2.1.2: Reliability assessment (result 1)": 0.3392488956451416,
    "Step 3.7.2.1.2: Reliability assessment (result 2)": 0.3392932415008545,
    "Step 3.7.2.1.2: Reliability assessment (result 3)": 0.33931612968444824,
    "Step 3.7.2.1.2: Reliability assessment (result 4)": 0.3393290042877197,
    "Step 3.7.2.2.2: Reliability assessment (result 1)": 0.0007240772247314453,
    "Step 3.7.2.2.2: Reliability assessment (result 2)": 0.0014271736145019531,
    "Step 3.7.2.2.2: Reliability assessment (result 3)": 0.0015981197357177734,
    "Step 3.7.2.2.2: Reliability assessment (result 4)": 0.0016999244689941406,
    "Step 3.7.2.2.2: Reliability assessment (result 5)": 0.0017249584197998047,
    "Step 3.4.2.2.2: Reliability assessment (result 1)": 0.6901659965515137,
    "Step 3.4.2.2.2: Reliability assessment (result 2)": 0.6901719570159912,
    "Step 3.4.2.2.2: Reliability assessment (result 3)": 0.7819547653198242,
    "Step 3.2.2.2.2: Reliability assessment (result 1)": 0.3548710346221924,
    "Step 3.2.2.2.2: Reliability assessment (result 2)": 0.3549060821533203,
    "Step 3.2.2.2.2: Reliability assessment (result 3)": 0.3549230098724365,
    "Step 3.2.2.2.2: Reliability assessment (result 4)": 0.35494089126586914,
    "Step 3.2.2.2.2: Reliability assessment (result 5)": 1.3646409511566162,
    "Step 3.2.2.2.3: Content fetching (result 1)": 3.773102045059204,
    "Step 3.2.2.2.3: Content fetching (result 2)": 5.754214286804199,
    "Step 3.4.2.2.3: Content fetching (result 1)": 8.008034944534302,
    "Step 3.4.2.2.3: Content fetching (result 3)": 7.928034067153931,
    "Step 3.4.2.2.3: Content fetching (result 2)": 8.021946907043457,
    "Step 3.5.2.2.2: Reliability assessment (result 1)": 7.0625879764556885,
    "Step 3.5.2.2.2: Reliability assessment (result 2)": 7.06259298324585,
    "Step 3.5.2.2.2: Reliability assessment (result 3)": 8.136983633041382,
    "Step 3.4.2.1.2: Reliability assessment (result 1)": 7.7327330112457275,
    "Step 3.2.2.2.3: Content fetching (result 3)": 9.178208112716675,
    "Step 3.2.2.2.3: Content fetching (result 4)": 9.184203863143921,
    "Step 3.4.2.1.2: Reliability assessment (result 3)": 8.246089220046997,
    "Step 3.4.2.1.2: Reliability assessment (result 2)": 8.24619197845459,
    "Step 3.6.2.2.2: Reliability assessment (result 1)": 8.263870000839233,
    "Step 3.4.2.1.2: Reliability assessment (result 4)": 8.616790056228638,
    "Step 3.6.2.2.2: Reliability assessment (result 4)": 8.264121770858765,
    "Step 3.6.2.2.2: Reliability assessment (result 2)": 8.385902881622314,
    "Step 3.7.2.2.3: Content fetching (result 1)": 12.202175378799438,
    "Step 3.7.2.2.3: Content fetching (result 2)": 12.202749967575073,
    "Step 3.7.2.2.3: Content fetching (result 3)": 12.203271865844727,
    "Step 3.7.2.2.3: Content fetching (result 4)": 12.204501867294312,
    "Step 3.7.2.2.3: Content fetching (result 5)": 12.204806327819824,
    "Step 3.2.2.2.3: Content fetching (result 5)": 10.178307056427002,
    "Step 3.6.2.2.2: Reliability assessment (result 3)": 9.826461791992188,
    "Step 3.2.2.1.2: Reliability assessment (result 1)": 1.562666893005371,
    "Step 3.2.2.1.2: Reliability assessment (result 2)": 1.5626962184906006,
    "Step 3.2.2.1.2: Reliability assessment (result 3)": 1.5627150535583496,
    "Step 3.2.2.1.2: Reliability assessment (result 4)": 1.5627360343933105,
    "Step 3.2.2.1.2: Reliability assessment (result 5)": 1.5639760494232178,
    "Step 3.7.2.1.3: Content fetching (result 1)": 12.593947887420654,
    "Step 3.7.2.1.3: Content fetching (result 3)": 12.59595799446106,
    "Step 3.7.2.1.3: Content fetching (result 2)": 12.597944736480713,
    "Step 3.7.2.1.3: Content fetching (result 4)": 12.600287914276123,
    "Step 3.3.2.1.2: Reliability assessment (result 2)": 0.8948509693145752,
    "Step 3.5.2.1.3: Content fetching (result 4)": 13.856137990951538,
    "Step 3.3.2.1.2: Reliability assessment (result 4)": 0.9962060451507568,
    "Step 3.6.2.1.2: Reliability assessment (result 1)": 0.9978220462799072,
    "Step 3.5.2.1.3: Content fetching (result 2)": 13.931288242340088,
    "Step 3.5.2.1.3: Content fetching (result 1)": 13.987099885940552,
    "Step 3.6.2.1.2: Reliability assessment (result 4)": 1.1262516975402832,
    "Step 3.1.2.2.2: Reliability assessment (result 1)": 1.1262872219085693,
    "Step 3.1.2.2.2: Reliability assessment (result 2)": 1.1263108253479004,
    "Step 3.1.2.2.2: Reliability assessment (result 3)": 1.1263320446014404,
    "Step 3.1.2.2.2: Reliability assessment (result 4)": 1.126345157623291,
    "Step 3.5.2.1.3: Content fetching (result 5)": 14.041835069656372,
    "Step 3.1.2.2.2: Reliability assessment (result 6)": 1.1812000274658203,
    "Step 3.5.2.1.3: Content fetching (result 3)": 14.0955970287323,
    "Step 3.6.2.1.2: Reliability assessment (result 3)": 1.5382661819458008,
    "Step 3.2.2.1.2: Reliability assessment (result 6)": 2.820697069168091,
    "Step 3.3.2.1.2: Reliability assessment (result 3)": 1.703092098236084,
    "Step 3.1.2.2.2: Reliability assessment (result 5)": 1.9828660488128662,
    "Step 3.3.2.1.2: Reliability assessment (result 1)": 2.254840850830078,
    "Step 3.1.2.1.2: Reliability assessment (result 1)": 1.9057419300079346,
    "Step 3.1.2.1.2: Reliability assessment (result 2)": 1.905797004699707,
    "Step 3.6.2.1.2: Reliability assessment (result 2)": 3.1516270637512207,
    "Step 3.1.2.1.2: Reliability assessment (result 3)": 2.800333023071289,
    "Step 3.1.2.1.2: Reliability assessment (result 4)": 2.87225079536438,
    "Step 3.1.2.1.2: Reliability assessment (result 5)": 3.331002950668335,
    "Step 3.1.2.1.2: Reliability assessment (result 6)": 3.3503901958465576,
    "Step 3.3.2.1.3: Content fetching (result 2)": 5.321206092834473,
    "Step 3.3.2.1.3: Content fetching (result 4)": 5.222670078277588,
    "Step 3.5.2.2.3: Content fetching (result 1)": 10.531816959381104,