{
  "timing": {
    "total_seconds": 36.22214126586914,
    "Step 1: Transcript extraction": 1.1889758110046387,
    "Step 2: Claim extraction": 10.849231004714966,
    "Step 3.1.1: Query generation for claim 1": 2.1156599521636963,
    "Step 3.1.2.1.1.1: Google Search API (batch 1)": 0.9279007911682129,
    "Step 3.1.2.2.1.1: Google Search API (batch 1)": 0.9419360160827637,
    "Step 3.1.2.2.2: Reliability assessment (result 1)": 0.0004138946533203125,
    "Step 3.1.2.2.2: Reliability assessment (result 2)": 0.00043392181396484375,
    "Step 3.1.2.2.2: Reliability assessment (result 3)": 0.0004620552062988281,
    "Step 3.1.2.2.2: Reliability assessment (result 4)": 0.0005900859832763672,
    "Step 3.1.2.1.2: Reliability assessment (result 1)": 0.0004909038543701172,
    "Step 3.1.2.1.2: Reliability assessment (result 2)": 0.0006060600280761719,
    "Step 3.1.2.1.2: Reliability assessment (result 4)": 0.0007557868957519531,
    "Step 3.1.2.2.2: Reliability assessment (result 5)": 0.9949090480804443,
    "Step 3.1.2.2.2: Reliability assessment (result 6)": 1.0299270153045654,
    "Step 3.1.2.1.2: Reliability assessment (result 6)": 0.7138900756835938,
    "Step 3.1.2.1.2: Reliability assessment (result 5)": 1.021305799484253,
    "Step 3.1.2.1.2: Reliability assessment (result 3)": 1.0279419422149658,
    "Step 3.1.2.2.3: Content fetching (result 1)": 8.737142086029053,
    "Step 3.1.2.1.3: Content fetching (result 1)": 8.107694149017334,
    "Step 3.1.2.2.3: Content fetching (result 2)": 8.74380111694336,
    "Step 3.1.2.2.3: Content fetching (result 3)": 8.74608063697815,
    "Step 3.1.2.2.3: Content fetching (result 4)": 8.747499942779541,
    "Step 3.1.2.1.3: Content fetching (result 2)": 8.1167893409729,
    "Step 3.1.2.2.3: Content fetching (result 5)": 7.756351947784424,
    "Step 3.1.2.2.3: Content fetching (result 6)": 7.723681926727295,
    "Step 3.1.2.1.3: Content fetching (result 4)": 8.120027780532837,
    "Step 3.1.2.1.3: Content fetching (result 6)": 7.40937614440918,
    "Step 3.1.2.1.3: Content fetching (result 5)": 7.103662014007568,
    "Step 3.1.2.1.3: Content fetching (result 3)": 7.098262786865234,
    "Step 3.1.2.2.4: Evidence extraction (result 2)": 2.513317823410034,
    "Step 3.1.2.2.4: Evidence extraction (result 6)": 2.552988290786743,
    "Step 3.1.2.1.4: Evidence extraction (result 3)": 3.4892847537994385,
    "Step 3.1.2.1.4: Evidence extraction (result 2)": 3.8386218547821045,
    "Step 3.1.2.2.4: Evidence extraction (result 3)": 3.9624738693237305,
    "Step 3.1.2.1.4: Evidence extraction (result 1)": 4.657538890838623,
    "Step 3.1.2.1.4: Evidence extraction (result 5)": 4.642914056777954,
    "Step 3.1.2.2.4: Evidence extraction (result 1)": 4.7140889167785645,
    "Step 3.1.2.1.4: Evidence extraction (result 4)": 4.714776039123535,
    "Step 3.1.2.1.4: Evidence extraction (result 6)": 5.033241033554077,
    "Step 3.1.2: Search execution for claim 1 query 1": 18.374982118606567,
    "Step 3.1.2.2.4: Evidence extraction (result 4)": 5.763071775436401,
    "Step 3.1.2.2.4: Evidence extraction (result 5)": 5.76726508140564,
    "Step 3.1.2: Search execution for claim 1 query 2": 19.04716420173645,
    "Step 3.1.3: Verdict generation for claim 1": 2.759342908859253,
    "Step 3: Query generation + search + verdicts for all claims (PARALLEL)": 24.000938892364502,
    "Step 4: Sort and assemble final output": 0.00010704994201660156
  },
  "llm": {
    "total_calls": 15,
    "total_cost_usd": 0.0046167,
    "total_latency_seconds": 63.39
  },
  "claims_extracted": 1,
  "success": true,
  "error": null
}
