{
  "timing": {
    "total_seconds": 80.75568509101868,
    "Step 1: Transcript extraction": 1.2114131450653076,
    "Step 2: Claim extraction": 18.996598720550537,
    "Step 3.1.1: Query generation for claim 1": 2.6082167625427246,
    "Step 3.1.2.1.1.1: Google Search API (batch 1)": 1.4699759483337402,
    "Step 3.1.2.2.1.1: Google Search API (batch 1)": 1.4451911449432373,
    "Step 3.1.2.2.2: Reliability assessment (result 1)": 0.00042819976806640625,
    "Step 3.1.2.2.2: Reliability assessment (result 2)": 0.00044918060302734375,
    "Step 3.1.2.1.2: Reliability assessment (result 1)": 0.0003483295440673828,
    "Step 3.1.2.1.2: Reliability assessment (result 4)": 0.0008270740509033203,
    "Step 3.1.2.2.2: Reliability assessment (result 5)": 0.5470190048217773,
    "Step 3.1.2.2.2: Reliability assessment (result 3)": 0.570789098739624,
    "Step 3.1.2.2.2: Reliability assessment (result 4)": 0.5772910118103027,
    "Step 3.1.2.1.2: Reliability assessment (result 2)": 0.5977001190185547,
    "Step 3.1.2.1.2: Reliability assessment (result 5)": 0.6059949398040771,
    "Step 3.1.2.1.2: Reliability assessment (result 3)": 0.978611946105957,
    "Step 3.1.2.1.3: Content fetching (result 1)": 12.97789216041565,
    "Step 3.1.2.1.3: Content fetching (result 4)": 13.003653049468994,
    "Step 3.1.2.1.3: Content fetching (result 2)": 12.424049139022827,
    "Step 3.1.2.1.3: Content fetching (result 5)": 12.446830987930298,
    "Step 3.1.2.1.3: Content fetching (result 3)": 12.097450017929077,
    "Step 3.1.2.1.4: Evidence extraction (result 3)": 0.8416969776153564,
    "Step 3.1.2.2.3: Content fetching (result 2)": 14.388553142547607,
    "Step 3.1.2.2.3: Content fetching (result 3)": 13.845885276794434,
    "Step 3.1.2.2.3: Content fetching (result 1)": 14.43827199935913,
    "Step 3.1.2.2.3: Content fetching (result 5)": 13.912510871887207,
    "Step 3.1.2.2.3: Content fetching (result 4)": 13.903734922409058,
    "Step 3.1.2.1.4: Evidence extraction (result 5)": 2.7868916988372803,
    "Step 3.1.2.1.4: Evidence extraction (result 1)": 3.0030839443206787,
    "Step 3.1.2.1.4: Evidence extraction (result 4)": 3.1790997982025146,
    "Step 3.1.2.1.4: Evidence extraction (result 2)": 3.8939998149871826,
    "Step 3.1.2.2.4: Evidence extraction (result 3)": 2.825417995452881,
    "Step 3.1.2: Search execution for claim 1 query 1": 21.756186962127686,
    "Step 3.1.2.2.4: Evidence extraction (result 2)": 18.305073738098145,
    "Step 3.1.2.2.4: Evidence extraction (result 1)": 18.29284930229187,
    "Step 3.1.2.2.4: Evidence extraction (result 5)": 18.329841136932373,
    "Step 3.1.2.2.4: Evidence extraction (result 4)": 18.450820207595825,
    "Step 3.1.2: Search execution for claim 1 query 2": 37.37025308609009,
    "Step 3.1.3: Verdict generation for claim 1": 20.30480194091797,
    "Step 3: Query generation + search + verdicts for all claims (PARALLEL)": 60.363300800323486,
    "Step 4: Sort and assemble final output": 4.982948303222656e-05
  },
  "llm": {
    "total_calls": 9,
    "total_cost_usd": 0.00171915,
    "total_latency_seconds": 55.82
  },
  "claims_extracted": 1,
  "success": true,
  "error": null
}
