{
  "timing": {
    "total_seconds": 49.87033486366272,
    "Step 1: Transcript extraction": 0.9902298450469971,
    "Step 2: Claim extraction": 5.4277098178863525,
    "Step 3.1.1: Query generation for claim 1": 2.62923002243042,
    "Step 3.1.2.2.1.1: Google Search API (batch 1)": 1.7225608825683594,
    "Step 3.1.2.1.1.1: Google Search API (batch 1)": 2.9634549617767334,
    "Step 3.1.2.2.2: Reliability assessment (result 4)": 0.00036406517028808594,
    "Step 3.1.2.2.2: Reliability assessment (result 5)": 0.00030422210693359375,
    "Step 3.1.2.2.2: Reliability assessment (result 2)": 0.5710279941558838,
    "Step 3.1.2.2.2: Reliability assessment (result 6)": 0.75907301902771,
    "Step 3.1.2.1.2: Reliability assessment (result 1)": 0.0006067752838134766,
    "Step 3.1.2.1.2: Reliability assessment (result 2)": 0.000888824462890625,
    "Step 3.1.2.1.2: Reliability assessment (result 5)": 0.7042300701141357,
    "Step 3.1.2.1.2: Reliability assessment (result 6)": 0.8987247943878174,
    "Step 3.1.2.2.2: Reliability assessment (result 1)": 6.3689188957214355,
    "Step 3.1.2.2.2: Reliability assessment (result 3)": 7.578591823577881,
    "Step 3.1.2.1.2: Reliability assessment (result 3)": 6.022256135940552,
    "Step 3.1.2.1.3: Content fetching (result 1)": 9.958969831466675,
    "Step 3.1.2.1.3: Content fetching (result 2)": 9.96094012260437,
    "Step 3.1.2.1.3: Content fetching (result 5)": 9.258815050125122,
    "Step 3.1.2.1.3: Content fetching (result 6)": 9.068011045455933,
    "Step 3.1.2.1.3: Content fetching (result 3)": 3.9469499588012695,
    "Step 3.1.2.1.2: Reliability assessment (result 4)": 11.110290050506592,
    "Step 3.1.2.2.3: Content fetching (result 4)": 15.863890886306763,
    "Step 3.1.2.2.3: Content fetching (result 5)": 15.868791103363037,
    "Step 3.1.2.2.3: Content fetching (result 2)": 15.300840854644775,
    "Step 3.1.2.2.3: Content fetching (result 6)": 15.114109992980957,
    "Step 3.1.2.2.3: Content fetching (result 1)": 9.506434917449951,
    "Step 3.1.2.2.3: Content fetching (result 3)": 8.298427820205688,
    "Step 3.1.2.1.4: Evidence extraction (result 3)": 2.3612701892852783,
    "Step 3.1.2.1.4: Evidence extraction (result 2)": 2.45074200630188,
    "Step 3.1.2.1.3: Content fetching (result 4)": 1.6596770286560059,
    "Step 3.1.2.1.4: Evidence extraction (result 6)": 3.5952420234680176,
    "Step 3.1.2.1.4: Evidence extraction (result 5)": 3.993312120437622,
    "Step 3.1.2.1.4: Evidence extraction (result 1)": 4.151241064071655,
    "Step 3.1.2.2.4: Evidence extraction (result 3)": 2.0214500427246094,
    "Step 3.1.2.2.4: Evidence extraction (result 1)": 2.2302029132843018,
    "Step 3.1.2.1.4: Evidence extraction (result 4)": 2.5095489025115967,
    "Step 3.1.2: Search execution for claim 1 query 1": 37.447259187698364,
    "Step 3.1.2.2.4: Evidence extraction (result 5)": 3.4136881828308105,
    "Step 3.1.2.2.4: Evidence extraction (result 6)": 3.798063039779663,
    "Step 3.1.2.2.4: Evidence extraction (result 4)": 3.9030210971832275,
    "Step 3.1.2.2.4: Evidence extraction (result 2)": 4.010130882263184,
    "Step 3.1.2: Search execution for claim 1 query 2": 38.44996690750122,
    "Step 3.1.3: Verdict generation for claim 1": 2.0779900550842285,
    "Step 3: Query generation + search + verdicts for all claims (PARALLEL)": 43.21475410461426,
    "Step 4: Sort and assemble final output": 0.0007529258728027344
  },
  "llm": {
    "total_calls": 15,
    "total_cost_usd": 0.0037467,
    "total_latency_seconds": 48.08
  },
  "claims_extracted": 1,
  "success": true,
  "error": null
}
