{
  "timing": {
    "total_seconds": 202.52770590782166,
    "Step 1: Transcript extraction": 6.239709138870239,
    "Step 2: Claim extraction": 8.992513179779053,
    "Step 3.2.1: Query generation for claim 2": 1.951357126235962,
    "Step 3.7.1: Query generation for claim 7": 2.0742039680480957,
    "Step 3.3.1: Query generation for claim 3": 2.0767128467559814,
    "Step 3.1.1: Query generation for claim 1": 2.248420000076294,
    "Step 3.5.1: Query generation for claim 5": 2.3307080268859863,
    "Step 3.6.1: Query generation for claim 6": 2.330789089202881,
    "Step 3.4.1: Query generation for claim 4": 2.50228214263916,
    "Step 3.6.2.2.1.1: Google Search API (batch 1)": 0.6894509792327881,
    "Step 3.6.2.1.1.1: Google Search API (batch 1)": 0.740929126739502,
    "Step 3.7.2.1.1.1: Google Search API (batch 1)": 1.0905020236968994,
    "Step 3.4.2.1.1.1: Google Search API (batch 1)": 0.6668059825897217,
    "Step 3.7.2.2.1.1: Google Search API (batch 1)": 1.1443018913269043,
    "Step 3.3.2.2.1.1: Google Search API (batch 1)": 1.0849649906158447,
    "Step 3.3.2.1.1.1: Google Search API (batch 1)": 1.1353349685668945,
    "Step 3.1.2.1.1.1: Google Search API (batch 1)": 1.0942459106445312,
    "Step 3.5.2.1.1.1: Google Search API (batch 1)": 1.0389068126678467,
    "Step 3.1.2.2.1.1: Google Search API (batch 1)": 1.0888001918792725,
    "Step 3.2.2.1.1.1: Google Search API (batch 1)": 1.4121339321136475,
    "Step 3.5.2.2.1.1: Google Search API (batch 1)": 1.0476839542388916,
    "Step 3.2.2.2.1.1: Google Search API (batch 1)": 1.4118249416351318,
    "Step 3.4.2.2.1.1: Google Search API (batch 1)": 0.9884979724884033,
    "Step 3.3.2.2.2: Reliability assessment (result 2)": 0.9803736209869385,
    "Step 3.3.2.2.2: Reliability assessment (result 3)": 0.9804909229278564,
    "Step 3.3.2.2.2: Reliability assessment (result 4)": 1.339073657989502,
    "Step 3.1.2.1.2: Reliability assessment (result 1)": 0.3594057559967041,
    "Step 3.1.2.1.2: Reliability assessment (result 2)": 0.35967111587524414,
    "Step 3.1.2.2.2: Reliability assessment (result 3)": 0.3596458435058594,
    "Step 3.1.2.2.2: Reliability assessment (result 4)": 0.35971617698669434,
    "Step 3.7.2.1.2: Reliability assessment (result 1)": 0.3599221706390381,
    "Step 3.7.2.1.2: Reliability assessment (result 2)": 0.36002683639526367,
    "Step 3.7.2.1.2: Reliability assessment (result 4)": 0.360044002532959,
    "Step 3.7.2.1.2: Reliability assessment (result 5)": 0.36005496978759766,
    "Step 3.3.2.2.2: Reliability assessment (result 1)": 1.3404488563537598,
    "Step 3.1.2.2.2: Reliability assessment (result 2)": 0.36023402214050293,
    "Step 3.1.2.1.2: Reliability assessment (result 4)": 0.3603179454803467,
    "Step 3.2.2.2.2: Reliability assessment (result 3)": 0.0012407302856445312,
    "Step 3.2.2.2.2: Reliability assessment (result 4)": 0.0012507438659667969,
    "Step 3.1.2.2.2: Reliability assessment (result 1)": 0.4519832134246826,
    "Step 3.1.2.2.2: Reliability assessment (result 5)": 0.45288896560668945,
    "Step 3.1.2.1.2: Reliability assessment (result 3)": 0.9142577648162842,
    "Step 3.2.2.2.2: Reliability assessment (result 1)": 0.5551621913909912,
    "Step 3.2.2.2.2: Reliability assessment (result 2)": 1.6783087253570557,
    "Step 3.7.2.1.2: Reliability assessment (result 3)": 2.44406795501709,
    "Step 3.1.2.1.3: Content fetching (result 1)": 4.211586236953735,
    "Step 3.1.2.1.3: Content fetching (result 2)": 4.215500831604004,
    "Step 3.1.2.1.3: Content fetching (result 4)": 4.597275972366333,
    "Step 3.2.2.2.3: Content fetching (result 3)": 5.9826130867004395,
    "Step 3.2.2.2.3: Content fetching (result 4)": 5.984626054763794,
    "Step 3.5.2.1.2: Reliability assessment (result 5)": 5.928210020065308,
    "Step 3.7.2.1.3: Content fetching (result 1)": 6.482891798019409,
    "Step 3.7.2.1.3: Content fetching (result 2)": 6.484320163726807,
    "Step 3.7.2.1.3: Content fetching (result 5)": 6.485118865966797,
    "Step 3.7.2.1.3: Content fetching (result 4)": 6.485595226287842,
    "Step 3.5.2.1.2: Reliability assessment (result 6)": 6.063852787017822,
    "Step 3.5.2.1.2: Reliability assessment (result 1)": 6.779519081115723,
    "Step 3.1.2.1.3: Content fetching (result 3)": 8.10234785079956,
    "Step 3.5.2.1.2: Reliability assessment (result 4)": 9.05808687210083,
    "Step 3.7.2.2.2: Reliability assessment (result 2)": 7.1623029708862305,
    "Step 3.7.2.2.2: Reliability assessment (result 3)": 7.162381172180176,
    "Step 3.7.2.2.2: Reliability assessment (result 4)": 7.162396192550659,
    "Step 3.2.2.1.2: Reliability assessment (result 1)": 5.465529680252075,
    "Step 3.2.2.1.2: Reliability assessment (result 2)": 5.465512037277222,
    "Step 3.3.2.2.3: Content fetching (result 2)": 10.6945219039917,
    "Step 3.3.2.2.3: Content fetching (result 3)": 10.697355031967163,
    "Step 3.3.2.2.3: Content fetching (result 4)": 10.341272115707397,
    "Step 3.3.2.2.3: Content fetching (result 1)": 10.3423912525177,
    "Step 3.2.2.1.2: Reliability assessment (result 3)": 6.129059791564941,
    "Step 3.7.2.1.3: Content fetching (result 3)": 8.723841667175293,
    "Step 3.5.2.1.2: Reliability assessment (result 3)": 10.360826969146729,
    "Step 3.1.2.2.3: Content fetching (result 3)": 10.935140132904053,
    "Step 3.1.2.2.3: Content fetching (result 1)": 10.846645832061768,
    "Step 3.1.2.2.3: Content fetching (result 5)": 10.847797155380249,
    "Step 3.1.2.2.3: Content fetching (result 4)": 10.942802906036377,
    "Step 3.1.2.2.3: Content fetching (result 2)": 10.944437980651855,
    "Step 3.4.2.2.2: Reliability assessment (result 2)": 2.874560832977295,
    "Step 3.3.2.1.2: Reliability assessment (result 1)": 1.5900890827178955,
    "Step 3.4.2.2.2: Reliability assessment (result 3)": 2.897106885910034,
    "Step 3.4.2.2.2: Reliability assessment (result 4)": 2.899411201477051,
    "Step 3.5.2.2.2: Reliability assessment (result 2)": 4.83485221862793,
    "Step 3.3.2.1.2: Reliability assessment (result 2)": 1.8293941020965576,
    "Step 3.5.2.2.2: Reliability assessment (result 5)": 5.079275131225586,
    "Step 3.5.2.1.2: Reliability assessment (result 2)": 11.308813095092773,
    "Step 3.4.2.2.2: Reliability assessment (result 1)": 3.7912330627441406,
    "Step 3.3.2.1.2: Reliability assessment (result 3)": 2.535475254058838,
    "Step 3.3.2.1.2: Reliability assessment (result 4)": 3.0267932415008545,
    "Step 3.3.2.1.2: Reliability assessment (result 5)": 3.0249581336975098,
    "Step 3.7.2.2.2: Reliability assessment (result 1)": 11.37606406211853,
    "Step 3.5.2.2.2: Reliability assessment (result 1)": 7.726449966430664,
    "Step 3.5.2.2.2: Reliability assessment (result 3)": 8.525860071182251,
    "Step 3.5.2.2.2: Reliability assessment (result 4)": 8.531654834747314,
    "Step 3.7.2.1.4: Evidence extraction (result 4)": 9.692944049835205,
    "Step 3.2.2.2.4: Evidence extraction (result 4)": 10.275691986083984,
    "Step 3.1.2.1.4: Evidence extraction (result 2)": 12.388559103012085,
    "Step 3.3.2.1.3: Content fetching (result 1)": 5.582265138626099,
    "Step 3.2.2.2.3: Content fetching (result 1)": 16.324065923690796,
    "Step 3.2.2.2.3: Content fetching (result 2)": 15.203098058700562,
    "Step 3.1.2.1.4: Evidence extraction (result 4)": 12.372850894927979,
    "Step 3.1.2.1.4: Evidence extraction (result 1)": 12.916490077972412,
    "Step 3.5.2.1.3: Content fetching (result 4)": 7.963462829589844,
    "Step 3.2.2.2.4: Evidence extraction (result 3)": 12.28629207611084,
    "Step 3.7.2.1.4: Evidence extraction (result 2)": 11.832352876663208,
    "Step 3.7.2.1.4: Evidence extraction (result 1)": 12.301033973693848,
    "Step 3.1.2.1.4: Evidence extraction (result 3)": 10.360347986221313,
    "Step 3.1.2: Search execution for claim 1 query 1": 22.88922381401062,
    "Step 3.7.2.1.4: Evidence extraction (result 5)": 13.080302953720093,
    "Step 3.5.2.2.3: Content fetching (result 2)": 8.578080892562866,