{
  "timing": {
    "total_seconds": 66.26341199874878,
    "Step 1: Transcript extraction": 1.181638240814209,
    "Step 2: Claim extraction": 3.53177809715271,
    "Step 3.3.1: Query generation for claim 3": 2.1082167625427246,
    "Step 3.1.1: Query generation for claim 1": 2.2467591762542725,
    "Step 3.2.1: Query generation for claim 2": 2.2462079524993896,
    "Step 3.1.2.1.1.1: Google Search API (batch 1)": 1.0615880489349365,
    "Step 3.3.2.1.1.1: Google Search API (batch 1)": 1.1502180099487305,
    "Step 3.2.2.1.1.1: Google Search API (batch 1)": 0.9866838455200195,
    "Step 3.3.2.2.1.1: Google Search API (batch 1)": 1.4086318016052246,
    "Step 3.2.2.2.1.1: Google Search API (batch 1)": 1.2459290027618408,
    "Step 3.1.2.2.1.1: Google Search API (batch 1)": 3.174099922180176,
    "Step 3.3.2.2.2: Reliability assessment (result 2)": 0.0005998611450195312,
    "Step 3.3.2.2.2: Reliability assessment (result 3)": 0.0008788108825683594,
    "Step 3.3.2.2.2: Reliability assessment (result 6)": 1.0175719261169434,
    "Step 3.3.2.2.2: Reliability assessment (result 5)": 1.018312931060791,
    "Step 3.2.2.2.2: Reliability assessment (result 4)": 0.00138092041015625,
    "Step 3.2.2.2.2: Reliability assessment (result 2)": 0.5374608039855957,
    "Step 3.2.2.2.2: Reliability assessment (result 5)": 0.9275128841400146,
    "Step 3.2.2.2.2: Reliability assessment (result 3)": 0.9283158779144287,
    "Step 3.2.2.2.2: Reliability assessment (result 6)": 0.928034782409668,
    "Step 3.1.2.1.2: Reliability assessment (result 1)": 0.0007848739624023438,
    "Step 3.1.2.1.2: Reliability assessment (result 4)": 0.001058816909790039,
    "Step 3.1.2.1.2: Reliability assessment (result 5)": 0.0011029243469238281,
    "Step 3.2.2.2.2: Reliability assessment (result 1)": 1.3210642337799072,
    "Step 3.1.2.1.2: Reliability assessment (result 6)": 0.8352832794189453,
    "Step 3.3.2.2.2: Reliability assessment (result 4)": 6.738372087478638,
    "Step 3.1.2.1.2: Reliability assessment (result 3)": 7.121103286743164,
    "Step 3.3.2.2.2: Reliability assessment (result 1)": 9.721858024597168,
    "Step 3.1.2.1.3: Content fetching (result 6)": 8.054110050201416,
    "Step 3.1.2.1.3: Content fetching (result 5)": 8.889071226119995,
    "Step 3.1.2.1.3: Content fetching (result 1)": 8.889822006225586,
    "Step 3.1.2.1.3: Content fetching (result 4)": 8.889868021011353,
    "Step 3.1.2.1.3: Content fetching (result 3)": 1.7700340747833252,
    "Step 3.3.2.1.2: Reliability assessment (result 2)": 0.002328157424926758,
    "Step 3.3.2.1.2: Reliability assessment (result 4)": 0.002405881881713867,
    "Step 3.3.2.1.2: Reliability assessment (result 3)": 0.7277603149414062,
    "Step 3.3.2.1.2: Reliability assessment (result 5)": 0.7278010845184326,
    "Step 3.3.2.1.2: Reliability assessment (result 6)": 1.0158970355987549,
    "Step 3.2.2.1.2: Reliability assessment (result 1)": 0.290585994720459,
    "Step 3.1.2.1.2: Reliability assessment (result 2)": 9.963307857513428,
    "Step 3.2.2.1.2: Reliability assessment (result 3)": 0.34662604331970215,
    "Step 3.3.2.1.2: Reliability assessment (result 1)": 1.5353548526763916,
    "Step 3.2.2.1.2: Reliability assessment (result 4)": 0.9527671337127686,
    "Step 3.2.2.1.2: Reliability assessment (result 2)": 1.3028419017791748,
    "Step 3.2.2.1.2: Reliability assessment (result 6)": 1.380539894104004,
    "Step 3.2.2.1.2: Reliability assessment (result 5)": 1.4471497535705566,
    "Step 3.2.2.1.3: Content fetching (result 1)": 2.5233891010284424,
    "Step 3.1.2.1.4: Evidence extraction (result 3)": 5.2990429401397705,
    "Step 3.1.2.1.4: Evidence extraction (result 6)": 5.40575098991394,
    "Step 3.1.2.1.4: Evidence extraction (result 5)": 5.551591157913208,
    "Step 3.1.2.1.4: Evidence extraction (result 1)": 5.838839054107666,
    "Step 3.2.2.2.3: Content fetching (result 4)": 16.23894691467285,
    "Step 3.2.2.2.3: Content fetching (result 2)": 15.708847999572754,
    "Step 3.2.2.2.3: Content fetching (result 3)": 15.319808006286621,
    "Step 3.2.2.2.3: Content fetching (result 6)": 15.321913242340088,
    "Step 3.2.2.2.3: Content fetching (result 5)": 15.32440710067749,
    "Step 3.1.2.2.2: Reliability assessment (result 4)": 4.900541067123413,
    "Step 3.2.2.2.3: Content fetching (result 1)": 14.933813095092773,
    "Step 3.1.2.1.4: Evidence extraction (result 4)": 6.708040952682495,
    "Step 3.3.2.2.3: Content fetching (result 2)": 17.55074405670166,
    "Step 3.3.2.2.3: Content fetching (result 3)": 17.55132508277893,
    "Step 3.3.2.2.3: Content fetching (result 6)": 16.53536105155945,
    "Step 3.3.2.2.3: Content fetching (result 5)": 16.830639839172363,
    "Step 3.3.2.2.3: Content fetching (result 4)": 11.11466908454895,
    "Step 3.3.2.2.3: Content fetching (result 1)": 8.133452892303467,
    "Step 3.1.2.2.2: Reliability assessment (result 2)": 5.52285099029541,
    "Step 3.1.2.1.3: Content fetching (result 2)": 5.9855430126190186,
    "Step 3.1.2.2.2: Reliability assessment (result 5)": 5.70874285697937,
    "Step 3.1.2.2.2: Reliability assessment (result 6)": 5.721746921539307,
    "Step 3.2.2.1.4: Evidence extraction (result 1)": 4.343221187591553,
    "Step 3.3.2.2.4: Evidence extraction (result 6)": 2.1303107738494873,
    "Step 3.3.2.2.4: Evidence extraction (result 3)": 2.2862110137939453,
    "Step 3.3.2.2.4: Evidence extraction (result 5)": 2.1211349964141846,
    "Step 3.3.2.2.4: Evidence extraction (result 1)": 2.464040994644165,
    "Step 3.3.2.2.4: Evidence extraction (result 2)": 2.9933969974517822,
    "Step 3.2.2.2.4: Evidence extraction (result 6)": 4.071732997894287,
    "Step 3.2.2.2.4: Evidence extraction (result 2)": 4.099493026733398,
    "Step 3.2.2.2.4: Evidence extraction (result 4)": 4.417268991470337,
    "Step 3.2.2.2.4: Evidence extraction (result 5)": 4.754749059677124,
    "Step 3.2.2.2.4: Evidence extraction (result 3)": 4.853322982788086,
    "Step 3.2.2.2.4: Evidence extraction (result 1)": 4.889708042144775,
    "Step 3.2.2: Search execution for claim 2 query 2": 40.06130790710449,
    "Step 3.1.2.1.4: Evidence extraction (result 2)": 4.402459144592285,
    "Step 3.3.2.2.4: Evidence extraction (result 4)": 4.443941116333008,
    "Step 3.1.2: Search execution for claim 1 query 1": 40.399917125701904,
    "Step 3.3.2: Search execution for claim 3 query 2": 40.44396996498108,
    "Step 3.1.2.2.2: Reliability assessment (result 3)": 10.275598049163818,
    "Step 3.1.2.2.3: Content fetching (result 4)": 8.586283922195435,
    "Step 3.1.2.2.3: Content fetching (result 2)": 7.966181993484497,
    "Step 3.1.2.2.3: Content fetching (result 5)": 7.783868312835693,
    "Step 3.1.2.2.3: Content fetching (result 6)": 7.772773742675781,
    "Step 3.1.2.2.3: Content fetching (result 3)": 3.221177816390991,
    "Step 3.1.2.2.2: Reliability assessment (result 1)": 15.304556131362915,
    "Step 3.1.2.2.4: Evidence extraction (result 3)": 1.8350510597229004,
    "Step 3.1.2.2.4: Evidence extraction (result 5)": 2.054382085800171,
    "Step 3.1.2.2.3: Content fetching (result 1)": 1.3472440242767334,
    "Step 3.1.2.2.4: Evidence extraction (result 4)": 3.188476085662842,
    "Step 3.1.2.2.4: Evidence extraction (result 2)": 3.4819319248199463,
    "Step 3.1.2.2.4: Evidence extraction (result 6)": 3.5723531246185303,
    "Step 3.1.2.2.4: Evidence extraction (result 1)": 3.316910982131958,
    "Step 3.1.2: Search execution for claim 1 query 2": 50.2881178855896,
    "Step 3.2.2.1.3: Content fetching (result 3)": 20.607399940490723,
    "Step 3.2.2.1.3: Content fetching (result 4)": 20.00331711769104,
    "Step 3.2.2.1.3: Content fetching (result 2)": 19.65495991706848,
    "Step 3.2.2.1.3: Content fetching (result 6)": 19.578979015350342,
    "Step 3.2.2.1.3: Content fetching (result 5)": 19.514639139175415,
    "Step 3.1.3: Verdict generation for claim 1": 1.5376529693603516,
    "Step 3.2.2.1.4: Evidence extraction (result 6)": 1.9964861869812012,