{
  "timing": {
    "total_seconds": 110.32894897460938,
    "Step 1: Transcript extraction": 1.0909812450408936,
    "Step 2: Claim extraction": 7.080887079238892,
    "Step 3.2.1: Query generation for claim 2": 12.67643690109253,
    "Step 3.2.2.1.1.1: Google Search API (batch 1)": 1.160762071609497,
    "Step 3.2.2.2.1.1: Google Search API (batch 1)": 1.1196508407592773,
    "Step 3.2.2.1.2: Reliability assessment (result 2)": 0.00041985511779785156,
    "Step 3.2.2.1.2: Reliability assessment (result 3)": 0.0004553794860839844,
    "Step 3.2.2.1.2: Reliability assessment (result 5)": 0.00047206878662109375,
    "Step 3.2.2.1.2: Reliability assessment (result 4)": 0.6415989398956299,
    "Step 3.2.2.1.2: Reliability assessment (result 6)": 0.8088259696960449,
    "Step 3.2.2.1.2: Reliability assessment (result 1)": 1.0527079105377197,
    "Step 3.2.2.2.2: Reliability assessment (result 2)": 0.4093301296234131,
    "Step 3.2.2.2.2: Reliability assessment (result 4)": 0.6307740211486816,
    "Step 3.2.2.2.2: Reliability assessment (result 3)": 0.7187919616699219,
    "Step 3.2.2.2.2: Reliability assessment (result 5)": 0.7248330116271973,
    "Step 3.1.1: Query generation for claim 1": 20.40482997894287,
    "Step 3.2.2.2.2: Reliability assessment (result 1)": 1.0155229568481445,
    "Step 3.2.2.2.2: Reliability assessment (result 6)": 1.0154991149902344,
    "Step 3.3.1: Query generation for claim 3": 20.70075297355652,
    "Step 3.1.2.2.1.1: Google Search API (batch 1)": 0.8933908939361572,
    "Step 3.3.2.1.1.1: Google Search API (batch 1)": 0.7967748641967773,
    "Step 3.3.2.2.1.1: Google Search API (batch 1)": 0.8478450775146484,
    "Step 3.1.2.1.1.1: Google Search API (batch 1)": 1.280898094177246,
    "Step 3.1.2.2.2: Reliability assessment (result 1)": 0.0003609657287597656,
    "Step 3.1.2.2.2: Reliability assessment (result 4)": 0.0009238719940185547,
    "Step 3.1.2.2.2: Reliability assessment (result 5)": 0.0010418891906738281,
    "Step 3.1.2.2.2: Reliability assessment (result 6)": 0.4756009578704834,
    "Step 3.1.2.2.2: Reliability assessment (result 3)": 0.5522210597991943,
    "Step 3.1.2.2.2: Reliability assessment (result 2)": 0.5584080219268799,
    "Step 3.2.2.1.3: Content fetching (result 2)": 14.281536102294922,
    "Step 3.2.2.1.3: Content fetching (result 5)": 14.625337839126587,
    "Step 3.2.2.1.3: Content fetching (result 3)": 14.626094818115234,
    "Step 3.2.2.1.3: Content fetching (result 4)": 13.985166072845459,
    "Step 3.2.2.1.3: Content fetching (result 6)": 13.818150043487549,
    "Step 3.2.2.1.3: Content fetching (result 1)": 13.57500696182251,
    "Step 3.1.2.1.2: Reliability assessment (result 1)": 0.0029120445251464844,
    "Step 3.1.2.1.2: Reliability assessment (result 3)": 0.0028994083404541016,
    "Step 3.1.2.1.2: Reliability assessment (result 5)": 0.002955913543701172,
    "Step 3.1.2.1.2: Reliability assessment (result 4)": 0.6578171253204346,
    "Step 3.1.2.1.2: Reliability assessment (result 6)": 0.8243639469146729,
    "Step 3.1.2.1.2: Reliability assessment (result 2)": 1.1846349239349365,
    "Step 3.2.2.1.4: Evidence extraction (result 3)": 4.3795740604400635,
    "Step 3.2.2.1.4: Evidence extraction (result 4)": 4.485324144363403,
    "Step 3.2.2.2.3: Content fetching (result 2)": 17.226825952529907,
    "Step 3.2.2.2.3: Content fetching (result 4)": 17.00730299949646,
    "Step 3.2.2.2.3: Content fetching (result 3)": 16.921447277069092,
    "Step 3.3.2.1.2: Reliability assessment (result 2)": 2.412743091583252,
    "Step 3.2.2.2.3: Content fetching (result 5)": 16.917602062225342,
    "Step 3.2.2.2.3: Content fetching (result 6)": 16.629191160202026,
    "Step 3.2.2.1.4: Evidence extraction (result 1)": 4.707991123199463,
    "Step 3.2.2.2.3: Content fetching (result 1)": 16.632588148117065,
    "Step 3.2.2.1.4: Evidence extraction (result 6)": 4.784124135971069,
    "Step 3.1.2.2.3: Content fetching (result 1)": 13.625304222106934,
    "Step 3.1.2.2.3: Content fetching (result 4)": 13.630921125411987,
    "Step 3.1.2.2.3: Content fetching (result 5)": 13.63313889503479,
    "Step 3.1.2.2.3: Content fetching (result 6)": 13.161623239517212,
    "Step 3.1.2.2.3: Content fetching (result 3)": 13.086639881134033,
    "Step 3.1.2.2.3: Content fetching (result 2)": 13.083786964416504,
    "Step 3.3.2.1.2: Reliability assessment (result 6)": 3.30546498298645,
    "Step 3.3.2.1.2: Reliability assessment (result 5)": 3.3991618156433105,
    "Step 3.3.2.1.2: Reliability assessment (result 3)": 3.69026780128479,
    "Step 3.3.2.1.2: Reliability assessment (result 4)": 3.6982529163360596,
    "Step 3.3.2.1.2: Reliability assessment (result 1)": 3.698361873626709,
    "Step 3.3.2.2.2: Reliability assessment (result 2)": 0.0005331039428710938,
    "Step 3.3.2.2.2: Reliability assessment (result 3)": 1.0602920055389404,
    "Step 3.3.2.2.2: Reliability assessment (result 4)": 1.0685639381408691,
    "Step 3.3.2.2.2: Reliability assessment (result 1)": 1.0969929695129395,
    "Step 3.3.2.2.2: Reliability assessment (result 5)": 1.1058309078216553,
    "Step 3.1.2.1.3: Content fetching (result 1)": 14.901947975158691,
    "Step 3.1.2.1.3: Content fetching (result 3)": 14.906857013702393,
    "Step 3.1.2.1.3: Content fetching (result 5)": 14.909016847610474,
    "Step 3.1.2.1.3: Content fetching (result 4)": 14.256079196929932,
    "Step 3.1.2.1.3: Content fetching (result 6)": 14.091428995132446,
    "Step 3.1.2.1.3: Content fetching (result 2)": 13.733274698257446,
    "Step 3.2.2.1.4: Evidence extraction (result 2)": 21.324535131454468,
    "Step 3.2.2.1.4: Evidence extraction (result 5)": 21.05785894393921,
    "Step 3.2.2: Search execution for claim 2 query 1": 40.910430908203125,
    "Step 3.3.2.1.3: Content fetching (result 2)": 17.732465982437134,
    "Step 3.3.2.1.3: Content fetching (result 6)": 16.84190797805786,
    "Step 3.3.2.1.3: Content fetching (result 5)": 16.750121116638184,
    "Step 3.3.2.1.3: Content fetching (result 3)": 16.46170687675476,
    "Step 3.3.2.1.3: Content fetching (result 4)": 16.45640993118286,
    "Step 3.3.2.1.3: Content fetching (result 1)": 16.458105087280273,
    "Step 3.2.2.2.4: Evidence extraction (result 4)": 18.1547269821167,
    "Step 3.2.2.2.4: Evidence extraction (result 2)": 18.210926055908203,
    "Step 3.2.2.2.4: Evidence extraction (result 3)": 18.33796215057373,
    "Step 3.1.2.2.4: Evidence extraction (result 4)": 18.316901922225952,
    "Step 3.1.2.2.4: Evidence extraction (result 2)": 18.337992906570435,
    "Step 3.2.2.2.4: Evidence extraction (result 1)": 18.494816064834595,
    "Step 3.2.2.2.4: Evidence extraction (result 5)": 18.517282962799072,
    "Step 3.1.2.2.4: Evidence extraction (result 3)": 18.40509009361267,
    "Step 3.1.2.2.4: Evidence extraction (result 6)": 18.42415475845337,
    "Step 3.2.2.2.4: Evidence extraction (result 6)": 18.605658292770386,
    "Step 3.2.2: Search execution for claim 2 query 2": 43.110954999923706,
    "Step 3.1.2.2.4: Evidence extraction (result 1)": 18.611738204956055,
    "Step 3.1.2.2.4: Evidence extraction (result 5)": 18.6028790473938,
    "Step 3.1.2: Search execution for claim 1 query 2": 35.51400709152222,
    "Step 3.3.2.2.3: Content fetching (result 5)": 23.97114372253418,
    "Step 3.3.2.2.3: Content fetching (result 2)": 25.77333688735962,
    "Step 3.3.2.2.3: Content fetching (result 3)": 24.715431928634644,
    "Step 3.3.2.2.3: Content fetching (result 4)": 24.709006309509277,
    "Step 3.3.2.2.3: Content fetching (result 1)": 24.682511806488037,
    "Step 3.1.2.1.4: Evidence extraction (result 4)": 18.026326894760132,
    "Step 3.1.2.1.4: Evidence extraction (result 2)": 18.0273380279541,
    "Step 3.1.2.1.4: Evidence extraction (result 6)": 18.035751819610596,
    "Step 3.1.2.1.4: Evidence extraction (result 5)": 18.11986780166626,
    "Step 3.1.2.1.4: Evidence extraction (result 1)": 18.139070987701416,
    "Step 3.1.2.1.4: Evidence extraction (result 3)": 18.18995189666748,