{
  "timing": {
    "total_seconds": 86.45405793190002,
    "Step 1: Transcript extraction": 0.8154332637786865,
    "Step 2: Claim extraction": 11.812650918960571,
    "Step 3.1.1: Query generation for claim 1": 2.388122797012329,
    "Step 3.2.1: Query generation for claim 2": 2.5120911598205566,
    "Step 3.4.1: Query generation for claim 4": 2.7072672843933105,
    "Step 3.3.1: Query generation for claim 3": 2.8476781845092773,
    "Step 3.5.1: Query generation for claim 5": 2.9315948486328125,
    "Step 3.1.2.2.1.1: Google Search API (batch 1)": 0.783113956451416,
    "Step 3.1.2.1.1.1: Google Search API (batch 1)": 0.9596271514892578,
    "Step 3.2.2.1.1.1: Google Search API (batch 1)": 0.9280991554260254,
    "Step 3.2.2.2.1.1: Google Search API (batch 1)": 1.0308778285980225,
    "Step 3.5.2.1.1.1: Google Search API (batch 1)": 0.7048790454864502,
    "Step 3.4.2.1.1.1: Google Search API (batch 1)": 0.984393835067749,
    "Step 3.4.2.2.1.1: Google Search API (batch 1)": 0.9462401866912842,
    "Step 3.5.2.2.1.1: Google Search API (batch 1)": 0.7413249015808105,
    "Step 3.3.2.1.1.1: Google Search API (batch 1)": 1.0037291049957275,
    "Step 3.3.2.2.1.1: Google Search API (batch 1)": 1.300642967224121,
    "Step 3.5.2.1.2: Reliability assessment (result 4)": 0.31160569190979004,
    "Step 3.5.2.1.2: Reliability assessment (result 1)": 0.3117842674255371,
    "Step 3.5.2.1.2: Reliability assessment (result 2)": 0.3119380474090576,
    "Step 3.5.2.1.2: Reliability assessment (result 5)": 0.3121039867401123,
    "Step 3.5.2.1.2: Reliability assessment (result 3)": 0.3121452331542969,
    "Step 3.3.2.2.2: Reliability assessment (result 1)": 0.0009601116180419922,
    "Step 3.3.2.2.2: Reliability assessment (result 2)": 0.0011088848114013672,
    "Step 3.3.2.2.2: Reliability assessment (result 4)": 0.001110076904296875,
    "Step 3.3.2.2.2: Reliability assessment (result 5)": 0.20336699485778809,
    "Step 3.4.2.2.2: Reliability assessment (result 2)": 0.7040200233459473,
    "Step 3.4.2.2.2: Reliability assessment (result 4)": 1.0373919010162354,
    "Step 3.4.2.2.2: Reliability assessment (result 1)": 1.037790060043335,
    "Step 3.4.2.2.2: Reliability assessment (result 3)": 1.03751802444458,
    "Step 3.4.2.2.2: Reliability assessment (result 5)": 1.0375287532806396,
    "Step 3.1.2.2.2: Reliability assessment (result 2)": 0.3337972164154053,
    "Step 3.1.2.2.2: Reliability assessment (result 3)": 0.33381080627441406,
    "Step 3.1.2.2.2: Reliability assessment (result 4)": 0.3338198661804199,
    "Step 3.4.2.1.2: Reliability assessment (result 1)": 0.3337709903717041,
    "Step 3.4.2.1.2: Reliability assessment (result 2)": 0.3337831497192383,
    "Step 3.1.2.2.2: Reliability assessment (result 1)": 0.33425307273864746,
    "Step 3.4.2.1.2: Reliability assessment (result 5)": 0.33433985710144043,
    "Step 3.4.2.1.2: Reliability assessment (result 4)": 0.33452701568603516,
    "Step 3.4.2.1.2: Reliability assessment (result 3)": 0.9092440605163574,
    "Step 3.1.2.2.2: Reliability assessment (result 5)": 1.2740678787231445,
    "Step 3.5.2.2.2: Reliability assessment (result 1)": 0.9404473304748535,
    "Step 3.5.2.2.2: Reliability assessment (result 2)": 1.227874755859375,
    "Step 3.5.2.1.3: Content fetching (result 4)": 3.231982946395874,
    "Step 3.5.2.2.2: Reliability assessment (result 3)": 1.6940019130706787,
    "Step 3.5.2.2.2: Reliability assessment (result 5)": 1.9748179912567139,
    "Step 3.5.2.1.3: Content fetching (result 3)": 3.639824867248535,
    "Step 3.5.2.1.3: Content fetching (result 5)": 3.6419029235839844,
    "Step 3.5.2.1.3: Content fetching (result 2)": 3.644263982772827,
    "Step 3.5.2.1.3: Content fetching (result 1)": 3.646559953689575,
    "Step 3.5.2.2.2: Reliability assessment (result 4)": 2.206928253173828,
    "Step 3.4.2.1.3: Content fetching (result 1)": 3.941209316253662,
    "Step 3.4.2.1.3: Content fetching (result 2)": 5.319897890090942,
    "Step 3.4.2.1.3: Content fetching (result 5)": 5.975109815597534,
    "Step 3.4.2.1.3: Content fetching (result 4)": 5.9809510707855225,
    "Step 3.3.2.2.3: Content fetching (result 4)": 7.976276397705078,
    "Step 3.3.2.2.3: Content fetching (result 1)": 7.977025032043457,
    "Step 3.3.2.2.3: Content fetching (result 2)": 7.97723388671875,
    "Step 3.3.2.2.3: Content fetching (result 5)": 7.775032043457031,
    "Step 3.4.2.1.3: Content fetching (result 3)": 6.30666708946228,
    "Step 3.3.2.1.2: Reliability assessment (result 1)": 0.5669128894805908,
    "Step 3.3.2.1.2: Reliability assessment (result 3)": 0.6275439262390137,
    "Step 3.3.2.1.2: Reliability assessment (result 4)": 0.6275970935821533,
    "Step 3.3.2.1.2: Reliability assessment (result 5)": 0.6276121139526367,
    "Step 3.3.2.2.2: Reliability assessment (result 3)": 10.265220880508423,
    "Step 3.5.2.1.4: Evidence extraction (result 1)": 6.902312994003296,
    "Step 3.4.2.2.3: Content fetching (result 2)": 9.394790887832642,
    "Step 3.4.2.2.3: Content fetching (result 1)": 9.063540935516357,
    "Step 3.4.2.2.3: Content fetching (result 4)": 9.065593004226685,
    "Step 3.4.2.2.3: Content fetching (result 3)": 9.068243980407715,
    "Step 3.4.2.2.3: Content fetching (result 5)": 9.07026720046997,
    "Step 3.5.2.1.4: Evidence extraction (result 5)": 7.1639978885650635,
    "Step 3.3.2.1.2: Reliability assessment (result 2)": 2.9478237628936768,
    "Step 3.2.2.2.2: Reliability assessment (result 3)": 1.4256269931793213,
    "Step 3.2.2.2.2: Reliability assessment (result 2)": 2.0867738723754883,
    "Step 3.2.2.2.2: Reliability assessment (result 6)": 2.0868289470672607,
    "Step 3.2.2.2.2: Reliability assessment (result 1)": 2.0898890495300293,
    "Step 3.2.2.2.2: Reliability assessment (result 5)": 2.202025890350342,
    "Step 3.5.2.2.3: Content fetching (result 1)": 9.170945882797241,
    "Step 3.5.2.2.3: Content fetching (result 2)": 8.901639938354492,
    "Step 3.1.2.1.2: Reliability assessment (result 2)": 0.2332601547241211,
    "Step 3.1.2.1.2: Reliability assessment (result 3)": 0.23334383964538574,
    "Step 3.2.2.2.2: Reliability assessment (result 4)": 2.2919530868530273,
    "Step 3.1.2.1.2: Reliability assessment (result 5)": 0.2337479591369629,
    "Step 3.5.2.2.3: Content fetching (result 3)": 8.437072992324829,
    "Step 3.5.2.2.3: Content fetching (result 5)": 8.158512115478516,
    "Step 3.5.2.2.3: Content fetching (result 4)": 7.929303169250488,
    "Step 3.5.2.1.4: Evidence extraction (result 3)": 8.91364312171936,
    "Step 3.4.2.1.4: Evidence extraction (result 2)": 5.66333794593811,
    "Step 3.1.2.1.2: Reliability assessment (result 1)": 1.0977730751037598,
    "Step 3.1.2.1.2: Reliability assessment (result 4)": 1.1067211627960205,
    "Step 3.5.2.1.4: Evidence extraction (result 2)": 9.022276878356934,
    "Step 3.3.2.2.3: Content fetching (result 3)": 2.693640947341919,
    "Step 3.4.2.1.4: Evidence extraction (result 1)": 7.367555856704712,
    "Step 3.4.2.1.4: Evidence extraction (result 3)": 4.634155035018921,
    "Step 3.5.2.2.4: Evidence extraction (result 1)": 1.917738914489746,
    "Step 3.3.2.2.4: Evidence extraction (result 5)": 6.17081880569458,
    "Step 3.4.2.1.4: Evidence extraction (result 5)": 6.545255184173584,
    "Step 3.3.2.2.4: Evidence extraction (result 4)": 6.286687850952148,
    "Step 3.4.2.2.4: Evidence extraction (result 5)": 3.731313943862915,
    "Step 3.3.2.2.4: Evidence extraction (result 1)": 6.488050222396851,
    "Step 3.3.2.2.4: Evidence extraction (result 2)": 6.7001378536224365,
    "Step 3.5.2.1.4: Evidence extraction (result 4)": 11.882668018341064,
    "Step 3.5.2: Search execution for claim 5 query 1": 18.69794988632202,
    "Step 3.4.2.2.4: Evidence extraction (result 3)": 4.654834032058716,
    "Step 3.4.2.2.4: Evidence extraction (result 1)": 5.115123748779297,
    "Step 3.3.2.2.4: Evidence extraction (result 3)": 3.4594340324401855,
    "Step 3.3.2: Search execution for claim 3 query 2": 20.0591402053833,