{
  "timing": {
    "total_seconds": 91.83389091491699,
    "Step 1: Transcript extraction": 1.2905871868133545,
    "Step 2: Claim extraction": 8.753028869628906,
    "Step 3.5.1: Query generation for claim 5": 2.284259080886841,
    "Step 3.4.1: Query generation for claim 4": 2.2878000736236572,
    "Step 3.2.1: Query generation for claim 2": 2.2923383712768555,
    "Step 3.1.1: Query generation for claim 1": 2.295424699783325,
    "Step 3.3.1: Query generation for claim 3": 2.6565728187561035,
    "Step 3.5.2.1.1.1: Google Search API (batch 1)": 1.467548131942749,
    "Step 3.3.2.2.1.1: Google Search API (batch 1)": 1.0977559089660645,
    "Step 3.4.2.1.1.1: Google Search API (batch 1)": 1.3922131061553955,
    "Step 3.2.2.1.1.1: Google Search API (batch 1)": 1.3106319904327393,
    "Step 3.5.2.2.1.1: Google Search API (batch 1)": 1.436048984527588,
    "Step 3.1.2.2.1.1: Google Search API (batch 1)": 1.1875100135803223,
    "Step 3.4.2.2.1.1: Google Search API (batch 1)": 1.3605780601501465,
    "Step 3.1.2.1.1.1: Google Search API (batch 1)": 1.2362067699432373,
    "Step 3.2.2.2.1.1: Google Search API (batch 1)": 1.2782652378082275,
    "Step 3.3.2.1.1.1: Google Search API (batch 1)": 1.1516070365905762,
    "Step 3.1.2.2.2: Reliability assessment (result 1)": 0.2978520393371582,
    "Step 3.1.2.2.2: Reliability assessment (result 2)": 0.29796695709228516,
    "Step 3.1.2.2.2: Reliability assessment (result 3)": 0.29813289642333984,
    "Step 3.1.2.2.2: Reliability assessment (result 5)": 0.2984631061553955,
    "Step 3.5.2.1.2: Reliability assessment (result 1)": 0.30741405487060547,
    "Step 3.5.2.1.2: Reliability assessment (result 2)": 0.30756497383117676,
    "Step 3.5.2.1.2: Reliability assessment (result 3)": 0.3081657886505127,
    "Step 3.1.2.1.2: Reliability assessment (result 2)": 0.001055002212524414,
    "Step 3.1.2.1.2: Reliability assessment (result 3)": 0.0010919570922851562,
    "Step 3.1.2.1.2: Reliability assessment (result 5)": 0.0011210441589355469,
    "Step 3.4.2.2.2: Reliability assessment (result 1)": 0.05814218521118164,
    "Step 3.1.2.2.2: Reliability assessment (result 4)": 1.0713450908660889,
    "Step 3.4.2.2.2: Reliability assessment (result 3)": 0.13779687881469727,
    "Step 3.4.2.2.2: Reliability assessment (result 4)": 0.1378159523010254,
    "Step 3.4.2.2.2: Reliability assessment (result 5)": 0.38593101501464844,
    "Step 3.1.2.1.2: Reliability assessment (result 1)": 0.9985451698303223,
    "Step 3.1.2.1.2: Reliability assessment (result 4)": 1.025785207748413,
    "Step 3.4.2.2.2: Reliability assessment (result 2)": 1.1968019008636475,
    "Step 3.5.2.1.3: Content fetching (result 1)": 5.428069114685059,
    "Step 3.5.2.1.3: Content fetching (result 3)": 5.4294538497924805,
    "Step 3.5.2.1.3: Content fetching (result 2)": 5.432141065597534,
    "Step 3.2.2.2.2: Reliability assessment (result 2)": 4.045116901397705,
    "Step 3.2.2.2.2: Reliability assessment (result 3)": 4.045145034790039,
    "Step 3.2.2.2.2: Reliability assessment (result 4)": 5.084053993225098,
    "Step 3.2.2.2.2: Reliability assessment (result 1)": 5.119034051895142,
    "Step 3.2.2.2.2: Reliability assessment (result 5)": 6.205996036529541,
    "Step 3.2.2.1.2: Reliability assessment (result 2)": 5.083036184310913,
    "Step 3.2.2.1.2: Reliability assessment (result 3)": 5.083093166351318,
    "Step 3.2.2.1.2: Reliability assessment (result 1)": 5.341447114944458,
    "Step 3.5.2.2.2: Reliability assessment (result 1)": 5.408177852630615,
    "Step 3.5.2.2.2: Reliability assessment (result 2)": 5.40826416015625,
    "Step 3.2.2.1.2: Reliability assessment (result 4)": 5.756502866744995,
    "Step 3.5.2.2.2: Reliability assessment (result 3)": 5.913512945175171,
    "Step 3.5.2.2.2: Reliability assessment (result 5)": 6.381407022476196,
    "Step 3.4.2.1.2: Reliability assessment (result 1)": 6.381475925445557,
    "Step 3.2.2.1.2: Reliability assessment (result 5)": 6.576771020889282,
    "Step 3.4.2.1.2: Reliability assessment (result 3)": 6.5770180225372314,
    "Step 3.1.2.1.3: Content fetching (result 2)": 10.010801076889038,
    "Step 3.1.2.1.3: Content fetching (result 3)": 10.015432834625244,
    "Step 3.5.2.2.2: Reliability assessment (result 4)": 6.634516954421997,
    "Step 3.1.2.1.3: Content fetching (result 5)": 10.022564888000488,
    "Step 3.1.2.1.3: Content fetching (result 1)": 9.026139974594116,
    "Step 3.1.2.1.3: Content fetching (result 4)": 8.999914169311523,
    "Step 3.1.2.2.3: Content fetching (result 1)": 10.477227926254272,
    "Step 3.1.2.2.3: Content fetching (result 2)": 10.479136943817139,
    "Step 3.1.2.2.3: Content fetching (result 5)": 10.480844020843506,
    "Step 3.1.2.2.3: Content fetching (result 3)": 10.484678983688354,
    "Step 3.1.2.2.3: Content fetching (result 4)": 9.714782953262329,
    "Step 3.4.2.1.2: Reliability assessment (result 2)": 7.093124151229858,
    "Step 3.4.2.1.2: Reliability assessment (result 4)": 7.756019115447998,
    "Step 3.4.2.2.3: Content fetching (result 1)": 20.27585506439209,
    "Step 3.4.2.2.3: Content fetching (result 3)": 20.200403213500977,
    "Step 3.4.2.2.3: Content fetching (result 4)": 20.202463150024414,
    "Step 3.4.2.2.3: Content fetching (result 5)": 19.956298828125,
    "Step 3.4.2.2.3: Content fetching (result 2)": 19.147473096847534,
    "Step 3.5.2.1.4: Evidence extraction (result 1)": 20.933473825454712,
    "Step 3.5.2.1.4: Evidence extraction (result 3)": 20.936704874038696,
    "Step 3.5.2.1.4: Evidence extraction (result 2)": 21.011688947677612,
    "Step 3.5.2: Search execution for claim 5 query 1": 30.67097282409668,
    "Step 3.4.2.1.3: Content fetching (result 1)": 18.936622142791748,
    "Step 3.4.2.1.3: Content fetching (result 3)": 18.742974996566772,
    "Step 3.4.2.1.3: Content fetching (result 2)": 18.228723287582397,
    "Step 3.2.2.1.3: Content fetching (result 3)": 20.662550926208496,
    "Step 3.2.2.1.3: Content fetching (result 2)": 20.66334581375122,
    "Step 3.2.2.1.3: Content fetching (result 1)": 20.405723810195923,
    "Step 3.2.2.1.3: Content fetching (result 4)": 19.991162061691284,
    "Step 3.2.2.1.3: Content fetching (result 5)": 19.170865058898926,
    "Step 3.3.2.2.2: Reliability assessment (result 1)": 0.007243633270263672,
    "Step 3.3.2.2.2: Reliability assessment (result 3)": 0.007359981536865234,
    "Step 3.3.2.2.2: Reliability assessment (result 4)": 0.00739598274230957,
    "Step 3.5.2.2.3: Content fetching (result 1)": 21.53664994239807,
    "Step 3.5.2.2.3: Content fetching (result 2)": 21.538444995880127,
    "Step 3.5.2.2.3: Content fetching (result 3)": 21.03697896003723,
    "Step 3.5.2.2.3: Content fetching (result 5)": 20.571377992630005,
    "Step 3.5.2.2.3: Content fetching (result 4)": 20.32018208503723,
    "Step 3.3.2.2.2: Reliability assessment (result 2)": 1.5682272911071777,
    "Step 3.3.2.1.2: Reliability assessment (result 1)": 0.0024137496948242188,
    "Step 3.3.2.1.2: Reliability assessment (result 2)": 0.003329038619995117,
    "Step 3.3.2.1.2: Reliability assessment (result 5)": 0.003398895263671875,
    "Step 3.2.2.1.4: Evidence extraction (result 4)": 3.2199249267578125,
    "Step 3.3.2.1.2: Reliability assessment (result 3)": 1.7173209190368652,
    "Step 3.4.2.2.4: Evidence extraction (result 2)": 12.040170192718506,
    "Step 3.4.2.1.3: Content fetching (result 4)": 21.670017957687378,
    "Step 3.1.2.1.4: Evidence extraction (result 5)": 23.007272958755493,
    "Step 3.1.2.2.4: Evidence extraction (result 4)": 22.880367040634155,
    "Step 3.2.2.1.4: Evidence extraction (result 1)": 3.9482810497283936,
    "Step 3.1.2.1.4: Evidence extraction (result 1)": 23.11580991744995,
    "Step 3.4.2.2.4: Evidence extraction (result 3)": 12.569722890853882,
    "Step 3.2.2.1.4: Evidence extraction (result 2)": 4.386106252670288,
    "Step 3.4.2.1.4: Evidence extraction (result 3)": 4.974842071533203,
    "Step 3.1.2.2.4: Evidence extraction (result 5)": 23.584308862686157,