{
  "timing": {
    "total_seconds": 116.30552983283997,
    "Step 1: Transcript extraction": 1.025331974029541,
    "Step 2: Claim extraction": 19.488420009613037,
    "Step 3.1.1: Query generation for claim 1": 1.875891923904419,
    "Step 3.5.1: Query generation for claim 5": 1.9967460632324219,
    "Step 3.2.1: Query generation for claim 2": 2.2622640132904053,
    "Step 3.4.1: Query generation for claim 4": 2.3705341815948486,
    "Step 3.5.2.1.1.1: Google Search API (batch 1)": 1.0720479488372803,
    "Step 3.3.1: Query generation for claim 3": 3.1093668937683105,
    "Step 3.1.2.2.1.1: Google Search API (batch 1)": 1.1239407062530518,
    "Step 3.1.2.1.1.1: Google Search API (batch 1)": 1.2872450351715088,
    "Step 3.5.2.2.1.1: Google Search API (batch 1)": 1.1593360900878906,
    "Step 3.2.2.1.1.1: Google Search API (batch 1)": 1.0374462604522705,
    "Step 3.4.2.1.1.1: Google Search API (batch 1)": 1.060642957687378,
    "Step 3.2.2.2.1.1: Google Search API (batch 1)": 1.2318882942199707,
    "Step 3.3.2.2.1.1: Google Search API (batch 1)": 0.815270185470581,
    "Step 3.3.2.1.1.1: Google Search API (batch 1)": 0.9338841438293457,
    "Step 3.4.2.2.1.1: Google Search API (batch 1)": 1.6690659523010254,
    "Step 3.5.2.1.2: Reliability assessment (result 1)": 0.0011029243469238281,
    "Step 3.5.2.1.2: Reliability assessment (result 3)": 0.0011451244354248047,
    "Step 3.5.2.1.2: Reliability assessment (result 4)": 0.0013580322265625,
    "Step 3.5.2.1.2: Reliability assessment (result 5)": 0.0015878677368164062,
    "Step 3.5.2.1.2: Reliability assessment (result 2)": 1.058560848236084,
    "Step 3.5.2.2.2: Reliability assessment (result 1)": 0.0003790855407714844,
    "Step 3.5.2.2.2: Reliability assessment (result 2)": 0.0007040500640869141,
    "Step 3.1.2.1.2: Reliability assessment (result 3)": 0.3262040615081787,
    "Step 3.1.2.1.2: Reliability assessment (result 4)": 0.32603979110717773,
    "Step 3.5.2.2.2: Reliability assessment (result 3)": 0.6533958911895752,
    "Step 3.4.2.1.2: Reliability assessment (result 1)": 0.0004940032958984375,
    "Step 3.5.2.2.2: Reliability assessment (result 4)": 0.7454850673675537,
    "Step 3.1.2.1.2: Reliability assessment (result 1)": 0.5825679302215576,
    "Step 3.4.2.1.2: Reliability assessment (result 3)": 0.592534065246582,
    "Step 3.1.2.1.2: Reliability assessment (result 2)": 1.0093111991882324,
    "Step 3.4.2.1.2: Reliability assessment (result 4)": 0.9500041007995605,
    "Step 3.4.2.1.2: Reliability assessment (result 5)": 1.2917430400848389,
    "Step 3.4.2.1.2: Reliability assessment (result 2)": 1.2918221950531006,
    "Step 3.5.2.1.3: Content fetching (result 1)": 8.109693050384521,
    "Step 3.1.2.2.2: Reliability assessment (result 1)": 3.7512457370758057,
    "Step 3.5.2.1.3: Content fetching (result 3)": 8.11127495765686,
    "Step 3.5.2.1.3: Content fetching (result 4)": 8.112909078598022,
    "Step 3.5.2.1.3: Content fetching (result 5)": 8.114546060562134,
    "Step 3.5.2.1.3: Content fetching (result 2)": 7.05996298789978,
    "Step 3.1.2.2.2: Reliability assessment (result 3)": 4.420287847518921,
    "Step 3.1.2.2.2: Reliability assessment (result 5)": 4.572548866271973,
    "Step 3.1.2.2.2: Reliability assessment (result 4)": 4.5727150440216064,
    "Step 3.1.2.2.2: Reliability assessment (result 2)": 4.906176805496216,
    "Step 3.5.2.2.3: Content fetching (result 1)": 7.424777030944824,
    "Step 3.5.2.2.3: Content fetching (result 2)": 7.4272871017456055,
    "Step 3.5.2.2.3: Content fetching (result 3)": 6.778174877166748,
    "Step 3.5.2.2.3: Content fetching (result 4)": 6.687923908233643,
    "Step 3.3.2.1.2: Reliability assessment (result 1)": 0.003083944320678711,
    "Step 3.3.2.1.2: Reliability assessment (result 2)": 0.0031201839447021484,
    "Step 3.3.2.1.2: Reliability assessment (result 3)": 0.8044233322143555,
    "Step 3.3.2.1.2: Reliability assessment (result 5)": 1.1270148754119873,
    "Step 3.3.2.1.2: Reliability assessment (result 4)": 1.2712876796722412,
    "Step 3.4.2.1.3: Content fetching (result 3)": 10.900851964950562,
    "Step 3.4.2.1.3: Content fetching (result 1)": 11.494929075241089,
    "Step 3.4.2.1.3: Content fetching (result 4)": 10.551005840301514,
    "Step 3.4.2.1.3: Content fetching (result 5)": 10.211429119110107,
    "Step 3.4.2.2.2: Reliability assessment (result 1)": 1.3506739139556885,
    "Step 3.4.2.1.3: Content fetching (result 2)": 10.213265895843506,
    "Step 3.4.2.2.2: Reliability assessment (result 3)": 1.3523788452148438,
    "Step 3.4.2.2.2: Reliability assessment (result 4)": 2.1194958686828613,
    "Step 3.1.2.1.3: Content fetching (result 3)": 12.795650005340576,
    "Step 3.4.2.2.2: Reliability assessment (result 2)": 2.6488771438598633,
    "Step 3.1.2.1.3: Content fetching (result 4)": 12.801900148391724,
    "Step 3.1.2.1.3: Content fetching (result 1)": 12.547855854034424,
    "Step 3.1.2.1.3: Content fetching (result 2)": 12.123289108276367,
    "Step 3.3.2.2.1.2: Google Search API (batch 2)": 3.3619937896728516,
    "Step 3.2.2.1.2: Reliability assessment (result 1)": 1.1884419918060303,
    "Step 3.2.2.1.2: Reliability assessment (result 3)": 1.695634126663208,
    "Step 3.2.2.1.2: Reliability assessment (result 4)": 1.8197870254516602,
    "Step 3.2.2.1.2: Reliability assessment (result 5)": 3.5365288257598877,
    "Step 3.2.2.1.2: Reliability assessment (result 2)": 4.111800193786621,
    "Step 3.4.2.2.3: Content fetching (result 1)": 9.750733852386475,
    "Step 3.4.2.2.3: Content fetching (result 3)": 9.751448154449463,
    "Step 3.4.2.2.3: Content fetching (result 4)": 8.986557006835938,
    "Step 3.4.2.2.3: Content fetching (result 2)": 8.45938515663147,
    "Step 3.4.2.2.2: Reliability assessment (result 5)": 12.785179138183594,
    "Step 3.3.2.2.2: Reliability assessment (result 1)": 1.0374419689178467,
    "Step 3.3.2.2.2: Reliability assessment (result 2)": 1.2790038585662842,
    "Step 3.4.2.2.4: Evidence extraction (result 1)": 3.3880581855773926,
    "Step 3.3.2.2.2: Reliability assessment (result 3)": 2.3106508255004883,
    "Step 3.3.2.2.2: Reliability assessment (result 4)": 2.3907928466796875,
    "Step 3.5.2.1.4: Evidence extraction (result 5)": 20.435487985610962,
    "Step 3.1.2.1.4: Evidence extraction (result 3)": 12.688774824142456,
    "Step 3.5.2.1.4: Evidence extraction (result 4)": 20.607070207595825,
    "Step 3.5.2.1.4: Evidence extraction (result 2)": 20.6821551322937,
    "Step 3.4.2.1.4: Evidence extraction (result 1)": 14.338265180587769,
    "Step 3.1.2.2.3: Content fetching (result 1)": 20.864778995513916,
    "Step 3.1.2.2.3: Content fetching (result 3)": 20.197694063186646,
    "Step 3.1.2.2.3: Content fetching (result 5)": 20.04751229286194,
    "Step 3.1.2.2.3: Content fetching (result 4)": 20.04941201210022,
    "Step 3.1.2.2.3: Content fetching (result 2)": 19.718225955963135,
    "Step 3.5.2.1.4: Evidence extraction (result 1)": 20.883698225021362,
    "Step 3.5.2.1.4: Evidence extraction (result 3)": 20.99873685836792,
    "Step 3.5.2: Search execution for claim 5 query 1": 32.981817960739136,
    "Step 3.4.2.2.4: Evidence extraction (result 4)": 4.878902196884155,
    "Step 3.3.2.1.3: Content fetching (result 1)": 19.355008125305176,
    "Step 3.3.2.1.3: Content fetching (result 2)": 19.359098196029663,
    "Step 3.3.2.1.3: Content fetching (result 3)": 18.56294298171997,
    "Step 3.3.2.1.3: Content fetching (result 5)": 18.247206926345825,
    "Step 3.3.2.1.3: Content fetching (result 4)": 18.10552716255188,
    "Step 3.5.2.2.4: Evidence extraction (result 2)": 20.001127004623413,
    "Step 3.2.2.2.2: Reliability assessment (result 4)": 1.9465980529785156,
    "Step 3.2.2.2.2: Reliability assessment (result 3)": 1.9789540767669678,
    "Step 3.5.2.2.4: Evidence extraction (result 4)": 20.510818004608154,
    "Step 3.5.2.2.4: Evidence extraction (result 1)": 20.607426166534424,
    "Step 3.5.2.2.4: Evidence extraction (result 3)": 20.65900492668152,