{
  "timing": {
    "total_seconds": 126.66169238090515,
    "Step 1: Transcript extraction": 0.8731529712677002,
    "Step 2: Claim extraction": 25.434129238128662,
    "Step 3.1.1: Query generation for claim 1": 1.6472737789154053,
    "Step 3.7.1: Query generation for claim 7": 1.7641432285308838,
    "Step 3.2.1: Query generation for claim 2": 1.8500640392303467,
    "Step 3.5.1: Query generation for claim 5": 1.9664602279663086,
    "Step 3.3.1: Query generation for claim 3": 2.053929090499878,
    "Step 3.4.1: Query generation for claim 4": 2.1955041885375977,
    "Step 3.1.2.2.1.1: Google Search API (batch 1)": 1.1653518676757812,
    "Step 3.5.2.1.1.1: Google Search API (batch 1)": 0.9526801109313965,
    "Step 3.5.2.2.1.1: Google Search API (batch 1)": 0.9514448642730713,
    "Step 3.2.2.2.1.1: Google Search API (batch 1)": 1.1004090309143066,
    "Step 3.2.2.1.1.1: Google Search API (batch 1)": 1.1458752155303955,
    "Step 3.1.2.1.1.1: Google Search API (batch 1)": 1.3432509899139404,
    "Step 3.4.2.1.1.1: Google Search API (batch 1)": 0.8619441986083984,
    "Step 3.3.2.2.1.1: Google Search API (batch 1)": 0.9652481079101562,
    "Step 3.7.2.2.1.1: Google Search API (batch 1)": 1.2767109870910645,
    "Step 3.4.2.2.1.1: Google Search API (batch 1)": 0.8680307865142822,
    "Step 3.3.2.1.1.1: Google Search API (batch 1)": 1.1111030578613281,
    "Step 3.7.2.1.1.1: Google Search API (batch 1)": 1.4230268001556396,
    "Step 3.4.2.2.2: Reliability assessment (result 2)": 0.00033092498779296875,
    "Step 3.4.2.2.2: Reliability assessment (result 3)": 0.0016219615936279297,
    "Step 3.4.2.2.2: Reliability assessment (result 4)": 0.0016858577728271484,
    "Step 3.7.2.2.2: Reliability assessment (result 1)": 0.0003209114074707031,
    "Step 3.7.2.2.2: Reliability assessment (result 3)": 0.8760781288146973,
    "Step 3.4.2.2.2: Reliability assessment (result 1)": 2.181396007537842,
    "Step 3.7.2.2.2: Reliability assessment (result 2)": 1.3484249114990234,
    "Step 3.3.2.1.2: Reliability assessment (result 2)": 0.0004899501800537109,
    "Step 3.3.2.2.2: Reliability assessment (result 1)": 0.6850719451904297,
    "Step 3.3.2.2.2: Reliability assessment (result 3)": 0.6852929592132568,
    "Step 3.3.2.1.2: Reliability assessment (result 4)": 1.0142390727996826,
    "Step 3.3.2.1.2: Reliability assessment (result 5)": 1.3572731018066406,
    "Step 3.3.2.1.2: Reliability assessment (result 3)": 1.3573720455169678,
    "Step 3.3.2.2.2: Reliability assessment (result 4)": 1.0286362171173096,
    "Step 3.7.2.1.2: Reliability assessment (result 2)": 0.6647508144378662,
    "Step 3.7.2.1.2: Reliability assessment (result 4)": 0.6648130416870117,
    "Step 3.1.2.2.2: Reliability assessment (result 1)": 0.6648247241973877,
    "Step 3.1.2.2.2: Reliability assessment (result 2)": 0.6648209095001221,
    "Step 3.1.2.2.2: Reliability assessment (result 3)": 0.6645848751068115,
    "Step 3.3.2.1.2: Reliability assessment (result 1)": 1.678462028503418,
    "Step 3.1.2.2.2: Reliability assessment (result 5)": 0.6646358966827393,
    "Step 3.7.2.1.2: Reliability assessment (result 3)": 0.6653571128845215,
    "Step 3.3.2.1.3: Content fetching (result 2)": 1.7514071464538574,
    "Step 3.3.2.2.2: Reliability assessment (result 2)": 1.7527821063995361,
    "Step 3.1.2.2.2: Reliability assessment (result 6)": 1.0991358757019043,
    "Step 3.7.2.1.2: Reliability assessment (result 1)": 1.9133570194244385,
    "Step 3.1.2.2.2: Reliability assessment (result 4)": 2.0111169815063477,
    "Step 3.4.2.2.3: Content fetching (result 2)": 5.782549142837524,
    "Step 3.5.2.1.2: Reliability assessment (result 3)": 2.2447731494903564,
    "Step 3.4.2.2.3: Content fetching (result 3)": 5.78511905670166,
    "Step 3.4.2.2.3: Content fetching (result 4)": 5.789697647094727,
    "Step 3.4.2.2.3: Content fetching (result 1)": 3.612257957458496,
    "Step 3.5.2.1.2: Reliability assessment (result 1)": 2.260772943496704,
    "Step 3.7.2.2.3: Content fetching (result 1)": 5.2039690017700195,
    "Step 3.7.2.2.3: Content fetching (result 3)": 4.330361843109131,
    "Step 3.7.2.2.3: Content fetching (result 2)": 3.8600211143493652,
    "Step 3.5.2.1.2: Reliability assessment (result 2)": 2.7236928939819336,
    "Step 3.2.2.1.2: Reliability assessment (result 1)": 2.40293288230896,
    "Step 3.2.2.1.2: Reliability assessment (result 2)": 2.403020143508911,
    "Step 3.5.2.1.2: Reliability assessment (result 4)": 2.995651960372925,
    "Step 3.2.2.1.2: Reliability assessment (result 4)": 2.674628973007202,
    "Step 3.3.2.2.3: Content fetching (result 1)": 4.300022125244141,
    "Step 3.3.2.2.3: Content fetching (result 4)": 3.9605891704559326,
    "Step 3.3.2.2.3: Content fetching (result 3)": 4.305919885635376,
    "Step 3.2.2.1.2: Reliability assessment (result 3)": 3.7588438987731934,
    "Step 3.2.2.1.2: Reliability assessment (result 5)": 3.8238909244537354,
    "Step 3.3.2.2.3: Content fetching (result 2)": 4.203122854232788,
    "Step 3.5.2.1.3: Content fetching (result 3)": 3.3080549240112305,
    "Step 3.3.2.1.3: Content fetching (result 4)": 7.666080951690674,
    "Step 3.3.2.1.3: Content fetching (result 5)": 7.327132940292358,
    "Step 3.3.2.1.3: Content fetching (result 3)": 7.329330205917358,
    "Step 3.3.2.1.3: Content fetching (result 1)": 7.010928153991699,
    "Step 3.7.2.1.2: Reliability assessment (result 5)": 10.984057188034058,
    "Step 3.5.2.1.3: Content fetching (result 1)": 8.676526069641113,
    "Step 3.5.2.1.3: Content fetching (result 2)": 8.217021942138672,
    "Step 3.5.2.1.3: Content fetching (result 4)": 7.948404312133789,
    "Step 3.2.2.2.2: Reliability assessment (result 2)": 5.629968166351318,
    "Step 3.2.2.2.2: Reliability assessment (result 1)": 6.839998960494995,
    "Step 3.2.2.2.2: Reliability assessment (result 4)": 6.840001821517944,
    "Step 3.2.2.2.2: Reliability assessment (result 5)": 6.840025186538696,
    "Step 3.2.2.2.2: Reliability assessment (result 3)": 6.890471935272217,
    "Step 3.7.2.1.3: Content fetching (result 2)": 12.03159499168396,
    "Step 3.7.2.1.3: Content fetching (result 4)": 12.035687923431396,
    "Step 3.7.2.1.3: Content fetching (result 3)": 12.03789210319519,
    "Step 3.6.1: Query generation for claim 6": 21.32877278327942,
    "Step 3.2.2.2.2: Reliability assessment (result 6)": 8.180308103561401,
    "Step 3.2.2.1.3: Content fetching (result 1)": 12.566481828689575,
    "Step 3.2.2.1.3: Content fetching (result 2)": 12.568422794342041,
    "Step 3.2.2.1.3: Content fetching (result 4)": 12.300501108169556,
    "Step 3.2.2.1.3: Content fetching (result 3)": 11.22063422203064,
    "Step 3.2.2.1.3: Content fetching (result 5)": 11.157573938369751,
    "Step 3.1.2.1.2: Reliability assessment (result 1)": 1.4446089267730713,
    "Step 3.1.2.1.2: Reliability assessment (result 2)": 1.4445860385894775,
    "Step 3.1.2.1.2: Reliability assessment (result 4)": 1.4445500373840332,
    "Step 3.7.2.1.3: Content fetching (result 1)": 13.877021789550781,
    "Step 3.7.2.1.3: Content fetching (result 5)": 4.865285873413086,
    "Step 3.1.2.1.2: Reliability assessment (result 3)": 2.716139078140259,
    "Step 3.1.2.1.2: Reliability assessment (result 6)": 2.835019111633301,
    "Step 3.4.2.2.4: Evidence extraction (result 3)": 17.75965404510498,
    "Step 3.4.2.2.4: Evidence extraction (result 1)": 18.344857692718506,
    "Step 3.4.2.2.4: Evidence extraction (result 4)": 19.488047122955322,
    "Step 3.3.2.1.4: Evidence extraction (result 5)": 14.600194931030273,
    "Step 3.3.2.1.4: Evidence extraction (result 4)": 14.727712869644165,
    "Step 3.4.2.2.4: Evidence extraction (result 2)": 21.680447340011597,
    "Step 3.4.2: Search execution for claim 4 query 2": 29.770076036453247,
    "Step 3.1.2.1.3: Content fetching (result 1)": 9.84252381324768,
    "Step 3.1.2.1.3: Content fetching (result 2)": 9.844750165939331,
    "Step 3.5.2.2.2: Reliability assessment (result 2)": 8.073920011520386,