{
  "timing": {
    "total_seconds": 83.53472590446472,
    "Step 1: Transcript extraction": 0.8881988525390625,
    "Step 2: Claim extraction": 10.51468276977539,
    "Step 3.3.1: Query generation for claim 3": 2.1283607482910156,
    "Step 3.1.1: Query generation for claim 1": 2.384673595428467,
    "Step 3.1.2.1.1.1: Google Search API (batch 1)": 0.896780252456665,
    "Step 3.1.2.2.1.1: Google Search API (batch 1)": 0.8755991458892822,
    "Step 3.3.2.1.1.1: Google Search API (batch 1)": 1.248870849609375,
    "Step 3.3.2.2.1.1: Google Search API (batch 1)": 1.3680391311645508,
    "Step 3.1.2.2.2: Reliability assessment (result 2)": 0.0008749961853027344,
    "Step 3.1.2.2.2: Reliability assessment (result 3)": 0.0011000633239746094,
    "Step 3.1.2.2.2: Reliability assessment (result 4)": 0.0011839866638183594,
    "Step 3.3.2.1.2: Reliability assessment (result 1)": 0.0005052089691162109,
    "Step 3.3.2.1.2: Reliability assessment (result 2)": 0.0005748271942138672,
    "Step 3.1.2.2.2: Reliability assessment (result 6)": 1.0355868339538574,
    "Step 3.1.2.2.2: Reliability assessment (result 5)": 1.0658979415893555,
    "Step 3.1.2.2.2: Reliability assessment (result 1)": 1.0958356857299805,
    "Step 3.3.2.1.2: Reliability assessment (result 3)": 0.703538179397583,
    "Step 3.3.2.1.2: Reliability assessment (result 4)": 1.141653060913086,
    "Step 3.3.2.1.2: Reliability assessment (result 5)": 1.141709804534912,
    "Step 3.3.2.2.2: Reliability assessment (result 1)": 0.0005481243133544922,
    "Step 3.3.2.2.2: Reliability assessment (result 3)": 0.6262528896331787,
    "Step 3.3.2.2.2: Reliability assessment (result 5)": 0.6331851482391357,
    "Step 3.3.2.2.2: Reliability assessment (result 2)": 1.0611259937286377,
    "Step 3.3.2.1.3: Content fetching (result 1)": 10.777112007141113,
    "Step 3.3.2.1.3: Content fetching (result 2)": 10.777815580368042,
    "Step 3.3.2.1.3: Content fetching (result 3)": 10.075308084487915,
    "Step 3.3.2.1.3: Content fetching (result 4)": 9.637679815292358,
    "Step 3.3.2.1.3: Content fetching (result 5)": 9.637956142425537,
    "Step 3.1.2.1.2: Reliability assessment (result 3)": 0.003584146499633789,
    "Step 3.2.1: Query generation for claim 2": 18.749733924865723,
    "Step 3.1.2.1.2: Reliability assessment (result 5)": 0.5857019424438477,
    "Step 3.1.2.1.2: Reliability assessment (result 1)": 1.0541470050811768,
    "Step 3.1.2.1.2: Reliability assessment (result 2)": 1.0882470607757568,
    "Step 3.3.2.1.4: Evidence extraction (result 3)": 2.465686082839966,
    "Step 3.3.2.1.4: Evidence extraction (result 4)": 2.466948986053467,
    "Step 3.3.2.1.4: Evidence extraction (result 2)": 2.4859158992767334,
    "Step 3.3.2.1.4: Evidence extraction (result 5)": 2.5394411087036133,
    "Step 3.3.2.1.4: Evidence extraction (result 1)": 4.556968927383423,
    "Step 3.3.2: Search execution for claim 3 query 1": 20.964595079421997,
    "Step 3.3.2.2.2: Reliability assessment (result 4)": 10.707312107086182,
    "Step 3.1.2.1.3: Content fetching (result 3)": 7.600536108016968,
    "Step 3.1.2.1.3: Content fetching (result 5)": 7.023900032043457,
    "Step 3.1.2.1.3: Content fetching (result 1)": 6.557814121246338,
    "Step 3.1.2.1.3: Content fetching (result 2)": 6.5256428718566895,
    "Step 3.1.2.1.2: Reliability assessment (result 4)": 10.418538093566895,
    "Step 3.1.2.1.3: Content fetching (result 4)": 1.2464680671691895,
    "Step 3.3.2.2.3: Content fetching (result 1)": 18.13283920288086,
    "Step 3.3.2.2.3: Content fetching (result 3)": 17.511396884918213,
    "Step 3.3.2.2.3: Content fetching (result 5)": 17.506636142730713,
    "Step 3.3.2.2.3: Content fetching (result 2)": 17.080880880355835,
    "Step 3.3.2.2.3: Content fetching (result 4)": 7.436996936798096,
    "Step 3.1.2.2.3: Content fetching (result 6)": 23.458826065063477,
    "Step 3.1.2.2.3: Content fetching (result 2)": 26.861237049102783,
    "Step 3.1.2.2.3: Content fetching (result 4)": 26.86620330810547,
    "Step 3.1.2.2.3: Content fetching (result 3)": 26.8685941696167,
    "Step 3.1.2.2.3: Content fetching (result 5)": 25.805922031402588,
    "Step 3.1.2.2.3: Content fetching (result 1)": 25.77794098854065,
    "Step 3.1.2.1.4: Evidence extraction (result 3)": 18.057582139968872,
    "Step 3.1.2.1.4: Evidence extraction (result 1)": 18.257606983184814,
    "Step 3.1.2.1.4: Evidence extraction (result 2)": 18.258171796798706,
    "Step 3.1.2.1.4: Evidence extraction (result 5)": 18.27358889579773,
    "Step 3.1.2.1.4: Evidence extraction (result 4)": 18.003446102142334,
    "Step 3.1.2: Search execution for claim 1 query 1": 45.85501408576965,
    "Step 3.3.2.2.4: Evidence extraction (result 1)": 18.1047203540802,
    "Step 3.3.2.2.4: Evidence extraction (result 3)": 18.138267755508423,
    "Step 3.3.2.2.4: Evidence extraction (result 2)": 18.14528179168701,
    "Step 3.3.2.2.4: Evidence extraction (result 5)": 18.25036907196045,
    "Step 3.3.2.2.4: Evidence extraction (result 4)": 18.30711603164673,
    "Step 3.3.2: Search execution for claim 3 query 2": 46.747177839279175,
    "Step 3.1.2.2.4: Evidence extraction (result 6)": 18.094274044036865,
    "Step 3.1.2.2.4: Evidence extraction (result 5)": 17.929967880249023,
    "Step 3.1.2.2.4: Evidence extraction (result 1)": 18.038100004196167,
    "Step 3.1.2.2.4: Evidence extraction (result 3)": 18.11565399169922,
    "Step 3.1.2.2.4: Evidence extraction (result 2)": 18.1249520778656,
    "Step 3.1.2.2.4: Evidence extraction (result 4)": 18.131017923355103,
    "Step 3.1.2: Search execution for claim 1 query 2": 49.879507064819336,
    "Step 3.3.3: Verdict generation for claim 3": 11.897958993911743,
    "Step 3.1.3: Verdict generation for claim 1": 19.59694504737854,
    "Step 3: Query generation + search + verdicts for all claims (PARALLEL)": 71.9184958934784,
    "Step 4: Sort and assemble final output": 0.0001926422119140625
  },
  "llm": {
    "total_calls": 10,
    "total_cost_usd": 0.00183675,
    "total_latency_seconds": 57.38
  },
  "claims_extracted": 3,
  "success": true,
  "error": null
}
