{
  "timing": {
    "total_seconds": 74.38543009757996,
    "Step 1: Transcript extraction": 5.19399619102478,
    "Step 2: Claim extraction": 9.399172067642212,
    "Step 3.3.1: Query generation for claim 3": 1.8209748268127441,
    "Step 3.1.1: Query generation for claim 1": 1.9473891258239746,
    "Step 3.2.1: Query generation for claim 2": 2.031585216522217,
    "Step 3.5.1: Query generation for claim 5": 2.1147539615631104,
    "Step 3.4.1: Query generation for claim 4": 2.25744891166687,
    "Step 3.2.2.2.1.1: Google Search API (batch 1)": 1.0572278499603271,
    "Step 3.3.2.2.1.1: Google Search API (batch 1)": 1.236354112625122,
    "Step 3.5.2.1.1.1: Google Search API (batch 1)": 1.024231195449829,
    "Step 3.4.2.2.1.1: Google Search API (batch 1)": 0.8495898246765137,
    "Step 3.4.2.1.1.1: Google Search API (batch 1)": 0.8935749530792236,
    "Step 3.2.2.1.1.1: Google Search API (batch 1)": 1.1236920356750488,
    "Step 3.5.2.2.1.1: Google Search API (batch 1)": 0.9965949058532715,
    "Step 3.1.2.2.1.1: Google Search API (batch 1)": 1.1680083274841309,
    "Step 3.1.2.1.1.1: Google Search API (batch 1)": 1.2447798252105713,
    "Step 3.3.2.1.1.1: Google Search API (batch 1)": 1.4653220176696777,
    "Step 3.3.2.1.2: Reliability assessment (result 1)": 0.0011720657348632812,
    "Step 3.3.2.1.2: Reliability assessment (result 3)": 0.001992940902709961,
    "Step 3.3.2.1.2: Reliability assessment (result 4)": 0.002137899398803711,
    "Step 3.3.2.1.2: Reliability assessment (result 6)": 0.0022940635681152344,
    "Step 3.3.2.1.2: Reliability assessment (result 5)": 0.2806210517883301,
    "Step 3.2.2.1.2: Reliability assessment (result 2)": 0.00031065940856933594,
    "Step 3.2.2.1.2: Reliability assessment (result 3)": 0.0007770061492919922,
    "Step 3.3.2.1.2: Reliability assessment (result 2)": 1.2936556339263916,
    "Step 3.2.2.1.2: Reliability assessment (result 1)": 0.42997288703918457,
    "Step 3.4.2.1.2: Reliability assessment (result 2)": 0.0011141300201416016,
    "Step 3.4.2.1.2: Reliability assessment (result 4)": 0.0009889602661132812,
    "Step 3.4.2.1.2: Reliability assessment (result 5)": 0.0010807514190673828,
    "Step 3.4.2.1.2: Reliability assessment (result 6)": 0.0010919570922851562,
    "Step 3.4.2.1.2: Reliability assessment (result 1)": 0.21413302421569824,
    "Step 3.4.2.1.2: Reliability assessment (result 3)": 0.22910070419311523,
    "Step 3.1.2.1.2: Reliability assessment (result 3)": 1.048551082611084,
    "Step 3.1.2.1.2: Reliability assessment (result 4)": 1.0486071109771729,
    "Step 3.1.2.1.2: Reliability assessment (result 2)": 1.0488200187683105,
    "Step 3.1.2.1.2: Reliability assessment (result 5)": 1.0487937927246094,
    "Step 3.3.2.2.2: Reliability assessment (result 2)": 1.0487861633300781,
    "Step 3.3.2.2.2: Reliability assessment (result 3)": 1.0487961769104004,
    "Step 3.1.2.1.2: Reliability assessment (result 1)": 1.0489552021026611,
    "Step 3.3.2.2.2: Reliability assessment (result 4)": 1.7449870109558105,
    "Step 3.3.2.2.2: Reliability assessment (result 5)": 1.750654935836792,
    "Step 3.3.2.2.2: Reliability assessment (result 1)": 2.089750051498413,
    "Step 3.4.2.2.2: Reliability assessment (result 3)": 2.393137216567993,
    "Step 3.4.2.2.2: Reliability assessment (result 4)": 2.3932130336761475,
    "Step 3.4.2.2.2: Reliability assessment (result 1)": 2.5319128036499023,
    "Step 3.4.2.2.2: Reliability assessment (result 5)": 3.090726852416992,
    "Step 3.4.2.2.2: Reliability assessment (result 2)": 3.2883901596069336,
    "Step 3.1.2.2.2: Reliability assessment (result 3)": 3.288362979888916,
    "Step 3.1.2.2.2: Reliability assessment (result 4)": 3.2874650955200195,
    "Step 3.1.2.2.2: Reliability assessment (result 1)": 3.7881767749786377,
    "Step 3.1.2.2.2: Reliability assessment (result 2)": 4.233852863311768,
    "Step 3.1.2.2.2: Reliability assessment (result 5)": 4.39795184135437,
    "Step 3.2.2.2.2: Reliability assessment (result 1)": 4.015707969665527,
    "Step 3.2.2.1.3: Content fetching (result 2)": 7.0515830516815186,
    "Step 3.2.2.2.2: Reliability assessment (result 3)": 4.648277044296265,
    "Step 3.2.2.1.3: Content fetching (result 3)": 7.0534350872039795,
    "Step 3.2.2.1.3: Content fetching (result 1)": 6.626065969467163,
    "Step 3.2.2.2.2: Reliability assessment (result 2)": 5.1028547286987305,
    "Step 3.2.2.2.2: Reliability assessment (result 4)": 5.588435888290405,
    "Step 3.2.2.2.2: Reliability assessment (result 5)": 5.68202805519104,
    "Step 3.3.2.2.3: Content fetching (result 2)": 8.3249831199646,
    "Step 3.3.2.2.3: Content fetching (result 3)": 8.326852798461914,
    "Step 3.3.2.1.3: Content fetching (result 1)": 13.40482783317566,
    "Step 3.3.2.1.3: Content fetching (result 3)": 13.406048059463501,
    "Step 3.3.2.1.3: Content fetching (result 6)": 13.407513856887817,
    "Step 3.3.2.1.3: Content fetching (result 4)": 13.780579090118408,
    "Step 3.3.2.1.3: Content fetching (result 5)": 13.502905130386353,
    "Step 3.3.2.1.3: Content fetching (result 2)": 12.490231037139893,
    "Step 3.5.2.1.2: Reliability assessment (result 2)": 8.505890846252441,
    "Step 3.5.2.1.2: Reliability assessment (result 3)": 8.505917072296143,
    "Step 3.5.2.1.2: Reliability assessment (result 4)": 8.922500133514404,
    "Step 3.5.2.1.2: Reliability assessment (result 1)": 9.311897039413452,
    "Step 3.5.2.1.2: Reliability assessment (result 5)": 10.166419267654419,
    "Step 3.5.2.1.2: Reliability assessment (result 6)": 10.26003098487854,
    "Step 3.3.2.2.3: Content fetching (result 4)": 15.418232202529907,
    "Step 3.3.2.2.3: Content fetching (result 5)": 15.41430401802063,
    "Step 3.3.2.2.3: Content fetching (result 1)": 15.077160835266113,
    "Step 3.1.2.2.3: Content fetching (result 3)": 19.05539107322693,
    "Step 3.1.2.2.3: Content fetching (result 4)": 19.057367086410522,
    "Step 3.1.2.2.3: Content fetching (result 1)": 21.08426308631897,
    "Step 3.1.2.2.3: Content fetching (result 2)": 20.64075493812561,
    "Step 3.4.2.1.3: Content fetching (result 2)": 26.495615005493164,
    "Step 3.4.2.1.3: Content fetching (result 4)": 26.497769832611084,
    "Step 3.4.2.1.3: Content fetching (result 5)": 26.500704765319824,
    "Step 3.4.2.1.3: Content fetching (result 6)": 26.502446174621582,
    "Step 3.4.2.1.3: Content fetching (result 1)": 26.29120707511902,
    "Step 3.4.2.1.3: Content fetching (result 3)": 26.278125762939453,
    "Step 3.5.2.2.2: Reliability assessment (result 2)": 14.01880693435669,
    "Step 3.5.2.2.2: Reliability assessment (result 3)": 14.018832921981812,
    "Step 3.5.2.2.2: Reliability assessment (result 1)": 14.73715591430664,
    "Step 3.5.2.2.2: Reliability assessment (result 4)": 14.827059984207153,
    "Step 3.1.2.2.3: Content fetching (result 5)": 21.691277980804443,
    "Step 3.5.2.2.2: Reliability assessment (result 5)": 15.639518976211548,
    "Step 3.5.2.2.2: Reliability assessment (result 6)": 15.753232717514038,
    "Step 3.4.2.2.3: Content fetching (result 3)": 25.4102520942688,
    "Step 3.4.2.2.3: Content fetching (result 4)": 25.412514209747314,
    "Step 3.4.2.2.3: Content fetching (result 1)": 25.276041984558105,
    "Step 3.4.2.2.3: Content fetching (result 5)": 24.719152212142944,
    "Step 3.4.2.2.3: Content fetching (result 2)": 24.524919986724854,
    "Step 3.3.2.1.4: Evidence extraction (result 3)": 19.496100187301636,
    "Step 3.5.2.2.3: Content fetching (result 2)": 5.696308851242065,
    "Step 3.5.2.2.3: Content fetching (result 3)": 5.698556900024414,
    "Step 3.3.2.2.4: Evidence extraction (result 2)": 21.956066131591797,
    "Step 3.3.2.2.4: Evidence extraction (result 3)": 21.966867923736572,
    "Step 3.2.2.1.4: Evidence extraction (result 2)": 25.68872904777527,
    "Step 3.2.2.1.4: Evidence extraction (result 1)": 26.33403992652893,
    "Step 3.2.2.2.3: Content fetching (result 1)": 27.10596466064453,