{
  "timing": {
    "total_seconds": 46.659759283065796,
    "Step 1: Transcript extraction": 1.0359983444213867,
    "Step 2: Claim extraction": 9.628653049468994,
    "Step 3.1.1: Query generation for claim 1": 1.975851058959961,
    "Step 3.5.1: Query generation for claim 5": 2.2393579483032227,
    "Step 3.2.1: Query generation for claim 2": 2.586901903152466,
    "Step 3.4.1: Query generation for claim 4": 2.7098960876464844,
    "Step 3.3.1: Query generation for claim 3": 2.8153412342071533,
    "Step 3.1.2.1.1.1: Google Search API (batch 1)": 0.8600220680236816,
    "Step 3.1.2.2.1.1: Google Search API (batch 1)": 0.8429651260375977,
    "Step 3.5.2.2.1.1: Google Search API (batch 1)": 0.8361527919769287,
    "Step 3.5.2.1.1.1: Google Search API (batch 1)": 0.9577608108520508,
    "Step 3.3.2.1.1.1: Google Search API (batch 1)": 0.7191691398620605,
    "Step 3.3.2.2.1.1: Google Search API (batch 1)": 0.7056660652160645,
    "Step 3.2.2.1.1.1: Google Search API (batch 1)": 0.9384369850158691,
    "Step 3.4.2.1.1.1: Google Search API (batch 1)": 0.8729958534240723,
    "Step 3.2.2.2.1.1: Google Search API (batch 1)": 0.9185788631439209,
    "Step 3.4.2.2.1.1: Google Search API (batch 1)": 1.0705821514129639,
    "Step 3.3.2.1.2: Reliability assessment (result 2)": 0.9651679992675781,
    "Step 3.3.2.1.2: Reliability assessment (result 4)": 0.9653511047363281,
    "Step 3.3.2.1.2: Reliability assessment (result 6)": 0.9654080867767334,
    "Step 3.3.2.1.2: Reliability assessment (result 1)": 1.3122317790985107,
    "Step 3.3.2.1.2: Reliability assessment (result 5)": 1.3123459815979004,
    "Step 3.3.2.1.2: Reliability assessment (result 3)": 1.3125979900360107,
    "Step 3.5.2.2.2: Reliability assessment (result 2)": 0.347794771194458,
    "Step 3.5.2.2.2: Reliability assessment (result 3)": 0.34795212745666504,
    "Step 3.3.2.2.2: Reliability assessment (result 2)": 0.34792280197143555,
    "Step 3.3.2.2.2: Reliability assessment (result 3)": 0.3479340076446533,
    "Step 3.3.2.2.2: Reliability assessment (result 6)": 0.34792518615722656,
    "Step 3.4.2.1.2: Reliability assessment (result 2)": 0.34790611267089844,
    "Step 3.4.2.1.2: Reliability assessment (result 5)": 0.3478987216949463,
    "Step 3.4.2.1.2: Reliability assessment (result 6)": 0.3479030132293701,
    "Step 3.5.2.2.2: Reliability assessment (result 1)": 0.34813714027404785,
    "Step 3.4.2.1.2: Reliability assessment (result 1)": 0.34798526763916016,
    "Step 3.3.2.2.2: Reliability assessment (result 5)": 0.34804582595825195,
    "Step 3.2.2.2.2: Reliability assessment (result 3)": 0.0011279582977294922,
    "Step 3.2.2.2.2: Reliability assessment (result 4)": 0.001168966293334961,
    "Step 3.4.2.1.2: Reliability assessment (result 4)": 0.4682960510253906,
    "Step 3.2.2.2.2: Reliability assessment (result 5)": 0.20792293548583984,
    "Step 3.2.2.2.2: Reliability assessment (result 1)": 0.2186429500579834,
    "Step 3.2.2.2.2: Reliability assessment (result 2)": 0.5638599395751953,
    "Step 3.5.2.2.2: Reliability assessment (result 4)": 1.2983369827270508,
    "Step 3.3.2.2.2: Reliability assessment (result 4)": 1.2983860969543457,
    "Step 3.3.2.2.2: Reliability assessment (result 1)": 1.2984561920166016,
    "Step 3.4.2.1.2: Reliability assessment (result 3)": 1.2984540462493896,
    "Step 3.2.2.2.3: Content fetching (result 3)": 1.8423490524291992,
    "Step 3.5.2.2.3: Content fetching (result 2)": 2.6982898712158203,
    "Step 3.5.2.2.3: Content fetching (result 3)": 2.700004816055298,
    "Step 3.5.2.2.3: Content fetching (result 1)": 2.7018020153045654,
    "Step 3.2.2.2.3: Content fetching (result 4)": 5.245699882507324,
    "Step 3.2.2.2.3: Content fetching (result 1)": 5.389995098114014,
    "Step 3.5.2.1.2: Reliability assessment (result 2)": 5.045566082000732,
    "Step 3.5.2.1.2: Reliability assessment (result 3)": 5.045643091201782,
    "Step 3.2.2.2.3: Content fetching (result 5)": 5.401458024978638,
    "Step 3.5.2.1.2: Reliability assessment (result 4)": 5.334660291671753,
    "Step 3.5.2.1.2: Reliability assessment (result 1)": 5.570045232772827,
    "Step 3.5.2.1.2: Reliability assessment (result 5)": 6.127731084823608,
    "Step 3.2.2.2.3: Content fetching (result 2)": 6.261264085769653,
    "Step 3.4.2.1.3: Content fetching (result 2)": 7.895209074020386,
    "Step 3.4.2.1.3: Content fetching (result 5)": 7.897497892379761,
    "Step 3.4.2.1.3: Content fetching (result 6)": 7.901933193206787,
    "Step 3.1.2.2.2: Reliability assessment (result 2)": 6.951608896255493,
    "Step 3.4.2.1.3: Content fetching (result 1)": 7.904590129852295,
    "Step 3.1.2.2.2: Reliability assessment (result 4)": 6.954596996307373,
    "Step 3.1.2.2.2: Reliability assessment (result 3)": 7.46465802192688,
    "Step 3.4.2.1.3: Content fetching (result 4)": 8.662492990493774,
    "Step 3.1.2.2.2: Reliability assessment (result 1)": 7.854251861572266,
    "Step 3.4.2.1.3: Content fetching (result 3)": 7.9123759269714355,
    "Step 3.4.2.2.2: Reliability assessment (result 4)": 3.2550718784332275,
    "Step 3.4.2.2.2: Reliability assessment (result 5)": 3.25510573387146,
    "Step 3.4.2.2.2: Reliability assessment (result 6)": 3.2551217079162598,
    "Step 3.3.2.2.3: Content fetching (result 2)": 9.175328016281128,
    "Step 3.3.2.2.3: Content fetching (result 3)": 9.17754602432251,
    "Step 3.3.2.2.3: Content fetching (result 6)": 9.179850101470947,
    "Step 3.3.2.2.3: Content fetching (result 5)": 9.186117172241211,
    "Step 3.3.2.2.3: Content fetching (result 4)": 8.239392757415771,
    "Step 3.3.2.2.3: Content fetching (result 1)": 8.242136001586914,
    "Step 3.1.2.2.2: Reliability assessment (result 5)": 8.407992839813232,
    "Step 3.4.2.2.2: Reliability assessment (result 3)": 3.864637851715088,
    "Step 3.4.2.2.2: Reliability assessment (result 1)": 4.124079942703247,
    "Step 3.4.2.2.2: Reliability assessment (result 2)": 4.228294134140015,
    "Step 3.2.2.2.4: Evidence extraction (result 3)": 9.341331005096436,
    "Step 3.5.2.2.3: Content fetching (result 4)": 10.791431188583374,
    "Step 3.5.2.2.4: Evidence extraction (result 2)": 9.51431679725647,
    "Step 3.5.2.2.4: Evidence extraction (result 3)": 9.622060060501099,
    "Step 3.5.2.2.4: Evidence extraction (result 1)": 9.80631399154663,
    "Step 3.4.2.2.3: Content fetching (result 5)": 3.8977949619293213,
    "Step 3.4.2.2.3: Content fetching (result 4)": 3.8998501300811768,
    "Step 3.5.2.2.4: Evidence extraction (result 4)": 3.1375880241394043,
    "Step 3.5.2: Search execution for claim 5 query 2": 19.417943000793457,
    "Step 3.4.2.1.4: Evidence extraction (result 5)": 7.167585134506226,
    "Step 3.4.2.1.4: Evidence extraction (result 6)": 7.3369460105896,
    "Step 3.4.2.1.4: Evidence extraction (result 2)": 7.384727954864502,
    "Step 3.2.2.2.4: Evidence extraction (result 1)": 9.840539932250977,
    "Step 3.4.2.1.4: Evidence extraction (result 3)": 7.073601007461548,
    "Step 3.3.2.2.4: Evidence extraction (result 2)": 6.84033989906311,
    "Step 3.3.2.2.4: Evidence extraction (result 3)": 7.03195595741272,
    "Step 3.2.2.2.4: Evidence extraction (result 5)": 11.319905996322632,
    "Step 3.1.2.2.3: Content fetching (result 2)": 9.28010869026184,
    "Step 3.1.2.2.3: Content fetching (result 4)": 9.281203985214233,
    "Step 3.1.2.2.3: Content fetching (result 3)": 8.773597240447998,
    "Step 3.1.2.2.3: Content fetching (result 1)": 8.386307001113892,
    "Step 3.1.2.2.3: Content fetching (result 5)": 7.834815979003906,
    "Step 3.1.2.1.2: Reliability assessment (result 3)": 6.8801000118255615,
    "Step 3.1.2.1.2: Reliability assessment (result 4)": 6.880129814147949,
    "Step 3.2.2.2.4: Evidence extraction (result 4)": 12.023309230804443,
    "Step 3.3.2.1.3: Content fetching (result 2)": 18.04312014579773,
    "Step 3.3.2.1.3: Content fetching (result 6)": 18.04507279396057,
    "Step 3.2.2.1.2: Reliability assessment (result 1)": 6.5159149169921875,