{
  "timing": {
    "total_seconds": 60.71053218841553,
    "Step 1: Transcript extraction": 4.712476968765259,
    "Step 2: Claim extraction": 12.287999868392944,
    "Step 3.1.1: Query generation for claim 1": 1.743887186050415,
    "Step 3.3.1: Query generation for claim 3": 1.865015983581543,
    "Step 3.5.1: Query generation for claim 5": 1.9484570026397705,
    "Step 3.2.1: Query generation for claim 2": 2.0363452434539795,
    "Step 3.4.1: Query generation for claim 4": 2.0355498790740967,
    "Step 3.2.2.1.1.1: Google Search API (batch 1)": 0.8905580043792725,
    "Step 3.3.2.1.1.1: Google Search API (batch 1)": 1.0656650066375732,
    "Step 3.1.2.1.1.1: Google Search API (batch 1)": 1.161978006362915,
    "Step 3.4.2.2.1.1: Google Search API (batch 1)": 0.7514212131500244,
    "Step 3.1.2.2.1.1: Google Search API (batch 1)": 1.1191129684448242,
    "Step 3.4.2.1.1.1: Google Search API (batch 1)": 0.8202981948852539,
    "Step 3.5.2.1.1.1: Google Search API (batch 1)": 1.072058916091919,
    "Step 3.5.2.2.1.1: Google Search API (batch 1)": 1.0654189586639404,
    "Step 3.2.2.2.1.1: Google Search API (batch 1)": 0.99711012840271,
    "Step 3.3.2.2.1.1: Google Search API (batch 1)": 1.2649989128112793,
    "Step 3.2.2.2.2: Reliability assessment (result 1)": 0.0003409385681152344,
    "Step 3.2.2.2.2: Reliability assessment (result 2)": 0.00047397613525390625,
    "Step 3.2.2.2.2: Reliability assessment (result 3)": 0.0010249614715576172,
    "Step 3.2.2.1.2: Reliability assessment (result 1)": 0.00038123130798339844,
    "Step 3.2.2.1.2: Reliability assessment (result 2)": 0.0004706382751464844,
    "Step 3.2.2.1.2: Reliability assessment (result 3)": 0.0008540153503417969,
    "Step 3.2.2.2.2: Reliability assessment (result 4)": 0.8778579235076904,
    "Step 3.5.2.1.2: Reliability assessment (result 3)": 0.358227014541626,
    "Step 3.5.2.1.2: Reliability assessment (result 4)": 0.35828614234924316,
    "Step 3.2.2.1.2: Reliability assessment (result 4)": 1.109112024307251,
    "Step 3.5.2.1.2: Reliability assessment (result 1)": 0.358814001083374,
    "Step 3.5.2.1.2: Reliability assessment (result 2)": 0.35929203033447266,
    "Step 3.5.2.1.2: Reliability assessment (result 5)": 0.35927605628967285,
    "Step 3.1.2.2.2: Reliability assessment (result 2)": 0.0015499591827392578,
    "Step 3.1.2.2.2: Reliability assessment (result 3)": 0.0018622875213623047,
    "Step 3.1.2.2.2: Reliability assessment (result 5)": 0.0018880367279052734,
    "Step 3.1.2.2.2: Reliability assessment (result 1)": 1.0947868824005127,
    "Step 3.1.2.2.2: Reliability assessment (result 4)": 1.1122372150421143,
    "Step 3.5.2.2.2: Reliability assessment (result 2)": 0.7425003051757812,
    "Step 3.5.2.2.2: Reliability assessment (result 3)": 2.0411908626556396,
    "Step 3.5.2.2.2: Reliability assessment (result 4)": 2.0413620471954346,
    "Step 3.5.2.2.2: Reliability assessment (result 5)": 2.041393756866455,
    "Step 3.5.2.2.2: Reliability assessment (result 1)": 2.057664155960083,
    "Step 3.3.2.1.2: Reliability assessment (result 1)": 2.3292739391326904,
    "Step 3.3.2.1.2: Reliability assessment (result 2)": 2.3955700397491455,
    "Step 3.3.2.1.2: Reliability assessment (result 4)": 2.39571475982666,
    "Step 3.2.2.1.3: Content fetching (result 1)": 4.6822121143341064,
    "Step 3.2.2.1.3: Content fetching (result 3)": 4.68529200553894,
    "Step 3.2.2.1.3: Content fetching (result 2)": 4.689018964767456,
    "Step 3.2.2.1.3: Content fetching (result 4)": 3.583189010620117,
    "Step 3.3.2.1.2: Reliability assessment (result 3)": 2.9945480823516846,
    "Step 3.1.2.2.3: Content fetching (result 2)": 7.317919969558716,
    "Step 3.1.2.2.3: Content fetching (result 3)": 7.324572801589966,
    "Step 3.1.2.2.3: Content fetching (result 5)": 7.327672004699707,
    "Step 3.1.2.2.3: Content fetching (result 1)": 6.237218141555786,
    "Step 3.1.2.2.3: Content fetching (result 4)": 6.2219078540802,
    "Step 3.4.2.2.2: Reliability assessment (result 1)": 3.8017160892486572,
    "Step 3.4.2.2.2: Reliability assessment (result 2)": 4.6586549282073975,
    "Step 3.4.2.2.2: Reliability assessment (result 3)": 4.65879487991333,
    "Step 3.4.2.2.2: Reliability assessment (result 4)": 4.658880949020386,
    "Step 3.4.2.2.2: Reliability assessment (result 5)": 5.42585015296936,
    "Step 3.4.2.2.2: Reliability assessment (result 6)": 5.426206827163696,
    "Step 3.5.2.1.3: Content fetching (result 3)": 9.583280801773071,
    "Step 3.5.2.1.3: Content fetching (result 4)": 9.6021409034729,
    "Step 3.5.2.1.3: Content fetching (result 1)": 9.604228258132935,
    "Step 3.5.2.1.3: Content fetching (result 2)": 9.60686993598938,
    "Step 3.5.2.1.3: Content fetching (result 5)": 9.609931945800781,
    "Step 3.5.2.2.3: Content fetching (result 2)": 8.789020299911499,
    "Step 3.3.2.2.2: Reliability assessment (result 2)": 5.629878759384155,
    "Step 3.4.2.1.2: Reliability assessment (result 2)": 4.877407789230347,
    "Step 3.3.2.2.2: Reliability assessment (result 4)": 5.696767807006836,
    "Step 3.3.2.2.2: Reliability assessment (result 3)": 5.755169153213501,
    "Step 3.5.2.2.3: Content fetching (result 3)": 7.8661298751831055,
    "Step 3.5.2.2.3: Content fetching (result 4)": 7.869798898696899,
    "Step 3.5.2.2.3: Content fetching (result 5)": 7.872092962265015,
    "Step 3.5.2.2.3: Content fetching (result 1)": 7.858572244644165,
    "Step 3.1.2.1.2: Reliability assessment (result 3)": 5.084482669830322,
    "Step 3.3.2.2.2: Reliability assessment (result 5)": 5.86358118057251,
    "Step 3.4.2.1.2: Reliability assessment (result 1)": 5.117653131484985,
    "Step 3.3.2.2.2: Reliability assessment (result 1)": 5.992870092391968,
    "Step 3.1.2.1.2: Reliability assessment (result 2)": 5.283174276351929,
    "Step 3.1.2.1.2: Reliability assessment (result 4)": 5.286322832107544,
    "Step 3.4.2.1.2: Reliability assessment (result 6)": 5.286449909210205,
    "Step 3.1.2.1.2: Reliability assessment (result 6)": 5.3331499099731445,
    "Step 3.1.2.1.2: Reliability assessment (result 5)": 5.341984033584595,
    "Step 3.4.2.1.2: Reliability assessment (result 4)": 5.667021989822388,
    "Step 3.4.2.1.2: Reliability assessment (result 5)": 5.722776889801025,
    "Step 3.4.2.1.2: Reliability assessment (result 3)": 5.7766289710998535,
    "Step 3.1.2.1.2: Reliability assessment (result 1)": 5.944419860839844,
    "Step 3.4.2.1.3: Content fetching (result 2)": 1.3212897777557373,
    "Step 3.2.2.1.4: Evidence extraction (result 2)": 7.856382846832275,
    "Step 3.2.2.1.4: Evidence extraction (result 3)": 7.998734951019287,
    "Step 3.2.2.1.4: Evidence extraction (result 4)": 8.279973268508911,
    "Step 3.2.2.1.4: Evidence extraction (result 1)": 8.602065801620483,
    "Step 3.2.2: Search execution for claim 2 query 1": 16.297700881958008,
    "Step 3.3.2.1.3: Content fetching (result 1)": 9.113799810409546,
    "Step 3.3.2.1.3: Content fetching (result 4)": 9.051764011383057,
    "Step 3.3.2.1.3: Content fetching (result 2)": 9.05430006980896,
    "Step 3.3.2.1.3: Content fetching (result 3)": 8.458888053894043,
    "Step 3.2.2.2.3: Content fetching (result 1)": 15.494147062301636,
    "Step 3.1.2.1.3: Content fetching (result 3)": 3.5479471683502197,
    "Step 3.1.2.1.3: Content fetching (result 2)": 3.3512380123138428,
    "Step 3.2.2.2.3: Content fetching (result 2)": 15.497581243515015,
    "Step 3.2.2.2.3: Content fetching (result 3)": 15.499205112457275,
    "Step 3.2.2.2.3: Content fetching (result 4)": 14.624413251876831,
    "Step 3.1.2.2.4: Evidence extraction (result 2)": 7.549594879150391,
    "Step 3.1.2.2.4: Evidence extraction (result 5)": 7.8071370124816895,
    "Step 3.1.2.2.4: Evidence extraction (result 1)": 7.818551063537598,
    "Step 3.1.2.2.4: Evidence extraction (result 4)": 8.0050687789917,
    "Step 3.1.2.2.4: Evidence extraction (result 3)": 8.08866000175476,
    "Step 3.1.2: Search execution for claim 1 query 2": 19.751076221466064,