{
  "timing": {
    "total_seconds": 80.44874882698059,
    "Step 1: Transcript extraction": 0.6991269588470459,
    "Step 2: Claim extraction": 7.294399976730347,
    "Step 3.5.1: Query generation for claim 5": 2.008626937866211,
    "Step 3.3.1: Query generation for claim 3": 2.2827060222625732,
    "Step 3.2.1: Query generation for claim 2": 2.38569712638855,
    "Step 3.4.1: Query generation for claim 4": 2.4916911125183105,
    "Step 3.1.1: Query generation for claim 1": 2.5778162479400635,
    "Step 3.5.2.2.1.1: Google Search API (batch 1)": 1.0256550312042236,
    "Step 3.2.2.2.1.1: Google Search API (batch 1)": 0.8583669662475586,
    "Step 3.1.2.1.1.1: Google Search API (batch 1)": 0.7626481056213379,
    "Step 3.1.2.2.1.1: Google Search API (batch 1)": 0.7717690467834473,
    "Step 3.4.2.2.1.1: Google Search API (batch 1)": 0.8745846748352051,
    "Step 3.3.2.1.1.1: Google Search API (batch 1)": 1.113955020904541,
    "Step 3.2.2.1.1.1: Google Search API (batch 1)": 1.0347731113433838,
    "Step 3.4.2.1.1.1: Google Search API (batch 1)": 1.0302150249481201,
    "Step 3.3.2.2.1.1: Google Search API (batch 1)": 1.2224440574645996,
    "Step 3.5.2.1.1.1: Google Search API (batch 1)": 2.072715997695923,
    "Step 3.1.2.2.2: Reliability assessment (result 1)": 0.0002460479736328125,
    "Step 3.1.2.2.2: Reliability assessment (result 2)": 0.000537872314453125,
    "Step 3.1.2.2.2: Reliability assessment (result 3)": 0.0008001327514648438,
    "Step 3.1.2.2.2: Reliability assessment (result 4)": 0.0010480880737304688,
    "Step 3.1.2.2.2: Reliability assessment (result 5)": 0.7654151916503906,
    "Step 3.2.2.1.2: Reliability assessment (result 1)": 0.31717705726623535,
    "Step 3.2.2.1.2: Reliability assessment (result 2)": 0.31713080406188965,
    "Step 3.2.2.1.2: Reliability assessment (result 4)": 0.3171379566192627,
    "Step 3.2.2.1.2: Reliability assessment (result 5)": 0.3171508312225342,
    "Step 3.3.2.1.2: Reliability assessment (result 1)": 0.00040912628173828125,
    "Step 3.3.2.1.2: Reliability assessment (result 3)": 0.0003857612609863281,
    "Step 3.2.2.1.2: Reliability assessment (result 6)": 0.37763094902038574,
    "Step 3.2.2.1.2: Reliability assessment (result 3)": 0.6584219932556152,
    "Step 3.3.2.1.2: Reliability assessment (result 2)": 0.4004662036895752,
    "Step 3.3.2.1.2: Reliability assessment (result 4)": 0.4497709274291992,
    "Step 3.3.2.1.2: Reliability assessment (result 6)": 0.6452951431274414,
    "Step 3.3.2.1.2: Reliability assessment (result 5)": 0.6748528480529785,
    "Step 3.3.2.1.3: Content fetching (result 1)": 3.2190489768981934,
    "Step 3.3.2.1.3: Content fetching (result 3)": 3.2211530208587646,
    "Step 3.1.2.2.3: Content fetching (result 1)": 6.221423864364624,
    "Step 3.1.2.2.3: Content fetching (result 2)": 6.23867130279541,
    "Step 3.1.2.2.3: Content fetching (result 4)": 6.253334999084473,
    "Step 3.1.2.2.3: Content fetching (result 3)": 6.256048202514648,
    "Step 3.1.2.2.3: Content fetching (result 5)": 5.49466609954834,
    "Step 3.1.2.2.4: Evidence extraction (result 4)": 0.9651057720184326,
    "Step 3.1.2.2.4: Evidence extraction (result 5)": 1.0094928741455078,
    "Step 3.1.2.2.4: Evidence extraction (result 1)": 1.1543829441070557,
    "Step 3.1.2.2.4: Evidence extraction (result 3)": 1.256070852279663,
    "Step 3.1.2.2.4: Evidence extraction (result 2)": 1.2918007373809814,
    "Step 3.1.2: Search execution for claim 1 query 2": 9.778967142105103,
    "Step 3.4.2.1.2: Reliability assessment (result 2)": 0.31856513023376465,
    "Step 3.4.2.1.2: Reliability assessment (result 4)": 0.3187887668609619,
    "Step 3.4.2.1.2: Reliability assessment (result 5)": 0.31882786750793457,
    "Step 3.4.2.1.2: Reliability assessment (result 6)": 0.3188350200653076,
    "Step 3.1.2.1.2: Reliability assessment (result 1)": 0.00044798851013183594,
    "Step 3.4.2.1.2: Reliability assessment (result 3)": 0.9623279571533203,
    "Step 3.1.2.1.2: Reliability assessment (result 3)": 0.6439380645751953,
    "Step 3.3.2.1.4: Evidence extraction (result 3)": 6.663965940475464,
    "Step 3.1.2.1.2: Reliability assessment (result 4)": 1.2915561199188232,
    "Step 3.3.2.1.4: Evidence extraction (result 1)": 7.188647985458374,
    "Step 3.1.2.1.2: Reliability assessment (result 5)": 1.7746429443359375,
    "Step 3.3.2.1.3: Content fetching (result 2)": 12.121073961257935,
    "Step 3.3.2.1.3: Content fetching (result 4)": 12.073927879333496,
    "Step 3.3.2.1.3: Content fetching (result 6)": 11.880489110946655,
    "Step 3.3.2.1.3: Content fetching (result 5)": 11.853156089782715,
    "Step 3.1.2.1.3: Content fetching (result 1)": 5.729568004608154,
    "Step 3.3.2.1.4: Evidence extraction (result 2)": 2.4027178287506104,
    "Step 3.1.2.1.3: Content fetching (result 3)": 7.854599714279175,
    "Step 3.1.2.1.3: Content fetching (result 4)": 7.208715200424194,
    "Step 3.5.2.2.2: Reliability assessment (result 2)": 0.0006840229034423828,
    "Step 3.5.2.2.2: Reliability assessment (result 3)": 0.0008740425109863281,
    "Step 3.5.2.2.2: Reliability assessment (result 4)": 0.0008950233459472656,
    "Step 3.3.2.1.4: Evidence extraction (result 4)": 6.233583927154541,
    "Step 3.1.2.1.2: Reliability assessment (result 2)": 10.20661997795105,
    "Step 3.5.2.2.2: Reliability assessment (result 6)": 0.712817907333374,
    "Step 3.3.2.1.4: Evidence extraction (result 5)": 7.045766115188599,
    "Step 3.5.2.2.2: Reliability assessment (result 5)": 1.46492600440979,
    "Step 3.1.2.1.3: Content fetching (result 5)": 10.328974723815918,
    "Step 3.1.2.1.4: Evidence extraction (result 3)": 4.215213775634766,
    "Step 3.3.2.1.4: Evidence extraction (result 6)": 9.102008819580078,
    "Step 3.3.2: Search execution for claim 3 query 1": 26.21846294403076,
    "Step 3.5.2.2.3: Content fetching (result 2)": 4.048496961593628,
    "Step 3.5.2.2.3: Content fetching (result 3)": 4.052771091461182,
    "Step 3.5.2.2.3: Content fetching (result 4)": 4.0548951625823975,
    "Step 3.1.2.1.4: Evidence extraction (result 1)": 8.234020948410034,
    "Step 3.3.2.2.2: Reliability assessment (result 1)": 3.2233831882476807,
    "Step 3.5.2.2.3: Content fetching (result 6)": 4.4984729290008545,
    "Step 3.3.2.2.2: Reliability assessment (result 3)": 3.943427085876465,
    "Step 3.1.2.1.4: Evidence extraction (result 4)": 6.80432391166687,
    "Step 3.1.2.1.3: Content fetching (result 2)": 5.274583101272583,
    "Step 3.3.2.2.2: Reliability assessment (result 5)": 4.719815969467163,
    "Step 3.4.2.1.2: Reliability assessment (result 1)": 16.14734411239624,
    "Step 3.5.2.2.3: Content fetching (result 5)": 5.506713151931763,
    "Step 3.1.2.1.4: Evidence extraction (result 5)": 4.9686572551727295,
    "Step 3.5.2.2.4: Evidence extraction (result 4)": 3.551793098449707,
    "Step 3.5.2.2.4: Evidence extraction (result 2)": 3.58256196975708,
    "Step 3.1.2.1.4: Evidence extraction (result 2)": 1.9374690055847168,
    "Step 3.1.2: Search execution for claim 1 query 1": 30.54829978942871,
    "Step 3.5.2.2.4: Evidence extraction (result 3)": 4.353925704956055,
    "Step 3.2.2.1.3: Content fetching (result 6)": 26.800374031066895,
    "Step 3.5.2.2.4: Evidence extraction (result 5)": 5.086318016052246,
    "Step 3.2.2.1.4: Evidence extraction (result 6)": 3.5637753009796143,
    "Step 3.4.2.1.3: Content fetching (result 2)": 21.65958309173584,
    "Step 3.3.2.2.3: Content fetching (result 3)": 7.309869050979614,
    "Step 3.3.2.2.3: Content fetching (result 1)": 8.030746936798096,
    "Step 3.3.2.2.3: Content fetching (result 5)": 6.534765243530273,
    "Step 3.1.3: Verdict generation for claim 1": 4.734846115112305,
    "Step 3.2.2.1.3: Content fetching (result 1)": 31.172134160995483,
    "Step 3.2.2.1.3: Content fetching (result 2)": 31.175775051116943,
    "Step 3.2.2.1.3: Content fetching (result 4)": 31.179869174957275,
    "Step 3.2.2.1.3: Content fetching (result 5)": 31.18184804916382,