{
  "timing": {
    "total_seconds": 44.447206020355225,
    "Step 1: Transcript extraction": 1.1230518817901611,
    "Step 2: Claim extraction": 9.774611949920654,
    "Step 3.1.1: Query generation for claim 1": 2.5919880867004395,
    "Step 3.1.2.1.1.1: Google Search API (batch 1)": 1.1578369140625,
    "Step 3.1.2.2.1.1: Google Search API (batch 1)": 1.4055919647216797,
    "Step 3.1.2.1.2: Reliability assessment (result 2)": 0.0003559589385986328,
    "Step 3.1.2.1.2: Reliability assessment (result 3)": 0.0004558563232421875,
    "Step 3.1.2.1.2: Reliability assessment (result 4)": 0.0006601810455322266,
    "Step 3.1.2.1.2: Reliability assessment (result 5)": 0.0008921623229980469,
    "Step 3.1.2.2.2: Reliability assessment (result 1)": 0.0005519390106201172,
    "Step 3.1.2.2.2: Reliability assessment (result 3)": 0.0005860328674316406,
    "Step 3.1.2.2.2: Reliability assessment (result 4)": 0.0006098747253417969,
    "Step 3.1.2.1.2: Reliability assessment (result 6)": 0.7393279075622559,
    "Step 3.1.2.1.2: Reliability assessment (result 1)": 1.1376800537109375,
    "Step 3.1.2.2.2: Reliability assessment (result 2)": 0.7821991443634033,
    "Step 3.1.2.2.2: Reliability assessment (result 6)": 0.7925810813903809,
    "Step 3.1.2.2.2: Reliability assessment (result 5)": 0.7969498634338379,
    "Step 3.1.2.1.3: Content fetching (result 2)": 13.284579038619995,
    "Step 3.1.2.1.3: Content fetching (result 3)": 13.286659955978394,
    "Step 3.1.2.1.3: Content fetching (result 4)": 13.2880380153656,
    "Step 3.1.2.1.3: Content fetching (result 5)": 13.28958797454834,
    "Step 3.1.2.1.3: Content fetching (result 6)": 12.553713083267212,
    "Step 3.1.2.1.3: Content fetching (result 1)": 12.157623052597046,
    "Step 3.1.2.1.4: Evidence extraction (result 1)": 3.3110220432281494,
    "Step 3.1.2.1.4: Evidence extraction (result 3)": 3.400977849960327,
    "Step 3.1.2.1.4: Evidence extraction (result 6)": 3.402371883392334,
    "Step 3.1.2.1.4: Evidence extraction (result 4)": 3.468212127685547,
    "Step 3.1.2.1.4: Evidence extraction (result 5)": 3.740443229675293,
    "Step 3.1.2.1.4: Evidence extraction (result 2)": 4.825792074203491,
    "Step 3.1.2: Search execution for claim 1 query 1": 22.98350691795349,
    "Step 3.1.2.2.3: Content fetching (result 1)": 19.472814083099365,
    "Step 3.1.2.2.3: Content fetching (result 3)": 19.474735021591187,
    "Step 3.1.2.2.3: Content fetching (result 4)": 19.476420879364014,
    "Step 3.1.2.2.3: Content fetching (result 2)": 18.697092294692993,
    "Step 3.1.2.2.3: Content fetching (result 6)": 18.688889026641846,
    "Step 3.1.2.2.3: Content fetching (result 5)": 18.68661618232727,
    "Step 3.1.2.2.4: Evidence extraction (result 3)": 1.0194721221923828,
    "Step 3.1.2.2.4: Evidence extraction (result 2)": 1.9051620960235596,
    "Step 3.1.2.2.4: Evidence extraction (result 1)": 3.030758857727051,
    "Step 3.1.2.2.4: Evidence extraction (result 5)": 3.3471951484680176,
    "Step 3.1.2.2.4: Evidence extraction (result 6)": 3.444520950317383,
    "Step 3.1.2.2.4: Evidence extraction (result 4)": 3.4994611740112305,
    "Step 3.1.2: Search execution for claim 1 query 2": 28.485783100128174,
    "Step 3.1.3: Verdict generation for claim 1": 2.1534929275512695,
    "Step 3: Query generation + search + verdicts for all claims (PARALLEL)": 33.31478190422058,
    "Step 4: Sort and assemble final output": 0.00013113021850585938
  },
  "llm": {
    "total_calls": 15,
    "total_cost_usd": 0.00223155,
    "total_latency_seconds": 49.41
  },
  "claims_extracted": 1,
  "success": true,
  "error": null
}
