{
  "timing": {
    "total_seconds": 119.96820592880249,
    "Step 1: Transcript extraction": 0.9766778945922852,
    "Step 2: Claim extraction": 19.381721019744873,
    "Step 3.4.1: Query generation for claim 4": 2.223383665084839,
    "Step 3.3.1: Query generation for claim 3": 2.3350563049316406,
    "Step 3.1.1: Query generation for claim 1": 2.421302080154419,
    "Step 3.6.1: Query generation for claim 6": 2.4170949459075928,
    "Step 3.7.1: Query generation for claim 7": 2.588670015335083,
    "Step 3.5.1: Query generation for claim 5": 2.590373992919922,
    "Step 3.2.1: Query generation for claim 2": 2.5940380096435547,
    "Step 3.4.2.2.1.1: Google Search API (batch 1)": 1.4357409477233887,
    "Step 3.6.2.2.1.1: Google Search API (batch 1)": 1.185025930404663,
    "Step 3.1.2.2.1.1: Google Search API (batch 1)": 1.2705249786376953,
    "Step 3.7.2.2.1.1: Google Search API (batch 1)": 1.098712682723999,
    "Step 3.2.2.2.1.1: Google Search API (batch 1)": 0.9269349575042725,
    "Step 3.4.2.1.1.1: Google Search API (batch 1)": 1.4867308139801025,
    "Step 3.1.2.1.1.1: Google Search API (batch 1)": 1.3145060539245605,
    "Step 3.2.2.1.1.1: Google Search API (batch 1)": 0.9808239936828613,
    "Step 3.3.2.1.1.1: Google Search API (batch 1)": 1.4131832122802734,
    "Step 3.3.2.2.1.1: Google Search API (batch 1)": 1.3733019828796387,
    "Step 3.5.2.2.1.1: Google Search API (batch 1)": 1.0261318683624268,
    "Step 3.7.2.1.1.1: Google Search API (batch 1)": 1.2222421169281006,
    "Step 3.5.2.1.1.1: Google Search API (batch 1)": 1.194500207901001,
    "Step 3.2.2.1.2: Reliability assessment (result 1)": 0.30196285247802734,
    "Step 3.2.2.1.2: Reliability assessment (result 2)": 0.30204296112060547,
    "Step 3.2.2.1.2: Reliability assessment (result 3)": 0.3021249771118164,
    "Step 3.2.2.1.2: Reliability assessment (result 5)": 0.30236220359802246,
    "Step 3.6.2.1.1.1: Google Search API (batch 1)": 2.7504940032958984,
    "Step 3.6.2.2.2: Reliability assessment (result 1)": 0.00167083740234375,
    "Step 3.6.2.2.2: Reliability assessment (result 2)": 0.0017881393432617188,
    "Step 3.6.2.2.2: Reliability assessment (result 3)": 0.001821756362915039,
    "Step 3.6.2.2.2: Reliability assessment (result 5)": 0.001825094223022461,
    "Step 3.6.2.2.2: Reliability assessment (result 4)": 1.4766602516174316,
    "Step 3.5.2.1.2: Reliability assessment (result 1)": 0.6769349575042725,
    "Step 3.5.2.1.2: Reliability assessment (result 2)": 0.6769418716430664,
    "Step 3.5.2.1.2: Reliability assessment (result 3)": 0.6772820949554443,
    "Step 3.5.2.1.2: Reliability assessment (result 4)": 0.6773810386657715,
    "Step 3.2.2.1.2: Reliability assessment (result 4)": 2.10524582862854,
    "Step 3.3.2.2.2: Reliability assessment (result 3)": 0.6875290870666504,
    "Step 3.3.2.2.2: Reliability assessment (result 4)": 0.6875669956207275,
    "Step 3.2.2.2.2: Reliability assessment (result 2)": 0.687554121017456,
    "Step 3.2.2.2.2: Reliability assessment (result 3)": 0.6875889301300049,
    "Step 3.2.2.2.2: Reliability assessment (result 4)": 0.6873469352722168,
    "Step 3.3.2.2.2: Reliability assessment (result 2)": 1.1162779331207275,
    "Step 3.4.2.1.2: Reliability assessment (result 1)": 0.7896499633789062,
    "Step 3.4.2.1.2: Reliability assessment (result 2)": 0.7897307872772217,
    "Step 3.3.2.2.2: Reliability assessment (result 1)": 1.47705078125,
    "Step 3.4.2.1.2: Reliability assessment (result 4)": 0.7899892330169678,
    "Step 3.5.2.2.2: Reliability assessment (result 1)": 0.7900111675262451,
    "Step 3.5.2.2.2: Reliability assessment (result 2)": 0.7900209426879883,
    "Step 3.5.2.2.2: Reliability assessment (result 4)": 0.7897300720214844,
    "Step 3.5.2.2.2: Reliability assessment (result 5)": 0.789740800857544,
    "Step 3.2.2.2.2: Reliability assessment (result 1)": 1.4771780967712402,
    "Step 3.5.2.2.2: Reliability assessment (result 3)": 1.0897316932678223,
    "Step 3.5.2.2.2: Reliability assessment (result 6)": 1.1452150344848633,
    "Step 3.4.2.1.2: Reliability assessment (result 3)": 1.4640367031097412,
    "Step 3.2.2.2.3: Content fetching (result 2)": 5.2406370639801025,
    "Step 3.2.2.2.3: Content fetching (result 3)": 5.243593215942383,
    "Step 3.3.2.2.3: Content fetching (result 3)": 7.02131199836731,
    "Step 3.3.2.2.3: Content fetching (result 4)": 7.022073984146118,
    "Step 3.3.2.1.2: Reliability assessment (result 3)": 6.634960174560547,
    "Step 3.3.2.1.2: Reliability assessment (result 1)": 7.231220245361328,
    "Step 3.3.2.1.2: Reliability assessment (result 4)": 7.376039981842041,
    "Step 3.3.2.1.2: Reliability assessment (result 2)": 8.344969987869263,
    "Step 3.2.2.2.3: Content fetching (result 4)": 9.310938835144043,
    "Step 3.4.2.2.2: Reliability assessment (result 1)": 8.522491931915283,
    "Step 3.3.2.2.3: Content fetching (result 2)": 9.043776988983154,
    "Step 3.4.2.2.2: Reliability assessment (result 2)": 9.27513599395752,
    "Step 3.4.2.2.2: Reliability assessment (result 4)": 9.275636196136475,
    "Step 3.4.2.2.2: Reliability assessment (result 5)": 9.275755882263184,
    "Step 3.4.2.2.2: Reliability assessment (result 6)": 9.275828123092651,
    "Step 3.5.2.1.3: Content fetching (result 1)": 10.919809103012085,
    "Step 3.5.2.1.3: Content fetching (result 2)": 10.922331094741821,
    "Step 3.5.2.1.3: Content fetching (result 3)": 10.923826217651367,
    "Step 3.5.2.1.3: Content fetching (result 4)": 10.92568826675415,
    "Step 3.4.2.2.2: Reliability assessment (result 3)": 9.763370752334595,
    "Step 3.3.2.2.3: Content fetching (result 1)": 11.081569910049438,
    "Step 3.2.2.1.3: Content fetching (result 1)": 14.875461101531982,
    "Step 3.2.2.1.3: Content fetching (result 3)": 14.877522945404053,
    "Step 3.2.2.1.3: Content fetching (result 2)": 14.879946947097778,
    "Step 3.2.2.1.3: Content fetching (result 5)": 14.882281303405762,
    "Step 3.1.2.1.2: Reliability assessment (result 1)": 5.732499122619629,
    "Step 3.1.2.1.2: Reliability assessment (result 2)": 5.732521057128906,
    "Step 3.2.2.1.3: Content fetching (result 4)": 13.114388942718506,
    "Step 3.1.2.1.2: Reliability assessment (result 4)": 5.732989072799683,
    "Step 3.2.2.2.3: Content fetching (result 1)": 12.204614877700806,
    "Step 3.1.2.1.2: Reliability assessment (result 5)": 7.038638114929199,
    "Step 3.1.2.1.2: Reliability assessment (result 3)": 7.098159074783325,
    "Step 3.7.2.1.2: Reliability assessment (result 2)": 7.097883224487305,
    "Step 3.7.2.1.2: Reliability assessment (result 3)": 7.097919940948486,
    "Step 3.7.2.1.2: Reliability assessment (result 4)": 7.097933769226074,
    "Step 3.6.2.2.3: Content fetching (result 1)": 16.6245698928833,
    "Step 3.6.2.2.3: Content fetching (result 5)": 16.626578092575073,
    "Step 3.6.2.2.3: Content fetching (result 3)": 16.62908697128296,
    "Step 3.6.2.2.3: Content fetching (result 2)": 16.63087797164917,
    "Step 3.1.2.2.2: Reliability assessment (result 1)": 5.157612085342407,
    "Step 3.1.2.2.2: Reliability assessment (result 2)": 5.157607793807983,
    "Step 3.6.2.2.3: Content fetching (result 4)": 15.158079862594604,
    "Step 3.1.2.1.2: Reliability assessment (result 6)": 7.548389196395874,
    "Step 3.1.2.2.2: Reliability assessment (result 5)": 5.2586891651153564,
    "Step 3.7.2.1.2: Reliability assessment (result 1)": 8.839945077896118,
    "Step 3.4.2.1.3: Content fetching (result 1)": 15.157301902770996,
    "Step 3.4.2.1.3: Content fetching (result 2)": 15.159621715545654,
    "Step 3.4.2.1.3: Content fetching (result 4)": 15.163150072097778,
    "Step 3.4.2.1.3: Content fetching (result 3)": 14.491738319396973,
    "Step 3.1.2.2.2: Reliability assessment (result 3)": 6.826509952545166,
    "Step 3.1.2.2.2: Reliability assessment (result 4)": 6.829830169677734,
    "Step 3.1.2.2.2: Reliability assessment (result 6)": 6.872539043426514,