{
  "timing": {
    "total_seconds": 42.061723947525024,
    "Step 1: Transcript extraction": 0.9396569728851318,
    "Step 2: Claim extraction": 4.329040765762329,
    "Step 3.1.1: Query generation for claim 1": 2.4921469688415527,
    "Step 3.2.1: Query generation for claim 2": 2.681365966796875,
    "Step 3.3.1: Query generation for claim 3": 2.7692160606384277,
    "Step 3.1.2.2.1.1: Google Search API (batch 1)": 1.1165359020233154,
    "Step 3.1.2.1.1.1: Google Search API (batch 1)": 1.1678578853607178,
    "Step 3.3.2.2.1.1: Google Search API (batch 1)": 0.8825318813323975,
    "Step 3.2.2.2.1.1: Google Search API (batch 1)": 0.9699509143829346,
    "Step 3.2.2.1.1.1: Google Search API (batch 1)": 1.0715241432189941,
    "Step 3.3.2.1.1.1: Google Search API (batch 1)": 1.0520350933074951,
    "Step 3.1.2.2.2: Reliability assessment (result 2)": 0.000370025634765625,
    "Step 3.1.2.2.2: Reliability assessment (result 3)": 0.0014452934265136719,
    "Step 3.1.2.2.2: Reliability assessment (result 4)": 0.001531362533569336,
    "Step 3.1.2.2.2: Reliability assessment (result 6)": 0.001544952392578125,
    "Step 3.1.2.2.2: Reliability assessment (result 5)": 0.29387497901916504,
    "Step 3.1.2.2.2: Reliability assessment (result 1)": 1.0237677097320557,
    "Step 3.1.2.1.2: Reliability assessment (result 2)": 0.0003440380096435547,
    "Step 3.1.2.1.2: Reliability assessment (result 4)": 0.0007879734039306641,
    "Step 3.1.2.1.2: Reliability assessment (result 5)": 0.0008518695831298828,
    "Step 3.3.2.1.2: Reliability assessment (result 1)": 0.0002639293670654297,
    "Step 3.3.2.1.2: Reliability assessment (result 2)": 0.00043582916259765625,
    "Step 3.1.2.1.2: Reliability assessment (result 3)": 0.5952367782592773,
    "Step 3.1.2.1.2: Reliability assessment (result 6)": 1.721285104751587,
    "Step 3.3.2.1.2: Reliability assessment (result 4)": 1.76664400100708,
    "Step 3.1.2.1.2: Reliability assessment (result 1)": 2.2292661666870117,
    "Step 3.3.2.1.2: Reliability assessment (result 3)": 4.207887887954712,
    "Step 3.3.2.2.2: Reliability assessment (result 2)": 1.4527297019958496,
    "Step 3.3.2.2.2: Reliability assessment (result 3)": 1.9766662120819092,
    "Step 3.3.2.2.2: Reliability assessment (result 1)": 2.1946611404418945,
    "Step 3.2.2.2.2: Reliability assessment (result 1)": 1.092721939086914,
    "Step 3.2.2.2.2: Reliability assessment (result 2)": 1.344735860824585,
    "Step 3.2.2.2.2: Reliability assessment (result 3)": 1.4875547885894775,
    "Step 3.3.2.2.3: Content fetching (result 2)": 2.143688917160034,
    "Step 3.2.2.1.2: Reliability assessment (result 1)": 2.272753953933716,
    "Step 3.2.2.1.2: Reliability assessment (result 2)": 2.5310449600219727,
    "Step 3.3.2.1.3: Content fetching (result 1)": 7.733028888702393,
    "Step 3.3.2.1.3: Content fetching (result 2)": 7.925309896469116,
    "Step 3.3.2.1.3: Content fetching (result 4)": 6.163633823394775,
    "Step 3.3.2.1.3: Content fetching (result 3)": 3.724741220474243,
    "Step 3.2.2.1.2: Reliability assessment (result 3)": 3.395151138305664,
    "Step 3.2.2.1.3: Content fetching (result 1)": 2.8436758518218994,
    "Step 3.3.2.2.3: Content fetching (result 3)": 5.0674920082092285,
    "Step 3.3.2.2.3: Content fetching (result 1)": 4.851688861846924,
    "Step 3.1.2.2.3: Content fetching (result 2)": 12.209926128387451,
    "Step 3.1.2.2.3: Content fetching (result 6)": 12.210938930511475,
    "Step 3.1.2.2.3: Content fetching (result 3)": 12.21305799484253,
    "Step 3.1.2.2.3: Content fetching (result 4)": 12.215234994888306,
    "Step 3.1.2.2.3: Content fetching (result 5)": 11.925427913665771,
    "Step 3.1.2.2.3: Content fetching (result 1)": 11.197723150253296,
    "Step 3.3.2.2.4: Evidence extraction (result 2)": 4.598940134048462,
    "Step 3.3.2.1.4: Evidence extraction (result 4)": 4.702836036682129,
    "Step 3.2.2.2.3: Content fetching (result 1)": 7.676988124847412,
    "Step 3.2.2.2.3: Content fetching (result 2)": 7.42693305015564,
    "Step 3.2.2.2.3: Content fetching (result 3)": 7.286064147949219,
    "Step 3.1.2.2.4: Evidence extraction (result 5)": 3.0116047859191895,
    "Step 3.3.2.1.4: Evidence extraction (result 3)": 5.47656512260437,
    "Step 3.1.2.2.4: Evidence extraction (result 2)": 3.504047155380249,
    "Step 3.1.2.2.4: Evidence extraction (result 6)": 3.545106887817383,
    "Step 3.1.2.1.3: Content fetching (result 2)": 14.507905960083008,
    "Step 3.1.2.1.3: Content fetching (result 4)": 14.509411096572876,
    "Step 3.1.2.1.3: Content fetching (result 5)": 14.511152982711792,
    "Step 3.1.2.1.3: Content fetching (result 3)": 13.919007062911987,
    "Step 3.1.2.1.3: Content fetching (result 6)": 12.795291900634766,
    "Step 3.1.2.1.3: Content fetching (result 1)": 12.289498090744019,
    "Step 3.3.2.1.4: Evidence extraction (result 1)": 6.485046625137329,
    "Step 3.1.2.2.4: Evidence extraction (result 1)": 4.1370391845703125,
    "Step 3.1.2.2.4: Evidence extraction (result 4)": 4.319815158843994,
    "Step 3.3.2.1.4: Evidence extraction (result 2)": 6.654493093490601,
    "Step 3.3.2: Search execution for claim 3 query 1": 22.53691601753235,
    "Step 3.3.2.2.4: Evidence extraction (result 3)": 4.897843360900879,
    "Step 3.3.2.2.4: Evidence extraction (result 1)": 4.897062063217163,
    "Step 3.3.2: Search execution for claim 3 query 2": 22.61033797264099,
    "Step 3.2.2.1.4: Evidence extraction (result 1)": 5.565738916397095,
    "Step 3.1.2.2.4: Evidence extraction (result 3)": 5.798943996429443,
    "Step 3.1.2: Search execution for claim 1 query 2": 24.20157289505005,
    "Step 3.3.3: Verdict generation for claim 3": 1.8479640483856201,
    "Step 3.1.2.1.4: Evidence extraction (result 1)": 2.9209401607513428,
    "Step 3.1.2.1.4: Evidence extraction (result 4)": 2.940617084503174,
    "Step 3.1.2.1.4: Evidence extraction (result 2)": 3.143202066421509,
    "Step 3.1.2.1.4: Evidence extraction (result 3)": 3.220491886138916,
    "Step 3.1.2.1.4: Evidence extraction (result 6)": 3.319132089614868,
    "Step 3.2.2.2.4: Evidence extraction (result 2)": 4.599786043167114,
    "Step 3.2.2.2.4: Evidence extraction (result 1)": 4.662628173828125,
    "Step 3.1.2.1.4: Evidence extraction (result 5)": 3.578137159347534,
    "Step 3.1.2: Search execution for claim 1 query 1": 26.040951251983643,
    "Step 3.2.2.2.4: Evidence extraction (result 3)": 5.014826059341431,
    "Step 3.2.2: Search execution for claim 2 query 2": 26.001404762268066,
    "Step 3.1.3: Verdict generation for claim 1": 1.920271873474121,
    "Step 3.2.2.1.3: Content fetching (result 2)": 13.805033922195435,
    "Step 3.2.2.1.3: Content fetching (result 3)": 12.977192878723145,
    "Step 3.2.2.1.4: Evidence extraction (result 3)": 1.0068638324737549,
    "Step 3.2.2.1.4: Evidence extraction (result 2)": 2.7290377616882324,
    "Step 3.2.2: Search execution for claim 2 query 1": 31.684505701065063,
    "Step 3.2.3: Verdict generation for claim 2": 2.2251131534576416,
    "Step 3: Query generation + search + verdicts for all claims (PARALLEL)": 36.592735052108765,
    "Step 4: Sort and assemble final output": 0.00013303756713867188
  },
  "llm": {
    "total_calls": 32,
    "total_cost_usd": 0.00602175,
    "total_latency_seconds": 121.5
  },
  "claims_extracted": 3,
  "success": true,
  "error": null
}
