{
  "timing": {
    "total_seconds": 86.41145086288452,
    "Step 1: Transcript extraction": 1.2874860763549805,
    "Step 2: Claim extraction": 15.17063283920288,
    "Step 3.1.1: Query generation for claim 1": 2.8568410873413086,
    "Step 3.8.1: Query generation for claim 8": 2.9913370609283447,
    "Step 3.3.1: Query generation for claim 3": 2.994647979736328,
    "Step 3.5.1: Query generation for claim 5": 3.2612249851226807,
    "Step 3.2.1: Query generation for claim 2": 3.574864149093628,
    "Step 3.1.2.2.1.1: Google Search API (batch 1)": 1.080725908279419,
    "Step 3.3.2.1.1.1: Google Search API (batch 1)": 0.9765639305114746,
    "Step 3.8.2.1.1.1: Google Search API (batch 1)": 1.0646159648895264,
    "Step 3.3.2.2.1.1: Google Search API (batch 1)": 1.026111125946045,
    "Step 3.1.2.1.1.1: Google Search API (batch 1)": 1.2488269805908203,
    "Step 3.8.2.2.1.1: Google Search API (batch 1)": 1.1334242820739746,
    "Step 3.5.2.2.1.1: Google Search API (batch 1)": 0.8781960010528564,
    "Step 3.5.2.1.1.1: Google Search API (batch 1)": 0.9260249137878418,
    "Step 3.2.2.2.1.1: Google Search API (batch 1)": 0.932999849319458,
    "Step 3.5.2.2.2: Reliability assessment (result 1)": 0.0016660690307617188,
    "Step 3.5.2.2.2: Reliability assessment (result 2)": 0.0016782283782958984,
    "Step 3.2.2.1.1.1: Google Search API (batch 1)": 1.6056978702545166,
    "Step 3.5.2.2.2: Reliability assessment (result 3)": 0.002383708953857422,
    "Step 3.5.2.2.2: Reliability assessment (result 4)": 0.002454996109008789,
    "Step 3.3.2.1.2: Reliability assessment (result 1)": 0.00039196014404296875,
    "Step 3.3.2.1.2: Reliability assessment (result 3)": 0.0007598400115966797,
    "Step 3.3.2.1.2: Reliability assessment (result 4)": 0.0008211135864257812,
    "Step 3.3.2.1.2: Reliability assessment (result 5)": 0.265671968460083,
    "Step 3.3.2.1.2: Reliability assessment (result 2)": 0.26671624183654785,
    "Step 3.3.2.1.2: Reliability assessment (result 6)": 0.5948889255523682,
    "Step 3.2.2.2.2: Reliability assessment (result 2)": 0.35453009605407715,
    "Step 3.2.2.2.2: Reliability assessment (result 3)": 0.354860782623291,
    "Step 3.8.2.2.2: Reliability assessment (result 2)": 0.33607983589172363,
    "Step 3.8.2.2.2: Reliability assessment (result 3)": 0.6482388973236084,
    "Step 3.8.2.2.2: Reliability assessment (result 4)": 0.6947729587554932,
    "Step 3.2.2.2.2: Reliability assessment (result 4)": 1.1099019050598145,
    "Step 3.3.2.2.2: Reliability assessment (result 1)": 0.4197978973388672,
    "Step 3.3.2.2.2: Reliability assessment (result 2)": 0.4197831153869629,
    "Step 3.2.2.2.2: Reliability assessment (result 1)": 1.129897117614746,
    "Step 3.3.2.2.2: Reliability assessment (result 4)": 0.43966102600097656,
    "Step 3.8.2.2.2: Reliability assessment (result 1)": 0.9955930709838867,
    "Step 3.8.2.2.2: Reliability assessment (result 5)": 1.016801118850708,
    "Step 3.8.2.2.2: Reliability assessment (result 6)": 1.418360948562622,
    "Step 3.3.2.2.2: Reliability assessment (result 5)": 1.1373460292816162,
    "Step 3.8.2.2.3: Content fetching (result 2)": 1.3656730651855469,
    "Step 3.3.2.2.2: Reliability assessment (result 3)": 1.4824199676513672,
    "Step 3.2.2.2.3: Content fetching (result 3)": 2.904665231704712,
    "Step 3.2.2.2.3: Content fetching (result 2)": 2.9055721759796143,
    "Step 3.8.2.2.3: Content fetching (result 3)": 2.8089067935943604,
    "Step 3.8.2.2.3: Content fetching (result 4)": 2.7645318508148193,
    "Step 3.2.2.2.3: Content fetching (result 4)": 5.57411003112793,
    "Step 3.2.2.2.3: Content fetching (result 1)": 5.559576034545898,
    "Step 3.5.2.2.3: Content fetching (result 1)": 10.197507858276367,
    "Step 3.5.2.2.3: Content fetching (result 2)": 10.204556703567505,
    "Step 3.5.2.2.3: Content fetching (result 3)": 10.210268259048462,
    "Step 3.5.2.2.3: Content fetching (result 4)": 10.212517976760864,
    "Step 3.8.2.1.2: Reliability assessment (result 1)": 4.766446113586426,
    "Step 3.8.2.1.2: Reliability assessment (result 3)": 4.807370901107788,
    "Step 3.8.2.1.2: Reliability assessment (result 2)": 5.08733606338501,
    "Step 3.1.2.1.2: Reliability assessment (result 1)": 5.085220098495483,
    "Step 3.1.2.1.2: Reliability assessment (result 2)": 5.085281133651733,
    "Step 3.8.2.1.2: Reliability assessment (result 5)": 5.437051057815552,
    "Step 3.8.2.1.2: Reliability assessment (result 4)": 5.540748834609985,
    "Step 3.8.2.1.2: Reliability assessment (result 6)": 5.976722955703735,
    "Step 3.1.2.1.2: Reliability assessment (result 3)": 5.7618889808654785,
    "Step 3.1.2.1.2: Reliability assessment (result 4)": 6.140216827392578,
    "Step 3.1.2.1.2: Reliability assessment (result 5)": 6.254653215408325,
    "Step 3.2.2.1.2: Reliability assessment (result 3)": 1.8397579193115234,
    "Step 3.8.2.2.3: Content fetching (result 1)": 8.977933168411255,
    "Step 3.8.2.2.3: Content fetching (result 6)": 8.562334299087524,
    "Step 3.8.2.2.3: Content fetching (result 5)": 8.966023921966553,
    "Step 3.1.2.1.2: Reliability assessment (result 6)": 6.745787858963013,
    "Step 3.2.2.1.2: Reliability assessment (result 1)": 2.4531829357147217,
    "Step 3.2.2.1.2: Reliability assessment (result 2)": 2.834728956222534,
    "Step 3.1.2.2.2: Reliability assessment (result 2)": 2.164400815963745,
    "Step 3.3.2.1.3: Content fetching (result 1)": 11.667123794555664,
    "Step 3.3.2.1.3: Content fetching (result 3)": 11.67110300064087,
    "Step 3.3.2.1.3: Content fetching (result 4)": 11.672951698303223,
    "Step 3.3.2.1.3: Content fetching (result 5)": 11.410585165023804,
    "Step 3.3.2.1.3: Content fetching (result 2)": 11.411473751068115,
    "Step 3.3.2.1.3: Content fetching (result 6)": 11.085439920425415,
    "Step 3.6.1: Query generation for claim 6": 19.28465485572815,
    "Step 3.1.2.2.2: Reliability assessment (result 1)": 2.9153668880462646,
    "Step 3.1.2.2.2: Reliability assessment (result 5)": 3.3822081089019775,
    "Step 3.5.2.1.2: Reliability assessment (result 1)": 2.3500919342041016,
    "Step 3.5.2.1.2: Reliability assessment (result 2)": 2.3500959873199463,
    "Step 3.1.2.2.2: Reliability assessment (result 3)": 3.394580841064453,
    "Step 3.1.2.2.2: Reliability assessment (result 6)": 3.508716106414795,
    "Step 3.1.2.2.2: Reliability assessment (result 4)": 3.5089528560638428,
    "Step 3.8.2.1.3: Content fetching (result 1)": 4.626022100448608,
    "Step 3.2.2.1.3: Content fetching (result 3)": 3.9047579765319824,
    "Step 3.2.2.1.3: Content fetching (result 1)": 4.585328817367554,
    "Step 3.3.2.2.3: Content fetching (result 1)": 14.819538116455078,
    "Step 3.3.2.2.3: Content fetching (result 2)": 14.836420774459839,
    "Step 3.3.2.2.3: Content fetching (result 5)": 14.126487016677856,
    "Step 3.3.2.2.3: Content fetching (result 4)": 14.82495903968811,
    "Step 3.3.2.2.3: Content fetching (result 3)": 13.785301923751831,
    "Step 3.7.1: Query generation for claim 7": 24.095542907714844,
    "Step 3.4.1: Query generation for claim 4": 24.610662937164307,
    "Step 3.2.2.1.3: Content fetching (result 2)": 6.176408052444458,
    "Step 3.8.2.1.3: Content fetching (result 3)": 11.71939992904663,
    "Step 3.8.2.1.3: Content fetching (result 2)": 11.441664934158325,
    "Step 3.8.2.1.3: Content fetching (result 5)": 11.094071865081787,
    "Step 3.8.2.1.3: Content fetching (result 4)": 10.999061107635498,
    "Step 3.8.2.1.3: Content fetching (result 6)": 10.563715696334839,
    "Step 3.5.2.1.3: Content fetching (result 1)": 8.891228914260864,
    "Step 3.5.2.1.3: Content fetching (result 2)": 8.893181085586548,
    "Step 3.5.2.1.2: Reliability assessment (result 3)": 12.862682104110718,
    "Step 3.1.2.1.3: Content fetching (result 1)": 15.299407243728638,
    "Step 3.1.2.1.3: Content fetching (result 2)": 15.32843017578125,
    "Step 3.1.2.1.3: Content fetching (result 3)": 14.654283046722412,