{
  "timing": {
    "total_seconds": 107.83059978485107,
    "Step 1: Transcript extraction": 9.101877927780151,
    "Step 2: Claim extraction": 18.53046178817749,
    "Step 3.4.1: Query generation for claim 4": 1.7961969375610352,
    "Step 3.10.1: Query generation for claim 10": 1.9152460098266602,
    "Step 3.5.1: Query generation for claim 5": 1.919658899307251,
    "Step 3.1.1: Query generation for claim 1": 2.0885729789733887,
    "Step 3.8.1: Query generation for claim 8": 2.0838141441345215,
    "Step 3.10.2.2.1.1: Google Search API (batch 1)": 1.2792713642120361,
    "Step 3.1.2.1.1.1: Google Search API (batch 1)": 1.1406288146972656,
    "Step 3.5.2.1.1.1: Google Search API (batch 1)": 1.25248384475708,
    "Step 3.10.2.1.1.1: Google Search API (batch 1)": 1.3356990814208984,
    "Step 3.1.2.2.1.1: Google Search API (batch 1)": 1.1039519309997559,
    "Step 3.8.2.2.1.1: Google Search API (batch 1)": 1.0305490493774414,
    "Step 3.4.2.1.1.1: Google Search API (batch 1)": 1.4321200847625732,
    "Step 3.8.2.1.1.1: Google Search API (batch 1)": 1.0734269618988037,
    "Step 3.5.2.2.1.1: Google Search API (batch 1)": 1.2241110801696777,
    "Step 3.4.2.2.1.1: Google Search API (batch 1)": 1.536005973815918,
    "Step 3.1.2.2.2: Reliability assessment (result 1)": 0.0004191398620605469,
    "Step 3.1.2.2.2: Reliability assessment (result 2)": 0.0005629062652587891,
    "Step 3.1.2.2.2: Reliability assessment (result 5)": 0.0007700920104980469,
    "Step 3.1.2.2.2: Reliability assessment (result 4)": 0.5619230270385742,
    "Step 3.1.2.2.2: Reliability assessment (result 3)": 0.5662891864776611,
    "Step 3.5.2.1.2: Reliability assessment (result 1)": 0.3518810272216797,
    "Step 3.5.2.1.2: Reliability assessment (result 2)": 0.35210227966308594,
    "Step 3.10.2.1.2: Reliability assessment (result 1)": 0.33290815353393555,
    "Step 3.10.2.1.2: Reliability assessment (result 2)": 0.33307313919067383,
    "Step 3.10.2.1.2: Reliability assessment (result 3)": 0.33335328102111816,
    "Step 3.10.2.1.2: Reliability assessment (result 5)": 1.046252965927124,
    "Step 3.5.2.1.2: Reliability assessment (result 5)": 1.3990941047668457,
    "Step 3.8.2.2.2: Reliability assessment (result 2)": 1.05230712890625,
    "Step 3.8.2.2.2: Reliability assessment (result 4)": 1.0524799823760986,
    "Step 3.8.2.2.2: Reliability assessment (result 1)": 1.0525939464569092,
    "Step 3.5.2.1.2: Reliability assessment (result 3)": 1.738049030303955,
    "Step 3.5.2.1.2: Reliability assessment (result 4)": 1.7380781173706055,
    "Step 3.10.2.1.2: Reliability assessment (result 4)": 1.38631010055542,
    "Step 3.8.2.2.2: Reliability assessment (result 3)": 1.0527949333190918,
    "Step 3.5.2.2.2: Reliability assessment (result 1)": 0.33989596366882324,
    "Step 3.5.2.2.2: Reliability assessment (result 4)": 0.3399350643157959,
    "Step 3.5.2.2.2: Reliability assessment (result 5)": 0.3399500846862793,
    "Step 3.8.2.1.2: Reliability assessment (result 2)": 0.3399059772491455,
    "Step 3.8.2.2.2: Reliability assessment (result 5)": 1.0530929565429688,
    "Step 3.8.2.1.2: Reliability assessment (result 4)": 0.6112451553344727,
    "Step 3.8.2.1.2: Reliability assessment (result 3)": 0.7533669471740723,
    "Step 3.5.2.2.2: Reliability assessment (result 6)": 0.9478893280029297,
    "Step 3.8.2.1.2: Reliability assessment (result 1)": 1.039468765258789,
    "Step 3.5.2.2.2: Reliability assessment (result 2)": 1.0396358966827393,
    "Step 3.5.2.2.2: Reliability assessment (result 3)": 1.061845064163208,
    "Step 3.8.2.1.2: Reliability assessment (result 5)": 1.3565680980682373,
    "Step 3.10.2.1.3: Content fetching (result 1)": 5.870171070098877,
    "Step 3.10.2.1.3: Content fetching (result 3)": 5.8836588859558105,
    "Step 3.1.2.2.3: Content fetching (result 1)": 7.793150901794434,
    "Step 3.1.2.2.3: Content fetching (result 4)": 7.233664035797119,
    "Step 3.4.2.1.2: Reliability assessment (result 1)": 5.165290832519531,
    "Step 3.1.2.2.3: Content fetching (result 5)": 7.798207998275757,
    "Step 3.1.2.2.3: Content fetching (result 3)": 7.235393047332764,
    "Step 3.1.2.2.3: Content fetching (result 2)": 7.803072929382324,
    "Step 3.4.2.1.2: Reliability assessment (result 2)": 5.7878336906433105,
    "Step 3.4.2.1.2: Reliability assessment (result 3)": 5.8390421867370605,
    "Step 3.4.2.1.2: Reliability assessment (result 5)": 6.000046968460083,
    "Step 3.4.2.1.2: Reliability assessment (result 4)": 6.000176906585693,
    "Step 3.10.2.1.3: Content fetching (result 2)": 7.769204139709473,
    "Step 3.10.2.1.3: Content fetching (result 5)": 7.057487964630127,
    "Step 3.10.2.1.3: Content fetching (result 4)": 6.799393653869629,
    "Step 3.5.2.1.3: Content fetching (result 1)": 9.558848857879639,
    "Step 3.5.2.1.3: Content fetching (result 2)": 9.85117483139038,
    "Step 3.5.2.1.3: Content fetching (result 5)": 9.182439804077148,
    "Step 3.5.2.1.3: Content fetching (result 3)": 8.845070838928223,
    "Step 3.5.2.1.3: Content fetching (result 4)": 8.847984790802002,
    "Step 3.8.2.2.3: Content fetching (result 4)": 8.849753856658936,
    "Step 3.8.2.2.3: Content fetching (result 1)": 8.850029945373535,
    "Step 3.8.2.2.3: Content fetching (result 2)": 8.850472927093506,
    "Step 3.1.2.1.2: Reliability assessment (result 4)": 3.0825929641723633,
    "Step 3.1.2.1.2: Reliability assessment (result 1)": 3.250951051712036,
    "Step 3.1.2.1.2: Reliability assessment (result 2)": 3.6545870304107666,
    "Step 3.1.2.1.2: Reliability assessment (result 5)": 3.7036542892456055,
    "Step 3.1.2.1.2: Reliability assessment (result 3)": 3.7983322143554688,
    "Step 3.7.1: Query generation for claim 7": 19.831483125686646,
    "Step 3.9.1: Query generation for claim 9": 19.842652797698975,
    "Step 3.2.1: Query generation for claim 2": 19.901647090911865,
    "Step 3.3.1: Query generation for claim 3": 20.00232219696045,
    "Step 3.6.1: Query generation for claim 6": 20.0776309967041,
    "Step 3.8.2.2.3: Content fetching (result 3)": 12.219529151916504,
    "Step 3.8.2.2.3: Content fetching (result 5)": 12.22149133682251,
    "Step 3.10.2.2.2: Reliability assessment (result 2)": 7.701426982879639,
    "Step 3.10.2.2.2: Reliability assessment (result 3)": 7.7012457847595215,
    "Step 3.10.2.2.2: Reliability assessment (result 4)": 7.701278924942017,
    "Step 3.10.2.2.2: Reliability assessment (result 1)": 7.840173006057739,
    "Step 3.5.2.2.3: Content fetching (result 1)": 16.73701000213623,
    "Step 3.5.2.2.3: Content fetching (result 4)": 16.750854015350342,
    "Step 3.5.2.2.3: Content fetching (result 5)": 16.753194093704224,
    "Step 3.5.2.2.3: Content fetching (result 6)": 16.147700786590576,
    "Step 3.5.2.2.3: Content fetching (result 2)": 16.057955980300903,
    "Step 3.5.2.2.3: Content fetching (result 3)": 16.037521839141846,
    "Step 3.8.2.1.3: Content fetching (result 2)": 19.732533931732178,
    "Step 3.4.2.2.2: Reliability assessment (result 1)": 3.188774824142456,
    "Step 3.8.2.1.3: Content fetching (result 4)": 19.46332597732544,
    "Step 3.8.2.1.3: Content fetching (result 3)": 19.323275089263916,
    "Step 3.8.2.1.3: Content fetching (result 1)": 19.040026903152466,
    "Step 3.8.2.1.3: Content fetching (result 5)": 18.724560976028442,
    "Step 3.4.2.2.2: Reliability assessment (result 3)": 3.969759941101074,
    "Step 3.4.2.2.2: Reliability assessment (result 5)": 4.159203767776489,
    "Step 3.4.2.2.2: Reliability assessment (result 2)": 4.425276041030884,
    "Step 3.1.2.1.3: Content fetching (result 4)": 13.316792011260986,
    "Step 3.1.2.1.3: Content fetching (result 1)": 13.152406930923462,
    "Step 3.1.2.1.3: Content fetching (result 2)": 12.75266718864441,
    "Step 3.1.2.1.3: Content fetching (result 5)": 12.707754135131836,
    "Step 3.1.2.1.3: Content fetching (result 3)": 12.617629289627075,
    "Step 3.4.2.1.3: Content fetching (result 1)": 20.1019070148468,