{
  "timing": {
    "total_seconds": 114.64872002601624,
    "Step 1: Transcript extraction": 0.9187400341033936,
    "Step 2: Claim extraction": 14.620638847351074,
    "Step 3.4.1: Query generation for claim 4": 10.97139573097229,
    "Step 3.2.1: Query generation for claim 2": 11.097787141799927,
    "Step 3.5.1: Query generation for claim 5": 11.279876947402954,
    "Step 3.3.1: Query generation for claim 3": 11.378722190856934,
    "Step 3.4.2.1.1.1: Google Search API (batch 1)": 1.4687199592590332,
    "Step 3.2.2.1.1.1: Google Search API (batch 1)": 1.3833820819854736,
    "Step 3.5.2.2.1.1: Google Search API (batch 1)": 1.1564440727233887,
    "Step 3.5.2.1.1.1: Google Search API (batch 1)": 1.1985211372375488,
    "Step 3.4.2.2.1.1: Google Search API (batch 1)": 1.4360699653625488,
    "Step 3.3.2.1.1.1: Google Search API (batch 1)": 1.1119699478149414,
    "Step 3.2.2.2.1.1: Google Search API (batch 1)": 1.3593552112579346,
    "Step 3.3.2.2.1.1: Google Search API (batch 1)": 1.078583002090454,
    "Step 3.3.2.2.2: Reliability assessment (result 2)": 0.0007150173187255859,
    "Step 3.3.2.2.2: Reliability assessment (result 3)": 0.0008192062377929688,
    "Step 3.3.2.2.2: Reliability assessment (result 4)": 0.0009748935699462891,
    "Step 3.3.2.2.2: Reliability assessment (result 5)": 0.0011827945709228516,
    "Step 3.3.2.1.2: Reliability assessment (result 2)": 0.0004563331604003906,
    "Step 3.3.2.1.2: Reliability assessment (result 3)": 0.0005118846893310547,
    "Step 3.3.2.1.2: Reliability assessment (result 4)": 0.0007002353668212891,
    "Step 3.3.2.1.2: Reliability assessment (result 5)": 0.0009341239929199219,
    "Step 3.3.2.1.2: Reliability assessment (result 1)": 0.26376914978027344,
    "Step 3.3.2.2.2: Reliability assessment (result 1)": 1.0709710121154785,
    "Step 3.4.2.1.2: Reliability assessment (result 1)": 0.0005719661712646484,
    "Step 3.4.2.1.2: Reliability assessment (result 3)": 0.0006291866302490234,
    "Step 3.4.2.1.2: Reliability assessment (result 4)": 0.742110013961792,
    "Step 3.4.2.1.2: Reliability assessment (result 2)": 1.0341060161590576,
    "Step 3.4.2.1.2: Reliability assessment (result 5)": 1.081404209136963,
    "Step 3.2.2.1.2: Reliability assessment (result 2)": 0.3264141082763672,
    "Step 3.2.2.1.2: Reliability assessment (result 3)": 0.6769509315490723,
    "Step 3.2.2.1.2: Reliability assessment (result 1)": 0.9857161045074463,
    "Step 3.2.2.1.2: Reliability assessment (result 4)": 1.4449100494384766,
    "Step 3.2.2.1.2: Reliability assessment (result 5)": 1.8208489418029785,
    "Step 3.2.2.1.2: Reliability assessment (result 6)": 2.141514778137207,
    "Step 3.4.2.1.3: Content fetching (result 1)": 6.535239219665527,
    "Step 3.4.2.1.3: Content fetching (result 3)": 6.541731119155884,
    "Step 3.4.2.1.3: Content fetching (result 4)": 5.801826000213623,
    "Step 3.2.2.2.2: Reliability assessment (result 4)": 4.128761053085327,
    "Step 3.4.2.1.3: Content fetching (result 2)": 5.5131800174713135,
    "Step 3.4.2.1.3: Content fetching (result 5)": 5.467830181121826,
    "Step 3.3.2.1.3: Content fetching (result 2)": 8.106653928756714,
    "Step 3.3.2.1.3: Content fetching (result 3)": 8.10854196548462,
    "Step 3.3.2.1.3: Content fetching (result 4)": 8.110074281692505,
    "Step 3.3.2.1.3: Content fetching (result 5)": 8.112077951431274,
    "Step 3.3.2.1.3: Content fetching (result 1)": 7.851320743560791,
    "Step 3.2.2.2.2: Reliability assessment (result 1)": 4.423989772796631,
    "Step 3.1.1: Query generation for claim 1": 22.755431175231934,
    "Step 3.2.2.2.2: Reliability assessment (result 5)": 4.796468257904053,
    "Step 3.2.2.2.2: Reliability assessment (result 3)": 4.853039979934692,
    "Step 3.5.2.1.2: Reliability assessment (result 1)": 1.107022762298584,
    "Step 3.2.2.2.2: Reliability assessment (result 2)": 4.887065172195435,
    "Step 3.5.2.1.2: Reliability assessment (result 2)": 1.396859884262085,
    "Step 3.3.2.2.3: Content fetching (result 2)": 9.46737813949585,
    "Step 3.3.2.2.3: Content fetching (result 3)": 9.4701509475708,
    "Step 3.3.2.2.3: Content fetching (result 4)": 9.470993757247925,
    "Step 3.3.2.2.3: Content fetching (result 5)": 9.472272872924805,
    "Step 3.3.2.2.3: Content fetching (result 1)": 8.404824256896973,
    "Step 3.5.2.1.2: Reliability assessment (result 4)": 1.8271148204803467,
    "Step 3.5.2.1.2: Reliability assessment (result 5)": 1.836808204650879,
    "Step 3.5.2.1.2: Reliability assessment (result 6)": 2.0004050731658936,
    "Step 3.5.2.1.2: Reliability assessment (result 3)": 2.269474983215332,
    "Step 3.5.2.2.2: Reliability assessment (result 1)": 1.2022991180419922,
    "Step 3.2.2.2.3: Content fetching (result 4)": 9.572871923446655,
    "Step 3.2.2.2.3: Content fetching (result 1)": 9.279481887817383,
    "Step 3.2.2.2.3: Content fetching (result 5)": 8.908882856369019,
    "Step 3.5.2.2.2: Reliability assessment (result 5)": 1.3626699447631836,
    "Step 3.2.2.2.3: Content fetching (result 3)": 8.854260921478271,
    "Step 3.2.2.2.3: Content fetching (result 2)": 8.822268009185791,
    "Step 3.4.2.2.2: Reliability assessment (result 2)": 1.040961742401123,
    "Step 3.4.2.2.2: Reliability assessment (result 3)": 1.6558218002319336,
    "Step 3.5.2.2.2: Reliability assessment (result 4)": 2.013465642929077,
    "Step 3.4.2.2.2: Reliability assessment (result 4)": 1.9300410747528076,
    "Step 3.5.2.2.2: Reliability assessment (result 2)": 2.2647948265075684,
    "Step 3.4.2.2.2: Reliability assessment (result 1)": 2.1522679328918457,
    "Step 3.5.2.2.2: Reliability assessment (result 3)": 2.4798479080200195,
    "Step 3.4.2.2.3: Content fetching (result 2)": 2.9209249019622803,
    "Step 3.4.2.2.3: Content fetching (result 3)": 2.3083770275115967,
    "Step 3.2.2.1.3: Content fetching (result 2)": 19.007762908935547,
    "Step 3.2.2.1.3: Content fetching (result 3)": 18.659728050231934,
    "Step 3.2.2.1.3: Content fetching (result 1)": 18.353069067001343,
    "Step 3.2.2.1.3: Content fetching (result 4)": 17.89632797241211,
    "Step 3.2.2.1.3: Content fetching (result 5)": 17.526849031448364,
    "Step 3.2.2.1.3: Content fetching (result 6)": 17.20670795440674,
    "Step 3.4.2.2.3: Content fetching (result 4)": 5.715419769287109,
    "Step 3.4.2.2.3: Content fetching (result 1)": 5.632484674453735,
    "Step 3.3.2.1.4: Evidence extraction (result 2)": 17.759300708770752,
    "Step 3.2.2.1.4: Evidence extraction (result 2)": 3.782241106033325,
    "Step 3.5.2.2.3: Content fetching (result 1)": 9.506634950637817,
    "Step 3.3.2.1.4: Evidence extraction (result 5)": 18.944473266601562,
    "Step 3.4.2.1.4: Evidence extraction (result 2)": 19.19399881362915,
    "Step 3.3.2.1.4: Evidence extraction (result 4)": 19.25632119178772,
    "Step 3.3.2.2.4: Evidence extraction (result 3)": 18.307018995285034,
    "Step 3.2.2.2.4: Evidence extraction (result 3)": 9.970457077026367,
    "Step 3.2.2.2.4: Evidence extraction (result 5)": 10.312535047531128,
    "Step 3.5.2.2.3: Content fetching (result 5)": 10.394087314605713,
    "Step 3.5.2.2.3: Content fetching (result 4)": 9.746124029159546,
    "Step 3.5.2.2.3: Content fetching (result 2)": 9.49729609489441,
    "Step 3.5.2.2.3: Content fetching (result 3)": 9.285469055175781,
    "Step 3.4.2.1.4: Evidence extraction (result 1)": 20.000388145446777,
    "Step 3.5.2.2.2: Reliability assessment (result 6)": 11.810650825500488,
    "Step 3.3.2.2.4: Evidence extraction (result 1)": 19.13837504386902,
    "Step 3.3.2.2.4: Evidence extraction (result 2)": 20.62490701675415,
    "Step 3.4.2.1.4: Evidence extraction (result 5)": 21.80144190788269,
    "Step 3.3.2.2.4: Evidence extraction (result 4)": 23.033835887908936,
    "Step 3.4.2.1.4: Evidence extraction (result 3)": 24.3093478679657,
    "Step 3.4.2.1.4: Evidence extraction (result 4)": 24.341111183166504,
    "Step 3.4.2: Search execution for claim 4 query 1": 35.780189990997314,