{
  "timing": {
    "total_seconds": 103.01887893676758,
    "Step 1: Transcript extraction": 0.9784588813781738,
    "Step 2: Claim extraction": 17.861015796661377,
    "Step 3.5.1: Query generation for claim 5": 1.911309003829956,
    "Step 3.6.1: Query generation for claim 6": 1.913764238357544,
    "Step 3.10.1: Query generation for claim 10": 2.1134088039398193,
    "Step 3.8.1: Query generation for claim 8": 2.198179006576538,
    "Step 3.1.1: Query generation for claim 1": 2.2873380184173584,
    "Step 3.3.1: Query generation for claim 3": 2.2861812114715576,
    "Step 3.4.1: Query generation for claim 4": 2.2861618995666504,
    "Step 3.4.2.1.1.1: Google Search API (batch 1)": 0.7765078544616699,
    "Step 3.10.2.2.1.1: Google Search API (batch 1)": 1.1957099437713623,
    "Step 3.3.2.1.1.1: Google Search API (batch 1)": 0.992354154586792,
    "Step 3.6.2.1.1.1: Google Search API (batch 1)": 1.3299989700317383,
    "Step 3.10.2.1.1.1: Google Search API (batch 1)": 1.2632780075073242,
    "Step 3.1.2.1.1.1: Google Search API (batch 1)": 1.09608793258667,
    "Step 3.8.2.2.1.1: Google Search API (batch 1)": 1.1830801963806152,
    "Step 3.6.2.2.1.1: Google Search API (batch 1)": 1.359165906906128,
    "Step 3.1.2.2.1.1: Google Search API (batch 1)": 1.118298053741455,
    "Step 3.4.2.2.1.1: Google Search API (batch 1)": 0.9565539360046387,
    "Step 3.5.2.2.1.1: Google Search API (batch 1)": 1.458728313446045,
    "Step 3.3.2.2.1.1: Google Search API (batch 1)": 1.0510540008544922,
    "Step 3.5.2.1.1.1: Google Search API (batch 1)": 1.5421009063720703,
    "Step 3.8.2.1.1.1: Google Search API (batch 1)": 1.298769235610962,
    "Step 3.4.2.1.2: Reliability assessment (result 2)": 0.0006039142608642578,
    "Step 3.4.2.1.2: Reliability assessment (result 3)": 0.0007398128509521484,
    "Step 3.4.2.1.2: Reliability assessment (result 4)": 0.0008497238159179688,
    "Step 3.4.2.1.2: Reliability assessment (result 5)": 0.0009729862213134766,
    "Step 3.4.2.1.2: Reliability assessment (result 1)": 1.6091887950897217,
    "Step 3.4.2.2.2: Reliability assessment (result 1)": 1.0134902000427246,
    "Step 3.4.2.2.2: Reliability assessment (result 3)": 1.0137951374053955,
    "Step 3.4.2.2.2: Reliability assessment (result 4)": 1.0141401290893555,
    "Step 3.4.2.2.2: Reliability assessment (result 5)": 1.337148904800415,
    "Step 3.4.2.2.2: Reliability assessment (result 2)": 1.3372578620910645,
    "Step 3.10.2.2.2: Reliability assessment (result 1)": 0.6415019035339355,
    "Step 3.10.2.2.2: Reliability assessment (result 2)": 0.6417551040649414,
    "Step 3.6.2.1.2: Reliability assessment (result 1)": 0.6418650150299072,
    "Step 3.6.2.1.2: Reliability assessment (result 2)": 0.6420848369598389,
    "Step 3.3.2.2.2: Reliability assessment (result 2)": 0.6421220302581787,
    "Step 3.3.2.2.2: Reliability assessment (result 4)": 0.6421141624450684,
    "Step 3.3.2.2.2: Reliability assessment (result 1)": 0.9998388290405273,
    "Step 3.3.2.2.2: Reliability assessment (result 3)": 0.999896764755249,
    "Step 3.3.2.2.2: Reliability assessment (result 5)": 0.9999139308929443,
    "Step 3.8.2.1.2: Reliability assessment (result 2)": 0.6876590251922607,
    "Step 3.8.2.1.2: Reliability assessment (result 3)": 0.6877598762512207,
    "Step 3.6.2.2.2: Reliability assessment (result 1)": 0.6877429485321045,
    "Step 3.6.2.2.2: Reliability assessment (result 2)": 0.6875030994415283,
    "Step 3.6.2.2.2: Reliability assessment (result 3)": 0.6875162124633789,
    "Step 3.6.2.1.2: Reliability assessment (result 3)": 1.3289830684661865,
    "Step 3.10.2.2.2: Reliability assessment (result 3)": 1.3291499614715576,
    "Step 3.8.2.1.2: Reliability assessment (result 1)": 0.6881139278411865,
    "Step 3.8.2.1.2: Reliability assessment (result 4)": 0.7524769306182861,
    "Step 3.6.2.2.2: Reliability assessment (result 4)": 0.891901969909668,
    "Step 3.6.2.2.2: Reliability assessment (result 5)": 1.0825176239013672,
    "Step 3.6.2.1.3: Content fetching (result 1)": 3.021852970123291,
    "Step 3.6.2.1.3: Content fetching (result 2)": 3.023681163787842,
    "Step 3.4.2.1.3: Content fetching (result 2)": 7.667184829711914,
    "Step 3.4.2.1.3: Content fetching (result 5)": 7.670582056045532,
    "Step 3.4.2.1.3: Content fetching (result 3)": 7.672639846801758,
    "Step 3.5.2.1.2: Reliability assessment (result 2)": 5.064269065856934,
    "Step 3.4.2.1.3: Content fetching (result 4)": 7.674829006195068,
    "Step 3.4.2.1.3: Content fetching (result 1)": 6.422012090682983,
    "Step 3.10.2.2.3: Content fetching (result 1)": 6.056797981262207,
    "Step 3.10.2.2.3: Content fetching (result 2)": 6.058444023132324,
    "Step 3.5.2.1.2: Reliability assessment (result 3)": 5.955379247665405,
    "Step 3.5.2.1.2: Reliability assessment (result 1)": 6.319638729095459,
    "Step 3.4.2.2.3: Content fetching (result 1)": 8.767780065536499,
    "Step 3.4.2.2.3: Content fetching (result 3)": 8.769518852233887,
    "Step 3.5.2.2.2: Reliability assessment (result 2)": 7.44183874130249,
    "Step 3.4.2.2.3: Content fetching (result 4)": 8.771562814712524,
    "Step 3.4.2.2.3: Content fetching (result 5)": 8.453439950942993,
    "Step 3.4.2.2.3: Content fetching (result 2)": 8.45424485206604,
    "Step 3.6.2.1.3: Content fetching (result 3)": 8.077860116958618,
    "Step 3.5.2.2.2: Reliability assessment (result 3)": 8.19218921661377,
    "Step 3.5.2.2.2: Reliability assessment (result 1)": 8.513686180114746,
    "Step 3.10.2.2.3: Content fetching (result 3)": 8.96396517753601,
    "Step 3.3.2.1.2: Reliability assessment (result 2)": 4.277367115020752,
    "Step 3.3.2.1.2: Reliability assessment (result 3)": 4.277437925338745,
    "Step 3.3.2.2.3: Content fetching (result 2)": 10.058809995651245,
    "Step 3.3.2.2.3: Content fetching (result 4)": 10.203289985656738,
    "Step 3.3.2.2.3: Content fetching (result 1)": 9.849968910217285,
    "Step 3.3.2.2.3: Content fetching (result 3)": 9.854737997055054,
    "Step 3.3.2.2.3: Content fetching (result 5)": 9.855771780014038,
    "Step 3.10.2.1.2: Reliability assessment (result 2)": 0.6532368659973145,
    "Step 3.9.1: Query generation for claim 9": 18.0190749168396,
    "Step 3.2.1: Query generation for claim 2": 18.023516178131104,
    "Step 3.7.1: Query generation for claim 7": 18.027824878692627,
    "Step 3.3.2.1.2: Reliability assessment (result 1)": 4.943225145339966,
    "Step 3.10.2.1.2: Reliability assessment (result 1)": 1.2108070850372314,
    "Step 3.10.2.1.2: Reliability assessment (result 4)": 1.3867700099945068,
    "Step 3.10.2.1.2: Reliability assessment (result 3)": 1.4202499389648438,
    "Step 3.10.2.1.3: Content fetching (result 2)": 6.816161155700684,
    "Step 3.8.2.2.2: Reliability assessment (result 1)": 6.8160178661346436,
    "Step 3.5.2.2.3: Content fetching (result 2)": 9.836230278015137,
    "Step 3.5.2.2.3: Content fetching (result 3)": 9.087923049926758,
    "Step 3.8.2.2.2: Reliability assessment (result 4)": 7.256816148757935,
    "Step 3.5.2.2.3: Content fetching (result 1)": 8.768518924713135,
    "Step 3.5.2.1.3: Content fetching (result 2)": 12.762172937393188,
    "Step 3.5.2.1.3: Content fetching (result 3)": 11.873106956481934,
    "Step 3.5.2.1.3: Content fetching (result 1)": 11.511269092559814,
    "Step 3.8.2.2.2: Reliability assessment (result 2)": 8.082648992538452,
    "Step 3.8.2.2.2: Reliability assessment (result 3)": 8.125009059906006,
    "Step 3.8.2.2.2: Reliability assessment (result 5)": 8.613306999206543,
    "Step 3.8.2.2.2: Reliability assessment (result 6)": 8.618980169296265,
    "Step 3.8.2.1.3: Content fetching (result 2)": 18.68944501876831,
    "Step 3.8.2.1.3: Content fetching (result 3)": 18.695438146591187,
    "Step 3.8.2.1.3: Content fetching (result 1)": 18.697312116622925,
    "Step 3.8.2.1.3: Content fetching (result 4)": 18.634846925735474,
    "Step 3.3.2.1.3: Content fetching (result 2)": 9.8125638961792,