{
  "timing": {
    "total_seconds": 89.7139801979065,
    "Step 1: Transcript extraction": 1.1731038093566895,
    "Step 2: Claim extraction": 10.813112258911133,
    "Step 3.1.1: Query generation for claim 1": 2.4886271953582764,
    "Step 3.1.2.2.1.1: Google Search API (batch 1)": 1.053184986114502,
    "Step 3.1.2.1.1.1: Google Search API (batch 1)": 1.123121738433838,
    "Step 3.1.2.2.2: Reliability assessment (result 1)": 0.00043892860412597656,
    "Step 3.1.2.2.2: Reliability assessment (result 3)": 0.0004398822784423828,
    "Step 3.1.2.2.2: Reliability assessment (result 4)": 0.7221720218658447,
    "Step 3.1.2.2.2: Reliability assessment (result 2)": 1.0139873027801514,
    "Step 3.2.1: Query generation for claim 2": 11.41763710975647,
    "Step 3.3.1: Query generation for claim 3": 11.541574954986572,
    "Step 3.3.2.1.1.1: Google Search API (batch 1)": 0.8302690982818604,
    "Step 3.2.2.2.1.1: Google Search API (batch 1)": 0.8744230270385742,
    "Step 3.3.2.2.1.1: Google Search API (batch 1)": 0.9262850284576416,
    "Step 3.2.2.1.1.1: Google Search API (batch 1)": 1.6166431903839111,
    "Step 3.1.2.2.3: Content fetching (result 1)": 6.203508138656616,
    "Step 3.1.2.2.3: Content fetching (result 3)": 6.2060651779174805,
    "Step 3.1.2.2.3: Content fetching (result 4)": 5.48558497428894,
    "Step 3.1.2.2.3: Content fetching (result 2)": 5.19569206237793,
    "Step 3.3.2.2.2: Reliability assessment (result 1)": 0.6305158138275146,
    "Step 3.3.2.2.2: Reliability assessment (result 3)": 0.6305050849914551,
    "Step 3.3.2.2.2: Reliability assessment (result 4)": 0.6305222511291504,
    "Step 3.3.2.2.2: Reliability assessment (result 5)": 0.630702018737793,
    "Step 3.3.2.1.2: Reliability assessment (result 1)": 0.0009491443634033203,
    "Step 3.3.2.1.2: Reliability assessment (result 3)": 0.0012581348419189453,
    "Step 3.3.2.1.2: Reliability assessment (result 4)": 0.0012829303741455078,
    "Step 3.2.2.2.2: Reliability assessment (result 1)": 0.0012900829315185547,
    "Step 3.2.2.2.2: Reliability assessment (result 2)": 0.0012669563293457031,
    "Step 3.2.2.2.2: Reliability assessment (result 3)": 0.001276254653930664,
    "Step 3.3.2.2.2: Reliability assessment (result 6)": 0.8271558284759521,
    "Step 3.3.2.2.2: Reliability assessment (result 2)": 1.0101699829101562,
    "Step 3.2.2.2.2: Reliability assessment (result 4)": 0.6012911796569824,
    "Step 3.2.2.2.2: Reliability assessment (result 5)": 0.7422897815704346,
    "Step 3.3.2.1.2: Reliability assessment (result 2)": 1.0203940868377686,
    "Step 3.2.2.2.2: Reliability assessment (result 6)": 1.0970239639282227,
    "Step 3.2.2.1.2: Reliability assessment (result 1)": 1.074510097503662,
    "Step 3.2.2.1.2: Reliability assessment (result 2)": 1.7039761543273926,
    "Step 3.2.2.1.2: Reliability assessment (result 3)": 2.6015851497650146,
    "Step 3.3.2.1.3: Content fetching (result 1)": 8.048421144485474,
    "Step 3.3.2.1.3: Content fetching (result 4)": 8.052379846572876,
    "Step 3.3.2.1.3: Content fetching (result 3)": 8.054734230041504,
    "Step 3.3.2.1.3: Content fetching (result 2)": 7.03842306137085,
    "Step 3.1.2.1.2: Reliability assessment (result 2)": 0.9177038669586182,
    "Step 3.1.2.1.2: Reliability assessment (result 1)": 1.2038531303405762,
    "Step 3.3.2.2.3: Content fetching (result 1)": 10.724574089050293,
    "Step 3.3.2.2.3: Content fetching (result 3)": 10.726891994476318,
    "Step 3.3.2.2.3: Content fetching (result 4)": 10.728553056716919,
    "Step 3.3.2.2.3: Content fetching (result 5)": 10.73014211654663,
    "Step 3.3.2.2.3: Content fetching (result 6)": 10.536394119262695,
    "Step 3.3.2.2.3: Content fetching (result 2)": 10.355280876159668,
    "Step 3.2.2.1.3: Content fetching (result 1)": 5.963021993637085,
    "Step 3.2.2.1.3: Content fetching (result 2)": 5.337359189987183,
    "Step 3.2.2.1.3: Content fetching (result 3)": 4.44166111946106,
    "Step 3.1.2.2.4: Evidence extraction (result 4)": 14.585601091384888,
    "Step 3.1.2.2.4: Evidence extraction (result 2)": 14.93636679649353,
    "Step 3.1.2.1.3: Content fetching (result 2)": 2.7038769721984863,
    "Step 3.1.2.1.3: Content fetching (result 1)": 2.4198100566864014,
    "Step 3.3.2.1.4: Evidence extraction (result 1)": 5.491863965988159,
    "Step 3.3.2.2.4: Evidence extraction (result 1)": 4.193324089050293,
    "Step 3.1.2.2.4: Evidence extraction (result 1)": 19.658574104309082,
    "Step 3.1.2.2.4: Evidence extraction (result 3)": 19.74154496192932,
    "Step 3.1.2: Search execution for claim 1 query 2": 30.417725324630737,
    "Step 3.1.2.1.2: Reliability assessment (result 3)": 10.562326908111572,
    "Step 3.1.2.1.3: Content fetching (result 3)": 2.6682658195495605,
    "Step 3.3.2.1.4: Evidence extraction (result 2)": 18.142377853393555,
    "Step 3.3.2.1.4: Evidence extraction (result 4)": 18.367374897003174,
    "Step 3.2.2.2.3: Content fetching (result 6)": 25.599942922592163,
    "Step 3.2.2.2.3: Content fetching (result 1)": 28.21875,
    "Step 3.2.2.2.3: Content fetching (result 2)": 28.369209051132202,
    "Step 3.2.2.2.3: Content fetching (result 3)": 28.516107082366943,
    "Step 3.2.2.2.3: Content fetching (result 5)": 27.922969818115234,
    "Step 3.3.2.2.4: Evidence extraction (result 6)": 17.964850902557373,
    "Step 3.2.2.2.3: Content fetching (result 4)": 28.212178945541382,
    "Step 3.3.2.2.4: Evidence extraction (result 4)": 18.088125944137573,
    "Step 3.3.2.2.4: Evidence extraction (result 2)": 18.092988967895508,
    "Step 3.3.2.2.4: Evidence extraction (result 5)": 18.113961219787598,
    "Step 3.3.2.2.4: Evidence extraction (result 3)": 18.302926778793335,
    "Step 3.3.2: Search execution for claim 3 query 2": 33.0372588634491,
    "Step 3.2.2.1.4: Evidence extraction (result 2)": 18.039497137069702,
    "Step 3.2.2.1.4: Evidence extraction (result 1)": 18.470649003982544,
    "Step 3.2.2.1.4: Evidence extraction (result 3)": 18.466928005218506,
    "Step 3.2.2: Search execution for claim 2 query 1": 34.46464800834656,
    "Step 3.3.2.1.4: Evidence extraction (result 3)": 22.34094738960266,
    "Step 3.3.2: Search execution for claim 3 query 1": 34.44740390777588,
    "Step 3.1.2.1.4: Evidence extraction (result 2)": 18.023440837860107,
    "Step 3.1.2.1.4: Evidence extraction (result 1)": 18.13459610939026,
    "Step 3.2.2.2.4: Evidence extraction (result 6)": 11.784713983535767,
    "Step 3.1.2.1.4: Evidence extraction (result 3)": 18.203321933746338,
    "Step 3.1.2: Search execution for claim 1 query 1": 53.77052116394043,
    "Step 3.2.2.2.4: Evidence extraction (result 1)": 18.07956600189209,
    "Step 3.2.2.2.4: Evidence extraction (result 2)": 18.261579990386963,
    "Step 3.2.2.2.4: Evidence extraction (result 3)": 18.116904735565186,
    "Step 3.2.2.2.4: Evidence extraction (result 4)": 18.067229986190796,
    "Step 3.2.2.2.4: Evidence extraction (result 5)": 18.320143222808838,
    "Step 3.2.2: Search execution for claim 2 query 2": 51.09379196166992,
    "Step 3.3.3: Verdict generation for claim 3": 18.273643970489502,
    "Step 3.2.3: Verdict generation for claim 2": 11.784266948699951,
    "Step 3.1.3: Verdict generation for claim 1": 21.185702323913574,
    "Step 3: Query generation + search + verdicts for all claims (PARALLEL)": 77.44675898551941,
    "Step 4: Sort and assemble final output": 0.00013399124145507812
  },
  "llm": {
    "total_calls": 12,
    "total_cost_usd": 0.0027195,
    "total_latency_seconds": 138.87
  },
  "claims_extracted": 3,
  "success": true,
  "error": null
}
