{
  "timing": {
    "total_seconds": 83.80613803863525,
    "Step 1: Transcript extraction": 1.03594970703125,
    "Step 2: Claim extraction": 7.2064690589904785,
    "Step 3.2.1: Query generation for claim 2": 2.500953197479248,
    "Step 3.3.1: Query generation for claim 3": 2.5019710063934326,
    "Step 3.1.1: Query generation for claim 1": 2.912482976913452,
    "Step 3.3.2.1.1.1: Google Search API (batch 1)": 0.8777320384979248,
    "Step 3.3.2.2.1.1: Google Search API (batch 1)": 0.8643209934234619,
    "Step 3.2.2.1.1.1: Google Search API (batch 1)": 1.1377108097076416,
    "Step 3.1.2.2.1.1: Google Search API (batch 1)": 0.7496659755706787,
    "Step 3.2.2.2.1.1: Google Search API (batch 1)": 1.1845340728759766,
    "Step 3.1.2.1.1.1: Google Search API (batch 1)": 1.4446163177490234,
    "Step 3.2.2.1.2: Reliability assessment (result 1)": 0.0022857189178466797,
    "Step 3.2.2.1.2: Reliability assessment (result 2)": 0.0023250579833984375,
    "Step 3.3.2.2.2: Reliability assessment (result 3)": 0.0013430118560791016,
    "Step 3.2.2.2.2: Reliability assessment (result 1)": 0.0013670921325683594,
    "Step 3.2.2.2.2: Reliability assessment (result 3)": 0.0014967918395996094,
    "Step 3.2.2.1.2: Reliability assessment (result 4)": 0.7465107440948486,
    "Step 3.2.2.1.2: Reliability assessment (result 3)": 0.7478542327880859,
    "Step 3.2.2.1.2: Reliability assessment (result 5)": 0.7505178451538086,
    "Step 3.3.2.2.2: Reliability assessment (result 4)": 0.4121360778808594,
    "Step 3.3.2.2.2: Reliability assessment (result 2)": 0.41230010986328125,
    "Step 3.2.2.1.2: Reliability assessment (result 6)": 1.0751440525054932,
    "Step 3.3.2.1.2: Reliability assessment (result 2)": 0.2540709972381592,
    "Step 3.3.2.1.2: Reliability assessment (result 1)": 0.26008009910583496,
    "Step 3.3.2.2.2: Reliability assessment (result 5)": 0.7622489929199219,
    "Step 3.2.2.2.2: Reliability assessment (result 4)": 0.7649900913238525,
    "Step 3.2.2.2.2: Reliability assessment (result 5)": 0.7650818824768066,
    "Step 3.3.2.1.2: Reliability assessment (result 4)": 0.5265889167785645,
    "Step 3.3.2.1.2: Reliability assessment (result 3)": 0.5369160175323486,
    "Step 3.3.2.2.2: Reliability assessment (result 1)": 1.0220749378204346,
    "Step 3.3.2.1.2: Reliability assessment (result 5)": 0.6297142505645752,
    "Step 3.2.2.2.2: Reliability assessment (result 2)": 1.064910888671875,
    "Step 3.2.2.2.2: Reliability assessment (result 6)": 1.09847092628479,
    "Step 3.3.2.1.3: Content fetching (result 2)": 4.679925918579102,
    "Step 3.3.2.1.3: Content fetching (result 1)": 4.6758949756622314,
    "Step 3.2.2.2.3: Content fetching (result 1)": 6.832981109619141,
    "Step 3.2.2.2.3: Content fetching (result 3)": 6.83475399017334,
    "Step 3.2.2.2.3: Content fetching (result 4)": 6.073182821273804,
    "Step 3.2.2.2.3: Content fetching (result 5)": 6.075941801071167,
    "Step 3.1.2.1.2: Reliability assessment (result 1)": 0.3391458988189697,
    "Step 3.1.2.1.2: Reliability assessment (result 2)": 0.33919787406921387,
    "Step 3.1.2.1.2: Reliability assessment (result 3)": 0.33921098709106445,
    "Step 3.1.2.1.2: Reliability assessment (result 5)": 0.6895678043365479,
    "Step 3.1.2.2.2: Reliability assessment (result 1)": 0.35067200660705566,
    "Step 3.1.2.2.2: Reliability assessment (result 2)": 0.3506608009338379,
    "Step 3.1.2.2.2: Reliability assessment (result 3)": 0.3506739139556885,
    "Step 3.5.1: Query generation for claim 5": 19.687416076660156,
    "Step 3.4.1: Query generation for claim 4": 19.823765993118286,
    "Step 3.2.2.2.3: Content fetching (result 2)": 9.104371309280396,
    "Step 3.2.2.2.3: Content fetching (result 6)": 9.072828769683838,
    "Step 3.1.2.2.2: Reliability assessment (result 5)": 2.655712127685547,
    "Step 3.2.2.1.3: Content fetching (result 1)": 12.104054927825928,
    "Step 3.2.2.1.3: Content fetching (result 2)": 12.10932207107544,
    "Step 3.2.2.1.3: Content fetching (result 4)": 11.366521835327148,
    "Step 3.2.2.1.3: Content fetching (result 3)": 11.368550062179565,
    "Step 3.2.2.1.3: Content fetching (result 5)": 11.368091106414795,
    "Step 3.2.2.1.3: Content fetching (result 6)": 11.045448064804077,
    "Step 3.1.2.1.2: Reliability assessment (result 4)": 10.486875057220459,
    "Step 3.1.2.2.2: Reliability assessment (result 4)": 10.771024227142334,
    "Step 3.3.2.1.4: Evidence extraction (result 1)": 15.37488079071045,
    "Step 3.2.2.1.4: Evidence extraction (result 6)": 9.669960021972656,
    "Step 3.2.2.1.4: Evidence extraction (result 3)": 10.209046602249146,
    "Step 3.2.2.1.4: Evidence extraction (result 4)": 10.263987064361572,
    "Step 3.2.2.2.4: Evidence extraction (result 1)": 15.589268922805786,
    "Step 3.1.2.1.3: Content fetching (result 1)": 15.304290056228638,
    "Step 3.1.2.1.3: Content fetching (result 2)": 15.306914806365967,
    "Step 3.1.2.1.3: Content fetching (result 3)": 15.311729907989502,
    "Step 3.1.2.1.3: Content fetching (result 5)": 14.963695049285889,
    "Step 3.1.2.1.3: Content fetching (result 4)": 5.169633150100708,
    "Step 3.1.2.2.3: Content fetching (result 1)": 16.480409145355225,
    "Step 3.1.2.2.3: Content fetching (result 2)": 16.483821153640747,
    "Step 3.1.2.2.3: Content fetching (result 3)": 16.617455005645752,
    "Step 3.1.2.2.3: Content fetching (result 5)": 14.31428575515747,
    "Step 3.1.2.2.3: Content fetching (result 4)": 6.200639247894287,
    "Step 3.3.2.2.3: Content fetching (result 5)": 24.737389087677002,
    "Step 3.3.2.2.3: Content fetching (result 3)": 26.26458215713501,
    "Step 3.3.2.2.3: Content fetching (result 4)": 25.85565710067749,
    "Step 3.3.2.2.3: Content fetching (result 2)": 25.85753297805786,
    "Step 3.3.2.2.3: Content fetching (result 1)": 25.251734972000122,
    "Step 3.3.2.1.4: Evidence extraction (result 2)": 22.21951413154602,
    "Step 3.2.2.2.4: Evidence extraction (result 3)": 20.893156051635742,
    "Step 3.2.2.2.4: Evidence extraction (result 4)": 21.02108907699585,
    "Step 3.2.2.2.4: Evidence extraction (result 5)": 21.21107006072998,
    "Step 3.3.2.1.3: Content fetching (result 5)": 27.203802824020386,
    "Step 3.2.2.2.4: Evidence extraction (result 2)": 18.124911785125732,
    "Step 3.3.2.1.3: Content fetching (result 4)": 27.367019176483154,
    "Step 3.3.2.1.3: Content fetching (result 3)": 27.35862684249878,
    "Step 3.2.2.2.4: Evidence extraction (result 6)": 18.225457906723022,
    "Step 3.2.2: Search execution for claim 2 query 2": 36.26147389411926,
    "Step 3.2.2.1.4: Evidence extraction (result 5)": 25.78230905532837,
    "Step 3.2.2.1.4: Evidence extraction (result 2)": 25.80836319923401,
    "Step 3.2.2.1.4: Evidence extraction (result 1)": 25.890480041503906,
    "Step 3.2.2: Search execution for claim 2 query 1": 45.28843331336975,
    "Step 3.1.2.1.4: Evidence extraction (result 1)": 18.03945279121399,
    "Step 3.1.2.1.4: Evidence extraction (result 5)": 18.143255949020386,
    "Step 3.1.2.1.4: Evidence extraction (result 3)": 18.180980920791626,
    "Step 3.1.2.1.4: Evidence extraction (result 4)": 18.222540140151978,
    "Step 3.1.2.1.4: Evidence extraction (result 2)": 18.34948182106018,
    "Step 3.1.2: Search execution for claim 1 query 1": 49.53026723861694,
    "Step 3.1.2.2.4: Evidence extraction (result 2)": 17.870315074920654,
    "Step 3.1.2.2.4: Evidence extraction (result 1)": 18.117564916610718,
    "Step 3.1.2.2.4: Evidence extraction (result 3)": 18.116411924362183,
    "Step 3.1.2.2.4: Evidence extraction (result 4)": 18.12829899787903,
    "Step 3.3.2.2.4: Evidence extraction (result 5)": 17.94647192955017,
    "Step 3.1.2.2.4: Evidence extraction (result 5)": 18.234341859817505,
    "Step 3.1.2: Search execution for claim 1 query 2": 51.0016348361969,
    "Step 3.3.2.2.4: Evidence extraction (result 2)": 17.885274171829224,
    "Step 3.3.2.2.4: Evidence extraction (result 4)": 18.040525197982788,