{
  "timing": {
    "total_seconds": 97.0030870437622,
    "Step 1: Transcript extraction": 1.2261381149291992,
    "Step 2: Claim extraction": 10.346458196640015,
    "Step 3.3.1: Query generation for claim 3": 2.2262308597564697,
    "Step 3.1.1: Query generation for claim 1": 2.4649951457977295,
    "Step 3.5.1: Query generation for claim 5": 2.8181209564208984,
    "Step 3.2.1: Query generation for claim 2": 3.0770912170410156,
    "Step 3.1.2.1.1.1: Google Search API (batch 1)": 0.9649410247802734,
    "Step 3.3.2.1.1.1: Google Search API (batch 1)": 1.1789798736572266,
    "Step 3.1.2.2.1.1: Google Search API (batch 1)": 0.9708237648010254,
    "Step 3.3.2.2.1.1: Google Search API (batch 1)": 1.3002679347991943,
    "Step 3.5.2.2.1.1: Google Search API (batch 1)": 0.9192719459533691,
    "Step 3.5.2.1.1.1: Google Search API (batch 1)": 1.1093440055847168,
    "Step 3.2.2.1.1.1: Google Search API (batch 1)": 0.8731179237365723,
    "Step 3.2.2.2.1.1: Google Search API (batch 1)": 0.8641667366027832,
    "Step 3.4.1: Query generation for claim 4": 5.159392356872559,
    "Step 3.4.2.2.1.1: Google Search API (batch 1)": 0.8158068656921387,
    "Step 3.4.2.1.1.1: Google Search API (batch 1)": 1.010814905166626,
    "Step 3.2.2.2.2: Reliability assessment (result 1)": 0.0002338886260986328,
    "Step 3.2.2.2.2: Reliability assessment (result 2)": 0.0003790855407714844,
    "Step 3.2.2.2.2: Reliability assessment (result 3)": 0.0007641315460205078,
    "Step 3.2.2.1.2: Reliability assessment (result 1)": 0.000247955322265625,
    "Step 3.2.2.1.2: Reliability assessment (result 2)": 0.00039887428283691406,
    "Step 3.2.2.2.2: Reliability assessment (result 4)": 0.5933501720428467,
    "Step 3.2.2.2.2: Reliability assessment (result 5)": 0.8233458995819092,
    "Step 3.2.2.1.2: Reliability assessment (result 3)": 0.6563892364501953,
    "Step 3.2.2.1.2: Reliability assessment (result 5)": 0.6707100868225098,
    "Step 3.2.2.1.2: Reliability assessment (result 4)": 0.9001710414886475,
    "Step 3.2.2.2.3: Content fetching (result 1)": 6.727724075317383,
    "Step 3.2.2.2.3: Content fetching (result 3)": 6.7299017906188965,
    "Step 3.2.2.2.3: Content fetching (result 2)": 6.732290029525757,
    "Step 3.2.2.2.3: Content fetching (result 4)": 6.140851974487305,
    "Step 3.2.2.2.3: Content fetching (result 5)": 5.912981986999512,
    "Step 3.2.2.1.3: Content fetching (result 2)": 9.25822114944458,
    "Step 3.2.2.1.3: Content fetching (result 1)": 9.259120225906372,
    "Step 3.2.2.1.3: Content fetching (result 3)": 8.603060960769653,
    "Step 3.2.2.1.3: Content fetching (result 5)": 8.589399814605713,
    "Step 3.2.2.1.3: Content fetching (result 4)": 8.360187768936157,
    "Step 3.1.2.2.2: Reliability assessment (result 1)": 0.35237789154052734,
    "Step 3.2.2.2.4: Evidence extraction (result 5)": 2.842703104019165,
    "Step 3.1.2.2.2: Reliability assessment (result 2)": 0.35329508781433105,
    "Step 3.5.2.2.2: Reliability assessment (result 2)": 0.002778768539428711,
    "Step 3.5.2.2.2: Reliability assessment (result 3)": 0.0028290748596191406,
    "Step 3.2.2.2.4: Evidence extraction (result 3)": 2.8517677783966064,
    "Step 3.2.2.2.4: Evidence extraction (result 2)": 2.850513219833374,
    "Step 3.5.2.2.2: Reliability assessment (result 5)": 0.19623208045959473,
    "Step 3.5.2.2.2: Reliability assessment (result 6)": 0.19837713241577148,
    "Step 3.1.2.2.2: Reliability assessment (result 5)": 0.5733420848846436,
    "Step 3.1.2.2.2: Reliability assessment (result 4)": 0.5834832191467285,
    "Step 3.2.2.2.4: Evidence extraction (result 1)": 3.348104953765869,
    "Step 3.2.2.2.4: Evidence extraction (result 4)": 3.5268280506134033,
    "Step 3.2.2: Search execution for claim 2 query 2": 13.919472694396973,
    "Step 3.3.2.2.2: Reliability assessment (result 3)": 0.0004661083221435547,
    "Step 3.3.2.2.2: Reliability assessment (result 2)": 0.46770715713500977,
    "Step 3.3.2.2.2: Reliability assessment (result 4)": 0.5792019367218018,
    "Step 3.2.2.1.4: Evidence extraction (result 1)": 2.3807170391082764,
    "Step 3.2.2.1.4: Evidence extraction (result 4)": 2.388636827468872,
    "Step 3.3.2.2.2: Reliability assessment (result 5)": 1.0459630489349365,
    "Step 3.2.2.1.4: Evidence extraction (result 2)": 2.5720770359039307,
    "Step 3.2.2.1.4: Evidence extraction (result 5)": 3.168881893157959,
    "Step 3.2.2.1.4: Evidence extraction (result 3)": 3.8270809650421143,
    "Step 3.2.2: Search execution for claim 2 query 1": 17.123955965042114,
    "Step 3.1.2.2.3: Content fetching (result 1)": 6.213934659957886,
    "Step 3.1.2.2.3: Content fetching (result 5)": 6.353982925415039,
    "Step 3.1.2.2.3: Content fetching (result 2)": 6.574859142303467,
    "Step 3.1.2.2.3: Content fetching (result 4)": 6.347851991653442,
    "Step 3.4.2.2.2: Reliability assessment (result 1)": 0.3798372745513916,
    "Step 3.4.2.2.2: Reliability assessment (result 3)": 0.3798360824584961,
    "Step 3.4.2.2.2: Reliability assessment (result 4)": 0.6267352104187012,
    "Step 3.4.2.2.2: Reliability assessment (result 5)": 0.6295719146728516,
    "Step 3.4.2.1.2: Reliability assessment (result 2)": 0.9309237003326416,
    "Step 3.4.2.1.2: Reliability assessment (result 3)": 1.3985927104949951,
    "Step 3.2.3: Verdict generation for claim 2": 5.846979856491089,
    "Step 3.1.2.2.2: Reliability assessment (result 3)": 10.272231101989746,
    "Step 3.5.2.2.2: Reliability assessment (result 4)": 10.222191095352173,
    "Step 3.5.2.2.2: Reliability assessment (result 1)": 10.222323179244995,
    "Step 3.5.2.2.3: Content fetching (result 2)": 11.254924058914185,
    "Step 3.5.2.1.2: Reliability assessment (result 2)": 1.869201898574829,
    "Step 3.5.2.2.3: Content fetching (result 3)": 11.25676679611206,
    "Step 3.5.2.2.3: Content fetching (result 6)": 11.062916040420532,
    "Step 3.5.2.2.3: Content fetching (result 5)": 11.069331884384155,
    "Step 3.3.2.2.2: Reliability assessment (result 1)": 10.223680973052979,
    "Step 3.3.2.1.2: Reliability assessment (result 2)": 1.7988190650939941,
    "Step 3.3.2.1.2: Reliability assessment (result 3)": 1.7988369464874268,
    "Step 3.5.2.1.2: Reliability assessment (result 5)": 2.204911947250366,
    "Step 3.5.2.1.2: Reliability assessment (result 3)": 2.3017489910125732,
    "Step 3.5.2.2.3: Content fetching (result 4)": 2.4554178714752197,
    "Step 3.5.2.2.3: Content fetching (result 1)": 2.969287157058716,
    "Step 3.1.2.1.2: Reliability assessment (result 1)": 2.2891392707824707,
    "Step 3.1.2.1.2: Reliability assessment (result 2)": 2.289062976837158,
    "Step 3.4.2.1.3: Content fetching (result 2)": 6.063261985778809,
    "Step 3.4.2.1.3: Content fetching (result 3)": 5.597726821899414,
    "Step 3.1.2.1.2: Reliability assessment (result 5)": 3.3848719596862793,
    "Step 3.1.2.2.4: Evidence extraction (result 4)": 8.137516021728516,
    "Step 3.1.2.2.4: Evidence extraction (result 1)": 8.546402215957642,
    "Step 3.1.2.2.3: Content fetching (result 3)": 5.144912958145142,
    "Step 3.1.2.2.4: Evidence extraction (result 2)": 8.53427505493164,
    "Step 3.1.2.2.4: Evidence extraction (result 5)": 8.871134042739868,
    "Step 3.5.2.1.3: Content fetching (result 2)": 4.63318395614624,
    "Step 3.4.2.2.2: Reliability assessment (result 2)": 10.237103939056396,
    "Step 3.3.2.1.3: Content fetching (result 2)": 5.908602237701416,
    "Step 3.3.2.1.3: Content fetching (result 3)": 5.910994052886963,
    "Step 3.5.2.2.4: Evidence extraction (result 3)": 6.633965015411377,
    "Step 3.5.2.2.4: Evidence extraction (result 6)": 7.202028036117554,
    "Step 3.4.2.1.2: Reliability assessment (result 1)": 12.776539087295532,
    "Step 3.4.2.2.3: Content fetching (result 1)": 12.90742802619934,
    "Step 3.4.2.2.3: Content fetching (result 3)": 12.913822174072266,
    "Step 3.4.2.2.3: Content fetching (result 4)": 12.669357061386108,
    "Step 3.4.2.2.3: Content fetching (result 5)": 12.66873288154602,