{
  "timing": {
    "total_seconds": 98.42232394218445,
    "Step 1: Transcript extraction": 0.9793741703033447,
    "Step 2: Claim extraction": 19.041115283966064,
    "Step 3.3.1: Query generation for claim 3": 1.555804967880249,
    "Step 3.1.1: Query generation for claim 1": 1.6796951293945312,
    "Step 3.4.1: Query generation for claim 4": 1.678124189376831,
    "Step 3.7.1: Query generation for claim 7": 1.8441650867462158,
    "Step 3.2.1: Query generation for claim 2": 1.9609651565551758,
    "Step 3.6.1: Query generation for claim 6": 2.0458672046661377,
    "Step 3.5.1: Query generation for claim 5": 2.1328721046447754,
    "Step 3.3.2.2.1.1: Google Search API (batch 1)": 1.1912257671356201,
    "Step 3.2.2.2.1.1: Google Search API (batch 1)": 0.8825390338897705,
    "Step 3.7.2.1.1.1: Google Search API (batch 1)": 1.0459301471710205,
    "Step 3.7.2.2.1.1: Google Search API (batch 1)": 1.04681396484375,
    "Step 3.6.2.1.1.1: Google Search API (batch 1)": 0.9286341667175293,
    "Step 3.3.2.1.1.1: Google Search API (batch 1)": 1.4054689407348633,
    "Step 3.1.2.2.1.1: Google Search API (batch 1)": 1.2771739959716797,
    "Step 3.1.2.1.1.1: Google Search API (batch 1)": 1.3210639953613281,
    "Step 3.5.2.1.1.1: Google Search API (batch 1)": 0.8662281036376953,
    "Step 3.2.2.1.1.1: Google Search API (batch 1)": 1.0385818481445312,
    "Step 3.4.2.1.1.1: Google Search API (batch 1)": 1.251528024673462,
    "Step 3.4.2.2.1.1: Google Search API (batch 1)": 1.2370209693908691,
    "Step 3.6.2.2.1.1: Google Search API (batch 1)": 0.9724690914154053,
    "Step 3.5.2.2.1.1: Google Search API (batch 1)": 1.1540601253509521,
    "Step 3.2.2.2.2: Reliability assessment (result 1)": 0.0004029273986816406,
    "Step 3.2.2.2.2: Reliability assessment (result 2)": 0.0005559921264648438,
    "Step 3.2.2.2.2: Reliability assessment (result 4)": 0.0007028579711914062,
    "Step 3.2.2.2.2: Reliability assessment (result 3)": 0.6661717891693115,
    "Step 3.2.2.1.2: Reliability assessment (result 1)": 0.0007011890411376953,
    "Step 3.2.2.1.2: Reliability assessment (result 2)": 0.0007569789886474609,
    "Step 3.2.2.1.2: Reliability assessment (result 4)": 0.0009069442749023438,
    "Step 3.3.2.2.2: Reliability assessment (result 1)": 0.0010199546813964844,
    "Step 3.3.2.2.2: Reliability assessment (result 2)": 0.00127410888671875,
    "Step 3.3.2.2.2: Reliability assessment (result 3)": 0.0014009475708007812,
    "Step 3.6.2.1.2: Reliability assessment (result 1)": 0.36302685737609863,
    "Step 3.6.2.1.2: Reliability assessment (result 2)": 0.36313486099243164,
    "Step 3.6.2.1.2: Reliability assessment (result 3)": 0.36322712898254395,
    "Step 3.7.2.2.2: Reliability assessment (result 2)": 0.0006871223449707031,
    "Step 3.7.2.2.2: Reliability assessment (result 3)": 0.0007627010345458984,
    "Step 3.2.2.1.2: Reliability assessment (result 3)": 1.1946558952331543,
    "Step 3.7.2.2.2: Reliability assessment (result 1)": 0.60227370262146,
    "Step 3.6.2.2.1.2: Google Search API (batch 2)": 0.8844132423400879,
    "Step 3.7.2.1.2: Reliability assessment (result 1)": 2.54606294631958,
    "Step 3.7.2.1.2: Reliability assessment (result 2)": 3.6798410415649414,
    "Step 3.3.2.2.3: Content fetching (result 1)": 6.089657783508301,
    "Step 3.3.2.2.3: Content fetching (result 2)": 6.09178614616394,
    "Step 3.3.2.2.3: Content fetching (result 3)": 6.093857765197754,
    "Step 3.7.2.1.2: Reliability assessment (result 3)": 4.229292154312134,
    "Step 3.2.2.1.3: Content fetching (result 1)": 7.393418788909912,
    "Step 3.2.2.1.3: Content fetching (result 4)": 7.395815849304199,
    "Step 3.2.2.1.3: Content fetching (result 2)": 7.398962020874023,
    "Step 3.2.2.1.3: Content fetching (result 3)": 6.579138994216919,
    "Step 3.4.2.1.2: Reliability assessment (result 1)": 1.0884628295898438,
    "Step 3.4.2.1.2: Reliability assessment (result 5)": 1.0895369052886963,
    "Step 3.4.2.1.2: Reliability assessment (result 2)": 1.0896258354187012,
    "Step 3.4.2.1.2: Reliability assessment (result 3)": 1.0897009372711182,
    "Step 3.4.2.1.2: Reliability assessment (result 4)": 1.0897362232208252,
    "Step 3.3.2.1.2: Reliability assessment (result 1)": 0.0026428699493408203,
    "Step 3.7.2.2.3: Content fetching (result 2)": 7.369736909866333,
    "Step 3.7.2.2.3: Content fetching (result 3)": 7.372127056121826,
    "Step 3.4.2.2.2: Reliability assessment (result 1)": 0.2096257209777832,
    "Step 3.7.2.2.3: Content fetching (result 1)": 6.772796869277954,
    "Step 3.5.2.1.2: Reliability assessment (result 1)": 0.2115776538848877,
    "Step 3.5.2.1.2: Reliability assessment (result 2)": 0.21158981323242188,
    "Step 3.5.2.1.2: Reliability assessment (result 3)": 0.4855201244354248,
    "Step 3.3.2.1.2: Reliability assessment (result 4)": 0.6513042449951172,
    "Step 3.1.2.1.1.2: Google Search API (batch 2)": 2.7147011756896973,
    "Step 3.3.2.1.2: Reliability assessment (result 2)": 0.7192082405090332,
    "Step 3.4.2.2.2: Reliability assessment (result 2)": 0.7316269874572754,
    "Step 3.2.2.2.3: Content fetching (result 1)": 9.932410955429077,
    "Step 3.2.2.2.3: Content fetching (result 2)": 9.936137914657593,
    "Step 3.2.2.2.3: Content fetching (result 4)": 9.938032865524292,
    "Step 3.2.2.2.3: Content fetching (result 3)": 9.279457092285156,
    "Step 3.3.2.1.2: Reliability assessment (result 3)": 1.1476829051971436,
    "Step 3.4.2.2.2: Reliability assessment (result 3)": 1.1726369857788086,
    "Step 3.6.2.1.3: Content fetching (result 1)": 8.79040002822876,
    "Step 3.6.2.1.3: Content fetching (result 2)": 8.795091152191162,
    "Step 3.6.2.1.3: Content fetching (result 3)": 8.797829151153564,
    "Step 3.5.2.2.1.2: Google Search API (batch 2)": 1.7017626762390137,
    "Step 3.4.2.2.3: Content fetching (result 1)": 2.5578088760375977,
    "Step 3.7.2.1.3: Content fetching (result 1)": 8.848503112792969,
    "Step 3.7.2.1.3: Content fetching (result 2)": 7.7180211544036865,
    "Step 3.7.2.1.3: Content fetching (result 3)": 7.171097993850708,
    "Step 3.1.2.2.2: Reliability assessment (result 1)": 0.559561014175415,
    "Step 3.1.2.2.2: Reliability assessment (result 2)": 1.9307889938354492,
    "Step 3.1.2.2.2: Reliability assessment (result 3)": 2.266597032546997,
    "Step 3.1.2.2.2: Reliability assessment (result 4)": 2.8158950805664062,
    "Step 3.4.2.2.3: Content fetching (result 2)": 8.190506935119629,
    "Step 3.4.2.2.3: Content fetching (result 3)": 7.752054691314697,
    "Step 3.5.2.1.3: Content fetching (result 1)": 10.053249835968018,
    "Step 3.5.2.1.3: Content fetching (result 2)": 10.055533170700073,
    "Step 3.5.2.1.3: Content fetching (result 3)": 9.78489089012146,
    "Step 3.3.2.1.3: Content fetching (result 1)": 10.885410785675049,
    "Step 3.3.2.1.3: Content fetching (result 4)": 10.239193677902222,
    "Step 3.3.2.1.3: Content fetching (result 2)": 10.173149824142456,
    "Step 3.3.2.1.3: Content fetching (result 3)": 9.746827125549316,
    "Step 3.4.2.1.3: Content fetching (result 1)": 11.130805969238281,
    "Step 3.4.2.1.3: Content fetching (result 5)": 11.131593227386475,
    "Step 3.4.2.1.3: Content fetching (result 2)": 11.133460998535156,
    "Step 3.4.2.1.3: Content fetching (result 3)": 11.135532855987549,
    "Step 3.4.2.1.3: Content fetching (result 4)": 11.13817811012268,
    "Step 3.5.2.2.2: Reliability assessment (result 1)": 0.003576040267944336,
    "Step 3.5.2.2.2: Reliability assessment (result 4)": 0.5852599143981934,
    "Step 3.5.2.2.2: Reliability assessment (result 5)": 0.6277627944946289,
    "Step 3.5.2.2.2: Reliability assessment (result 2)": 0.6279010772705078,
    "Step 3.5.2.2.2: Reliability assessment (result 3)": 0.8273108005523682,
    "Step 3.1.2.2.3: Content fetching (result 1)": 8.607584953308105,
    "Step 3.1.2.2.3: Content fetching (result 2)": 7.23829197883606,
    "Step 3.1.2.2.3: Content fetching (result 3)": 6.904482841491699,