{
  "timing": {
    "total_seconds": 57.615169048309326,
    "Step 1: Transcript extraction": 5.943866014480591,
    "Step 2: Claim extraction": 9.79623818397522,
    "Step 3.3.1: Query generation for claim 3": 2.293970823287964,
    "Step 3.1.1: Query generation for claim 1": 2.4219112396240234,
    "Step 3.2.1: Query generation for claim 2": 2.5065200328826904,
    "Step 3.2.2.1.1.1: Google Search API (batch 1)": 0.7470440864562988,
    "Step 3.2.2.2.1.1: Google Search API (batch 1)": 0.7210698127746582,
    "Step 3.1.2.1.1.1: Google Search API (batch 1)": 0.9300508499145508,
    "Step 3.3.2.1.1.1: Google Search API (batch 1)": 1.0625920295715332,
    "Step 3.3.2.2.1.1: Google Search API (batch 1)": 1.0226471424102783,
    "Step 3.1.2.2.1.1: Google Search API (batch 1)": 1.0030388832092285,
    "Step 3.1.2.1.2: Reliability assessment (result 2)": 0.0003180503845214844,
    "Step 3.1.2.1.2: Reliability assessment (result 4)": 0.0008606910705566406,
    "Step 3.1.2.1.2: Reliability assessment (result 5)": 0.0009257793426513672,
    "Step 3.1.2.1.2: Reliability assessment (result 6)": 0.0010890960693359375,
    "Step 3.2.2.2.2: Reliability assessment (result 2)": 0.6666228771209717,
    "Step 3.2.2.2.2: Reliability assessment (result 3)": 0.6667499542236328,
    "Step 3.1.2.1.2: Reliability assessment (result 3)": 1.4688661098480225,
    "Step 3.1.2.1.2: Reliability assessment (result 1)": 1.4690959453582764,
    "Step 3.2.2.2.2: Reliability assessment (result 1)": 0.6672320365905762,
    "Step 3.2.2.2.2: Reliability assessment (result 4)": 0.6673028469085693,
    "Step 3.2.2.1.2: Reliability assessment (result 2)": 0.0017998218536376953,
    "Step 3.2.2.1.2: Reliability assessment (result 4)": 0.001811981201171875,
    "Step 3.1.2.2.2: Reliability assessment (result 2)": 0.0017752647399902344,
    "Step 3.1.2.2.2: Reliability assessment (result 4)": 0.0017158985137939453,
    "Step 3.2.2.1.2: Reliability assessment (result 5)": 0.5098488330841064,
    "Step 3.1.2.2.2: Reliability assessment (result 1)": 0.5099380016326904,
    "Step 3.1.2.2.2: Reliability assessment (result 3)": 0.509984016418457,
    "Step 3.1.2.2.2: Reliability assessment (result 5)": 0.5096781253814697,
    "Step 3.2.2.1.2: Reliability assessment (result 3)": 1.2617411613464355,
    "Step 3.3.2.2.2: Reliability assessment (result 3)": 0.7523138523101807,
    "Step 3.3.2.2.2: Reliability assessment (result 4)": 0.7521059513092041,
    "Step 3.2.2.1.2: Reliability assessment (result 1)": 1.2619521617889404,
    "Step 3.3.2.2.2: Reliability assessment (result 1)": 0.8944661617279053,
    "Step 3.3.2.2.2: Reliability assessment (result 2)": 1.3457667827606201,
    "Step 3.3.2.2.2: Reliability assessment (result 6)": 1.3488540649414062,
    "Step 3.3.2.2.2: Reliability assessment (result 5)": 1.3549840450286865,
    "Step 3.2.2.2.3: Content fetching (result 2)": 4.750303030014038,
    "Step 3.2.2.2.3: Content fetching (result 3)": 4.752780914306641,
    "Step 3.2.2.2.3: Content fetching (result 1)": 4.75493311882019,
    "Step 3.3.2.1.2: Reliability assessment (result 3)": 3.495168924331665,
    "Step 3.3.2.1.2: Reliability assessment (result 4)": 3.4952099323272705,
    "Step 3.2.2.2.3: Content fetching (result 4)": 4.757940769195557,
    "Step 3.2.2.1.3: Content fetching (result 2)": 5.0590293407440186,
    "Step 3.2.2.1.3: Content fetching (result 4)": 5.063737154006958,
    "Step 3.3.2.1.2: Reliability assessment (result 6)": 4.1201112270355225,
    "Step 3.3.2.1.2: Reliability assessment (result 5)": 4.374492168426514,
    "Step 3.3.2.1.2: Reliability assessment (result 1)": 4.408674955368042,
    "Step 3.3.2.1.2: Reliability assessment (result 2)": 4.418976068496704,
    "Step 3.2.2.1.3: Content fetching (result 5)": 8.303881168365479,
    "Step 3.2.2.1.3: Content fetching (result 3)": 9.136852025985718,
    "Step 3.2.2.1.3: Content fetching (result 1)": 9.138630867004395,
    "Step 3.3.2.1.3: Content fetching (result 3)": 8.188764095306396,
    "Step 3.3.2.1.3: Content fetching (result 4)": 9.961140155792236,
    "Step 3.3.2.2.3: Content fetching (result 3)": 14.42057490348816,
    "Step 3.3.2.2.3: Content fetching (result 4)": 14.425480842590332,
    "Step 3.3.2.2.3: Content fetching (result 1)": 14.286711931228638,
    "Step 3.3.2.2.3: Content fetching (result 2)": 13.839503288269043,
    "Step 3.3.2.2.3: Content fetching (result 6)": 13.838309049606323,
    "Step 3.3.2.2.3: Content fetching (result 5)": 13.836087226867676,
    "Step 3.1.2.2.3: Content fetching (result 2)": 16.135793924331665,
    "Step 3.1.2.2.3: Content fetching (result 4)": 16.137789964675903,
    "Step 3.1.2.2.3: Content fetching (result 1)": 15.632044792175293,
    "Step 3.1.2.2.3: Content fetching (result 3)": 15.633768320083618,
    "Step 3.1.2.2.3: Content fetching (result 5)": 15.635601282119751,
    "Step 3.1.2.1.3: Content fetching (result 2)": 18.082551956176758,
    "Step 3.1.2.1.3: Content fetching (result 4)": 18.083813190460205,
    "Step 3.1.2.1.3: Content fetching (result 5)": 18.085721969604492,
    "Step 3.1.2.1.3: Content fetching (result 6)": 18.087523937225342,
    "Step 3.1.2.1.3: Content fetching (result 3)": 16.62192416191101,
    "Step 3.1.2.1.3: Content fetching (result 1)": 16.623492002487183,
    "Step 3.2.2.1.4: Evidence extraction (result 3)": 7.50032901763916,
    "Step 3.2.2.1.4: Evidence extraction (result 1)": 7.687114000320435,
    "Step 3.2.2.2.4: Evidence extraction (result 1)": 13.333575010299683,
    "Step 3.2.2.2.4: Evidence extraction (result 4)": 13.418296813964844,
    "Step 3.3.2.1.4: Evidence extraction (result 3)": 5.465720891952515,
    "Step 3.3.2.2.4: Evidence extraction (result 5)": 2.81099796295166,
    "Step 3.1.2.2.4: Evidence extraction (result 4)": 2.60431170463562,
    "Step 3.3.2.2.4: Evidence extraction (result 4)": 3.0693249702453613,
    "Step 3.3.2.2.4: Evidence extraction (result 1)": 3.1571547985076904,
    "Step 3.3.2.2.4: Evidence extraction (result 3)": 3.174036979675293,
    "Step 3.1.2.2.4: Evidence extraction (result 3)": 2.8187637329101562,
    "Step 3.2.2.1.4: Evidence extraction (result 5)": 10.32801103591919,
    "Step 3.3.2.1.4: Evidence extraction (result 4)": 4.777340888977051,
    "Step 3.3.2.2.4: Evidence extraction (result 2)": 4.25950813293457,
    "Step 3.3.2.2.4: Evidence extraction (result 6)": 4.640103101730347,
    "Step 3.3.2: Search execution for claim 3 query 2": 25.36853790283203,
    "Step 3.2.2.2.4: Evidence extraction (result 2)": 15.79883599281311,
    "Step 3.2.2.1.4: Evidence extraction (result 4)": 15.724694967269897,
    "Step 3.1.2.2.4: Evidence extraction (result 1)": 4.726315975189209,
    "Step 3.1.2.1.4: Evidence extraction (result 1)": 4.309095144271851,
    "Step 3.1.2.1.4: Evidence extraction (result 6)": 4.452095985412598,
    "Step 3.1.2.2.4: Evidence extraction (result 2)": 5.038956165313721,
    "Step 3.1.2.1.4: Evidence extraction (result 3)": 4.5904669761657715,
    "Step 3.2.2.2.4: Evidence extraction (result 3)": 16.507878303527832,
    "Step 3.2.2: Search execution for claim 2 query 2": 26.108104944229126,
    "Step 3.1.2.1.4: Evidence extraction (result 5)": 4.848237991333008,
    "Step 3.1.2.1.4: Evidence extraction (result 2)": 4.901352882385254,
    "Step 3.2.2.1.4: Evidence extraction (result 2)": 16.6836678981781,
    "Step 3.2.2: Search execution for claim 2 query 1": 26.641200065612793,
    "Step 3.1.2.1.4: Evidence extraction (result 4)": 5.595866918563843,
    "Step 3.1.2: Search execution for claim 1 query 1": 27.206794023513794,
    "Step 3.1.2.2.4: Evidence extraction (result 5)": 6.484753131866455,
    "Step 3.1.2: Search execution for claim 1 query 2": 27.583855152130127,
    "Step 3.2.3: Verdict generation for claim 2": 2.6855478286743164,
    "Step 3.1.3: Verdict generation for claim 1": 2.3069980144500732,
    "Step 3.3.2.1.3: Content fetching (result 6)": 21.857858180999756,
    "Step 3.3.2.1.3: Content fetching (result 5)": 21.605322122573853,