{
  "timing": {
    "total_seconds": 40.098459005355835,
    "Step 1: Transcript extraction": 1.0755729675292969,
    "Step 2: Claim extraction": 9.086866855621338,
    "Step 3.1.1: Query generation for claim 1": 1.9714207649230957,
    "Step 3.1.2.2.1.1: Google Search API (batch 1)": 1.41756010055542,
    "Step 3.1.2.1.1.1: Google Search API (batch 1)": 1.4654998779296875,
    "Step 3.1.2.1.2: Reliability assessment (result 3)": 0.000637054443359375,
    "Step 3.1.2.1.2: Reliability assessment (result 4)": 0.0006792545318603516,
    "Step 3.1.2.1.2: Reliability assessment (result 5)": 0.0006730556488037109,
    "Step 3.1.2.1.2: Reliability assessment (result 6)": 0.0006787776947021484,
    "Step 3.1.2.1.2: Reliability assessment (result 1)": 1.021413803100586,
    "Step 3.1.2.1.2: Reliability assessment (result 2)": 1.100846767425537,
    "Step 3.1.2.2.2: Reliability assessment (result 1)": 0.5691421031951904,
    "Step 3.1.2.2.2: Reliability assessment (result 3)": 0.5894341468811035,
    "Step 3.1.2.2.2: Reliability assessment (result 4)": 0.5895969867706299,
    "Step 3.1.2.2.2: Reliability assessment (result 6)": 0.7330408096313477,
    "Step 3.1.2.2.2: Reliability assessment (result 5)": 0.7342398166656494,
    "Step 3.1.2.2.2: Reliability assessment (result 2)": 1.1187238693237305,
    "Step 3.1.2.1.3: Content fetching (result 3)": 11.689899206161499,
    "Step 3.1.2.1.3: Content fetching (result 4)": 11.692228078842163,
    "Step 3.1.2.1.3: Content fetching (result 5)": 11.693645238876343,
    "Step 3.1.2.1.3: Content fetching (result 6)": 11.695137739181519,
    "Step 3.1.2.1.3: Content fetching (result 1)": 10.676820039749146,
    "Step 3.1.2.1.3: Content fetching (result 2)": 10.599210023880005,
    "Step 3.1.2.2.3: Content fetching (result 1)": 10.83031678199768,
    "Step 3.1.2.2.3: Content fetching (result 4)": 10.811521053314209,
    "Step 3.1.2.2.3: Content fetching (result 3)": 10.813914775848389,
    "Step 3.1.2.2.3: Content fetching (result 6)": 10.671565771102905,
    "Step 3.1.2.2.3: Content fetching (result 5)": 10.673963069915771,
    "Step 3.1.2.2.3: Content fetching (result 2)": 10.291338920593262,
    "Step 3.1.2.1.4: Evidence extraction (result 4)": 4.164665222167969,
    "Step 3.1.2.1.4: Evidence extraction (result 1)": 4.345623016357422,
    "Step 3.1.2.1.4: Evidence extraction (result 2)": 4.374265670776367,
    "Step 3.1.2.1.4: Evidence extraction (result 3)": 5.120754241943359,
    "Step 3.1.2.1.4: Evidence extraction (result 6)": 5.1336493492126465,
    "Step 3.1.2.1.4: Evidence extraction (result 5)": 5.364629030227661,
    "Step 3.1.2: Search execution for claim 1 query 1": 21.74823784828186,
    "Step 3.1.2.2.4: Evidence extraction (result 1)": 3.8866541385650635,
    "Step 3.1.2.2.4: Evidence extraction (result 5)": 5.197710037231445,
    "Step 3.1.2.2.4: Evidence extraction (result 3)": 5.251109838485718,
    "Step 3.1.2.2.4: Evidence extraction (result 4)": 5.365347146987915,
    "Step 3.1.2.2.4: Evidence extraction (result 2)": 5.509366035461426,
    "Step 3.1.2.2.4: Evidence extraction (result 6)": 5.962435722351074,
    "Step 3.1.2: Search execution for claim 1 query 2": 25.315590858459473,
    "Step 3.1.3: Verdict generation for claim 1": 2.3903632164001465,
    "Step 3: Query generation + search + verdicts for all claims (PARALLEL)": 29.76400589942932,
    "Step 4: Sort and assemble final output": 0.00014901161193847656
  },
  "llm": {
    "total_calls": 15,
    "total_cost_usd": 0.00449355,
    "total_latency_seconds": 70.48
  },
  "claims_extracted": 1,
  "success": true,
  "error": null
}
