{
  "timing": {
    "total_seconds": 93.27415800094604,
    "Step 1: Transcript extraction": 1.1217899322509766,
    "Step 2: Claim extraction": 7.873410940170288,
    "Step 3.6.1: Query generation for claim 6": 1.7882401943206787,
    "Step 3.4.1: Query generation for claim 4": 1.9449610710144043,
    "Step 3.5.1: Query generation for claim 5": 1.944739818572998,
    "Step 3.2.1: Query generation for claim 2": 1.94691801071167,
    "Step 3.7.1: Query generation for claim 7": 1.9442918300628662,
    "Step 3.1.1: Query generation for claim 1": 1.9484729766845703,
    "Step 3.3.1: Query generation for claim 3": 2.3675570487976074,
    "Step 3.6.2.2.1.1: Google Search API (batch 1)": 1.5160391330718994,
    "Step 3.6.2.1.1.1: Google Search API (batch 1)": 1.561302900314331,
    "Step 3.2.2.1.1.1: Google Search API (batch 1)": 1.3081958293914795,
    "Step 3.5.2.1.1.1: Google Search API (batch 1)": 1.391970157623291,
    "Step 3.2.2.2.1.1: Google Search API (batch 1)": 1.267106056213379,
    "Step 3.1.2.2.1.1: Google Search API (batch 1)": 1.102635145187378,
    "Step 3.7.2.2.1.1: Google Search API (batch 1)": 1.1874759197235107,
    "Step 3.5.2.2.1.1: Google Search API (batch 1)": 1.3559770584106445,
    "Step 3.1.2.1.1.1: Google Search API (batch 1)": 1.1455450057983398,
    "Step 3.7.2.1.1.1: Google Search API (batch 1)": 1.2302491664886475,
    "Step 3.3.2.2.1.1: Google Search API (batch 1)": 1.0177829265594482,
    "Step 3.3.2.1.1.1: Google Search API (batch 1)": 1.0604631900787354,
    "Step 3.4.2.1.1.1: Google Search API (batch 1)": 1.5243148803710938,
    "Step 3.4.2.2.1.1: Google Search API (batch 1)": 2.427651882171631,
    "Step 3.3.2.1.2: Reliability assessment (result 1)": 0.0005180835723876953,
    "Step 3.3.2.1.2: Reliability assessment (result 2)": 0.0005970001220703125,
    "Step 3.2.2.1.2: Reliability assessment (result 3)": 0.32373619079589844,
    "Step 3.3.2.1.2: Reliability assessment (result 3)": 0.9771718978881836,
    "Step 3.7.2.2.2: Reliability assessment (result 2)": 0.3610079288482666,
    "Step 3.7.2.2.2: Reliability assessment (result 3)": 0.36124682426452637,
    "Step 3.2.2.1.2: Reliability assessment (result 4)": 1.0152761936187744,
    "Step 3.7.2.2.2: Reliability assessment (result 4)": 1.0214147567749023,
    "Step 3.7.2.2.2: Reliability assessment (result 1)": 1.0226192474365234,
    "Step 3.2.2.1.2: Reliability assessment (result 2)": 1.34586501121521,
    "Step 3.4.2.2.2: Reliability assessment (result 1)": 0.6634690761566162,
    "Step 3.4.2.2.2: Reliability assessment (result 2)": 0.6633868217468262,
    "Step 3.4.2.2.2: Reliability assessment (result 4)": 0.6639139652252197,
    "Step 3.4.2.2.2: Reliability assessment (result 5)": 0.6639423370361328,
    "Step 3.4.2.2.2: Reliability assessment (result 6)": 0.6639599800109863,
    "Step 3.4.2.2.2: Reliability assessment (result 3)": 0.6640069484710693,
    "Step 3.2.2.1.2: Reliability assessment (result 1)": 1.3481700420379639,
    "Step 3.2.2.2.2: Reliability assessment (result 3)": 0.001683950424194336,
    "Step 3.3.2.2.2: Reliability assessment (result 1)": 0.0012748241424560547,
    "Step 3.1.2.2.1.2: Google Search API (batch 2)": 1.6086442470550537,
    "Step 3.2.2.2.2: Reliability assessment (result 1)": 0.4265401363372803,
    "Step 3.2.2.2.2: Reliability assessment (result 4)": 0.42629504203796387,
    "Step 3.3.2.2.2: Reliability assessment (result 4)": 0.8227252960205078,
    "Step 3.6.2.2.1.2: Google Search API (batch 2)": 2.17107892036438,
    "Step 3.3.2.2.2: Reliability assessment (result 3)": 0.8859751224517822,
    "Step 3.1.2.1.1.2: Google Search API (batch 2)": 2.0578229427337646,
    "Step 3.2.2.2.2: Reliability assessment (result 5)": 1.0636792182922363,
    "Step 3.3.2.2.2: Reliability assessment (result 2)": 1.6084527969360352,
    "Step 3.2.2.2.2: Reliability assessment (result 2)": 1.609004020690918,
    "Step 3.5.2.1.1.2: Google Search API (batch 2)": 3.3053040504455566,
    "Step 3.3.2.1.3: Content fetching (result 1)": 7.648277997970581,
    "Step 3.3.2.1.3: Content fetching (result 2)": 7.652354001998901,
    "Step 3.3.2.1.3: Content fetching (result 3)": 6.678257942199707,
    "Step 3.3.2.2.3: Content fetching (result 1)": 6.845947265625,
    "Step 3.7.2.2.3: Content fetching (result 2)": 9.439361810684204,
    "Step 3.4.2.1.2: Reliability assessment (result 2)": 7.954770803451538,
    "Step 3.7.2.2.3: Content fetching (result 3)": 9.442202806472778,
    "Step 3.7.2.2.3: Content fetching (result 4)": 8.784024953842163,
    "Step 3.7.2.2.3: Content fetching (result 1)": 8.785085916519165,
    "Step 3.2.2.1.3: Content fetching (result 3)": 10.338320970535278,
    "Step 3.2.2.1.3: Content fetching (result 4)": 9.650556087493896,
    "Step 3.2.2.1.3: Content fetching (result 2)": 9.322054147720337,
    "Step 3.2.2.1.3: Content fetching (result 1)": 9.322260856628418,
    "Step 3.4.2.1.2: Reliability assessment (result 1)": 9.42540717124939,
    "Step 3.4.2.1.2: Reliability assessment (result 4)": 10.169148921966553,
    "Step 3.4.2.1.2: Reliability assessment (result 3)": 10.666554927825928,
    "Step 3.4.2.1.2: Reliability assessment (result 5)": 11.782290935516357,
    "Step 3.6.2.1.2: Reliability assessment (result 1)": 11.248203992843628,
    "Step 3.6.2.1.2: Reliability assessment (result 2)": 11.840619802474976,
    "Step 3.6.2.1.2: Reliability assessment (result 3)": 11.974201202392578,
    "Step 3.5.2.2.2: Reliability assessment (result 2)": 12.279858350753784,
    "Step 3.5.2.2.2: Reliability assessment (result 3)": 12.947896957397461,
    "Step 3.5.2.2.2: Reliability assessment (result 4)": 13.186447858810425,
    "Step 3.5.2.2.2: Reliability assessment (result 1)": 13.737815141677856,
    "Step 3.4.2.2.3: Content fetching (result 1)": 18.871101140975952,
    "Step 3.4.2.2.3: Content fetching (result 2)": 18.873251914978027,
    "Step 3.4.2.2.3: Content fetching (result 4)": 18.87519073486328,
    "Step 3.4.2.2.3: Content fetching (result 5)": 18.877947092056274,
    "Step 3.4.2.2.3: Content fetching (result 6)": 18.881059169769287,
    "Step 3.4.2.2.3: Content fetching (result 3)": 18.8836350440979,
    "Step 3.3.2.2.3: Content fetching (result 4)": 20.528772115707397,
    "Step 3.7.2.1.2: Reliability assessment (result 2)": 6.45436692237854,
    "Step 3.3.2.2.3: Content fetching (result 3)": 20.470405101776123,
    "Step 3.7.2.1.2: Reliability assessment (result 4)": 6.4590699672698975,
    "Step 3.3.2.2.3: Content fetching (result 2)": 19.74944806098938,
    "Step 3.7.2.1.2: Reliability assessment (result 1)": 8.147993087768555,
    "Step 3.7.2.1.2: Reliability assessment (result 5)": 9.276298999786377,
    "Step 3.7.2.1.2: Reliability assessment (result 6)": 9.295362949371338,
    "Step 3.7.2.1.2: Reliability assessment (result 3)": 9.7394540309906,
    "Step 3.7.2.1.3: Content fetching (result 2)": 8.749828100204468,
    "Step 3.2.2.2.3: Content fetching (result 3)": 30.56569480895996,
    "Step 3.2.2.2.3: Content fetching (result 1)": 30.353828191757202,
    "Step 3.2.2.2.3: Content fetching (result 4)": 30.360085010528564,
    "Step 3.2.2.2.3: Content fetching (result 5)": 29.724924087524414,
    "Step 3.2.2.2.3: Content fetching (result 2)": 29.183288097381592,
    "Step 3.3.2.1.4: Evidence extraction (result 2)": 25.85723090171814,
    "Step 3.3.2.1.4: Evidence extraction (result 3)": 25.8721821308136,
    "Step 3.3.2.2.4: Evidence extraction (result 1)": 24.747541904449463,
    "Step 3.3.2.1.4: Evidence extraction (result 1)": 25.962472915649414,
    "Step 3.3.2: Search execution for claim 3 query 1": 37.974363803863525,
    "Step 3.2.2.1.4: Evidence extraction (result 4)": 22.84905505180359,
    "Step 3.2.2.1.4: Evidence extraction (result 2)": 22.848933219909668,
    "Step 3.7.2.2.4: Evidence extraction (result 1)": 23.461963176727295,
    "Step 3.7.2.2.4: Evidence extraction (result 4)": 23.479264974594116,
    "Step 3.2.2.1.4: Evidence extraction (result 3)": 22.962716102600098,