{
  "timing": {
    "total_seconds": 68.49644708633423,
    "Step 1: Transcript extraction": 1.2976372241973877,
    "Step 2: Claim extraction": 17.09777593612671,
    "Step 3.1.1: Query generation for claim 1": 2.5464770793914795,
    "Step 3.2.1: Query generation for claim 2": 2.6524970531463623,
    "Step 3.3.1: Query generation for claim 3": 3.071727991104126,
    "Step 3.2.2.2.1.1: Google Search API (batch 1)": 1.2526779174804688,
    "Step 3.1.2.2.1.1: Google Search API (batch 1)": 1.3609027862548828,
    "Step 3.1.2.1.1.1: Google Search API (batch 1)": 1.415285587310791,
    "Step 3.1.2.1.2: Reliability assessment (result 1)": 0.002174854278564453,
    "Step 3.1.2.1.2: Reliability assessment (result 2)": 0.002187967300415039,
    "Step 3.3.2.1.1.1: Google Search API (batch 1)": 1.4204578399658203,
    "Step 3.1.2.1.2: Reliability assessment (result 3)": 0.002766847610473633,
    "Step 3.1.2.1.2: Reliability assessment (result 4)": 0.0027930736541748047,
    "Step 3.1.2.1.2: Reliability assessment (result 5)": 0.002813100814819336,
    "Step 3.1.2.1.2: Reliability assessment (result 6)": 0.002830028533935547,
    "Step 3.2.2.1.1.1: Google Search API (batch 1)": 1.879824161529541,
    "Step 3.3.2.2.1.1: Google Search API (batch 1)": 1.3767709732055664,
    "Step 3.3.2.2.2: Reliability assessment (result 1)": 0.00031304359436035156,
    "Step 3.3.2.2.2: Reliability assessment (result 2)": 0.0004410743713378906,
    "Step 3.3.2.2.2: Reliability assessment (result 3)": 0.0006299018859863281,
    "Step 3.3.2.2.2: Reliability assessment (result 4)": 0.0009579658508300781,
    "Step 3.1.2.2.2: Reliability assessment (result 1)": 0.00043892860412597656,
    "Step 3.1.2.2.2: Reliability assessment (result 2)": 0.0005028247833251953,
    "Step 3.1.2.2.2: Reliability assessment (result 3)": 0.0005278587341308594,
    "Step 3.1.2.2.2: Reliability assessment (result 4)": 0.0005350112915039062,
    "Step 3.3.2.2.2: Reliability assessment (result 5)": 1.2366282939910889,
    "Step 3.1.2.2.2: Reliability assessment (result 6)": 0.899207353591919,
    "Step 3.1.2.2.2: Reliability assessment (result 5)": 1.214832067489624,
    "Step 3.2.2.2.2: Reliability assessment (result 1)": 1.5814979076385498,
    "Step 3.2.2.2.2: Reliability assessment (result 2)": 2.4058549404144287,
    "Step 3.2.2.2.2: Reliability assessment (result 3)": 3.759902000427246,
    "Step 3.2.2.2.2: Reliability assessment (result 4)": 3.7599740028381348,
    "Step 3.2.2.2.2: Reliability assessment (result 5)": 4.647679090499878,
    "Step 3.3.2.1.2: Reliability assessment (result 1)": 3.0665409564971924,
    "Step 3.3.2.1.2: Reliability assessment (result 2)": 3.0666072368621826,
    "Step 3.3.2.1.2: Reliability assessment (result 3)": 3.9373109340667725,
    "Step 3.3.2.1.2: Reliability assessment (result 4)": 5.7688891887664795,
    "Step 3.1.2.1.3: Content fetching (result 1)": 14.436033010482788,
    "Step 3.1.2.1.3: Content fetching (result 2)": 14.438558340072632,
    "Step 3.1.2.1.3: Content fetching (result 3)": 14.439956903457642,
    "Step 3.1.2.1.3: Content fetching (result 4)": 14.441918134689331,
    "Step 3.1.2.1.3: Content fetching (result 5)": 14.443965911865234,
    "Step 3.1.2.1.3: Content fetching (result 6)": 14.44581413269043,
    "Step 3.3.2.1.2: Reliability assessment (result 5)": 7.297528028488159,
    "Step 3.3.2.1.3: Content fetching (result 1)": 7.803775072097778,
    "Step 3.3.2.1.3: Content fetching (result 2)": 7.805524826049805,
    "Step 3.3.2.2.3: Content fetching (result 1)": 17.8182590007782,
    "Step 3.3.2.2.3: Content fetching (result 3)": 17.83785581588745,
    "Step 3.3.2.2.3: Content fetching (result 4)": 17.843790769577026,
    "Step 3.3.2.2.3: Content fetching (result 2)": 17.84747004508972,
    "Step 3.3.2.2.3: Content fetching (result 5)": 16.61437702178955,
    "Step 3.1.2.2.3: Content fetching (result 1)": 17.69148898124695,
    "Step 3.1.2.2.3: Content fetching (result 2)": 17.69625687599182,
    "Step 3.1.2.2.3: Content fetching (result 3)": 17.6992449760437,
    "Step 3.1.2.2.3: Content fetching (result 4)": 17.701580047607422,
    "Step 3.1.2.2.3: Content fetching (result 6)": 16.80572009086609,
    "Step 3.1.2.2.3: Content fetching (result 5)": 16.4927978515625,
    "Step 3.2.2.1.2: Reliability assessment (result 1)": 0.0013031959533691406,
    "Step 3.2.2.1.2: Reliability assessment (result 2)": 0.0012669563293457031,
    "Step 3.3.2.2.4: Evidence extraction (result 1)": 1.4431610107421875,
    "Step 3.3.2.2.4: Evidence extraction (result 3)": 1.5368199348449707,
    "Step 3.1.2.2.4: Evidence extraction (result 2)": 1.3182430267333984,
    "Step 3.3.2.2.4: Evidence extraction (result 4)": 1.7530879974365234,
    "Step 3.3.2.2.4: Evidence extraction (result 5)": 1.7707610130310059,
    "Step 3.3.2.2.4: Evidence extraction (result 2)": 1.7749621868133545,
    "Step 3.3.2: Search execution for claim 3 query 2": 22.607858180999756,
    "Step 3.1.2.2.4: Evidence extraction (result 1)": 1.509394884109497,
    "Step 3.1.2.2.4: Evidence extraction (result 6)": 1.4967339038848877,
    "Step 3.1.2.2.4: Evidence extraction (result 4)": 1.5848069190979004,
    "Step 3.1.2.2.4: Evidence extraction (result 5)": 1.5839052200317383,
    "Step 3.1.2.2.4: Evidence extraction (result 3)": 1.6097118854522705,
    "Step 3.1.2: Search execution for claim 1 query 2": 23.362668991088867,
    "Step 3.2.2.1.2: Reliability assessment (result 3)": 1.7213821411132812,
    "Step 3.1.2.1.4: Evidence extraction (result 2)": 8.075469970703125,
    "Step 3.1.2.1.4: Evidence extraction (result 5)": 8.838374853134155,
    "Step 3.3.2.1.4: Evidence extraction (result 2)": 4.9801411628723145,
    "Step 3.1.2.1.4: Evidence extraction (result 4)": 8.87332034111023,
    "Step 3.3.2.1.4: Evidence extraction (result 1)": 5.076349973678589,
    "Step 3.1.2.1.4: Evidence extraction (result 1)": 9.006649017333984,
    "Step 3.1.2.1.4: Evidence extraction (result 6)": 9.097884178161621,
    "Step 3.1.2.1.4: Evidence extraction (result 3)": 10.368871927261353,
    "Step 3.1.2: Search execution for claim 1 query 1": 26.928532123565674,
    "Step 3.2.2.2.3: Content fetching (result 2)": 18.678613662719727,
    "Step 3.2.2.2.3: Content fetching (result 1)": 19.50556492805481,
    "Step 3.2.2.2.3: Content fetching (result 3)": 17.338045120239258,
    "Step 3.2.2.2.3: Content fetching (result 5)": 16.452645778656006,
    "Step 3.2.2.2.3: Content fetching (result 4)": 17.342652797698975,
    "Step 3.2.2.2.4: Evidence extraction (result 1)": 1.3253917694091797,
    "Step 3.2.2.2.4: Evidence extraction (result 4)": 1.343858003616333,
    "Step 3.2.2.2.4: Evidence extraction (result 3)": 1.3546159267425537,
    "Step 3.1.3: Verdict generation for claim 1": 3.404869794845581,
    "Step 3.2.2.2.4: Evidence extraction (result 5)": 1.4562368392944336,
    "Step 3.2.2.2.4: Evidence extraction (result 2)": 2.8706717491149902,
    "Step 3.2.2: Search execution for claim 2 query 2": 31.78408694267273,
    "Step 3.2.2.1.3: Content fetching (result 1)": 12.571755170822144,
    "Step 3.2.2.1.3: Content fetching (result 2)": 12.574467182159424,
    "Step 3.2.2.1.3: Content fetching (result 3)": 10.857471227645874,
    "Step 3.3.2.1.3: Content fetching (result 3)": 24.20927619934082,
    "Step 3.3.2.1.3: Content fetching (result 4)": 22.37942409515381,
    "Step 3.3.2.1.3: Content fetching (result 5)": 20.85254979133606,
    "Step 3.2.2.1.4: Evidence extraction (result 3)": 2.371011972427368,
    "Step 3.2.2.1.4: Evidence extraction (result 1)": 3.3390519618988037,
    "Step 3.2.2.1.4: Evidence extraction (result 2)": 5.283458948135376,
    "Step 3.2.2: Search execution for claim 2 query 1": 40.60720491409302,
    "Step 3.3.2.1.4: Evidence extraction (result 5)": 3.175323963165283,
    "Step 3.3.2.1.4: Evidence extraction (result 4)": 5.28778600692749,
    "Step 3.3.2.1.4: Evidence extraction (result 3)": 5.338032007217407,
    "Step 3.3.2: Search execution for claim 3 query 1": 42.52347373962402,