{
  "timing": {
    "total_seconds": 125.6384789943695,
    "Step 1: Transcript extraction": 1.0216679573059082,
    "Step 2: Claim extraction": 28.660252809524536,
    "Step 3.6.1: Query generation for claim 6": 1.7266719341278076,
    "Step 3.4.1: Query generation for claim 4": 1.7305562496185303,
    "Step 3.2.1: Query generation for claim 2": 1.7355148792266846,
    "Step 3.1.1: Query generation for claim 1": 1.7379629611968994,
    "Step 3.3.1: Query generation for claim 3": 2.099151134490967,
    "Step 3.7.1: Query generation for claim 7": 2.0975611209869385,
    "Step 3.3.2.2.1.1: Google Search API (batch 1)": 1.0783889293670654,
    "Step 3.2.2.2.1.1: Google Search API (batch 1)": 1.2538740634918213,
    "Step 3.6.2.2.1.1: Google Search API (batch 1)": 1.4208030700683594,
    "Step 3.1.2.2.1.1: Google Search API (batch 1)": 1.1703529357910156,
    "Step 3.4.2.2.1.1: Google Search API (batch 1)": 1.3383171558380127,
    "Step 3.7.2.1.1.1: Google Search API (batch 1)": 1.042449951171875,
    "Step 3.3.2.1.1.1: Google Search API (batch 1)": 1.1263837814331055,
    "Step 3.4.2.1.1.1: Google Search API (batch 1)": 1.3806700706481934,
    "Step 3.6.2.1.1.1: Google Search API (batch 1)": 1.4657058715820312,
    "Step 3.2.2.1.1.1: Google Search API (batch 1)": 1.297631025314331,
    "Step 3.7.2.2.1.1: Google Search API (batch 1)": 1.002140760421753,
    "Step 3.1.2.1.1.1: Google Search API (batch 1)": 1.8242158889770508,
    "Step 3.4.2.1.2: Reliability assessment (result 1)": 0.0006010532379150391,
    "Step 3.4.2.1.2: Reliability assessment (result 3)": 0.0007297992706298828,
    "Step 3.4.2.1.2: Reliability assessment (result 4)": 0.0008909702301025391,
    "Step 3.4.2.1.2: Reliability assessment (result 5)": 0.000997781753540039,
    "Step 3.4.2.2.2: Reliability assessment (result 1)": 0.34217071533203125,
    "Step 3.4.2.2.2: Reliability assessment (result 2)": 0.3413972854614258,
    "Step 3.4.2.2.2: Reliability assessment (result 3)": 0.341754674911499,
    "Step 3.4.2.2.2: Reliability assessment (result 5)": 0.3419830799102783,
    "Step 3.1.2.2.2: Reliability assessment (result 2)": 0.0012450218200683594,
    "Step 3.1.2.2.2: Reliability assessment (result 3)": 0.0012760162353515625,
    "Step 3.1.2.2.2: Reliability assessment (result 4)": 0.0012891292572021484,
    "Step 3.1.2.2.2: Reliability assessment (result 6)": 0.0012841224670410156,
    "Step 3.4.2.1.2: Reliability assessment (result 2)": 1.1371850967407227,
    "Step 3.4.2.2.2: Reliability assessment (result 4)": 1.2056221961975098,
    "Step 3.1.2.2.2: Reliability assessment (result 1)": 1.5773818492889404,
    "Step 3.1.2.2.2: Reliability assessment (result 5)": 1.5775959491729736,
    "Step 3.7.2.2.2: Reliability assessment (result 2)": 0.955312967300415,
    "Step 3.7.2.2.2: Reliability assessment (result 4)": 1.059748888015747,
    "Step 3.7.2.2.2: Reliability assessment (result 1)": 1.1188199520111084,
    "Step 3.7.2.2.2: Reliability assessment (result 3)": 2.0640170574188232,
    "Step 3.7.2.2.2: Reliability assessment (result 5)": 2.261091709136963,
    "Step 3.1.2.1.2: Reliability assessment (result 1)": 4.150002956390381,
    "Step 3.1.2.1.2: Reliability assessment (result 2)": 4.15008282661438,
    "Step 3.1.2.1.2: Reliability assessment (result 3)": 4.8050408363342285,
    "Step 3.1.2.1.2: Reliability assessment (result 4)": 4.805159091949463,
    "Step 3.1.2.1.2: Reliability assessment (result 5)": 4.805206060409546,
    "Step 3.7.2.2.3: Content fetching (result 2)": 6.377903699874878,
    "Step 3.4.2.2.3: Content fetching (result 1)": 10.296513080596924,
    "Step 3.4.2.2.3: Content fetching (result 2)": 10.297102689743042,
    "Step 3.4.2.2.3: Content fetching (result 3)": 10.297152042388916,
    "Step 3.4.2.2.3: Content fetching (result 5)": 10.297149181365967,
    "Step 3.6.2.1.2: Reliability assessment (result 1)": 5.148530006408691,
    "Step 3.4.2.2.3: Content fetching (result 4)": 9.433933973312378,
    "Step 3.6.2.1.2: Reliability assessment (result 3)": 6.3863561153411865,
    "Step 3.6.2.1.2: Reliability assessment (result 2)": 6.386547803878784,
    "Step 3.7.2.1.2: Reliability assessment (result 2)": 6.386559009552002,
    "Step 3.7.2.1.2: Reliability assessment (result 3)": 6.386577129364014,
    "Step 3.7.2.1.2: Reliability assessment (result 4)": 6.386580944061279,
    "Step 3.6.2.1.2: Reliability assessment (result 4)": 6.790791034698486,
    "Step 3.1.2.2.3: Content fetching (result 2)": 12.306398868560791,
    "Step 3.1.2.2.3: Content fetching (result 3)": 12.31122612953186,
    "Step 3.1.2.2.3: Content fetching (result 4)": 12.315178871154785,
    "Step 3.1.2.2.3: Content fetching (result 6)": 12.317229986190796,
    "Step 3.1.2.2.3: Content fetching (result 1)": 10.743462085723877,
    "Step 3.4.2.1.3: Content fetching (result 1)": 13.45377802848816,
    "Step 3.1.2.2.3: Content fetching (result 5)": 10.74571180343628,
    "Step 3.4.2.1.3: Content fetching (result 4)": 13.45580506324768,
    "Step 3.3.2.2.2: Reliability assessment (result 2)": 3.3915510177612305,
    "Step 3.4.2.1.3: Content fetching (result 3)": 13.458510160446167,
    "Step 3.6.2.2.2: Reliability assessment (result 1)": 2.0331082344055176,
    "Step 3.6.2.2.2: Reliability assessment (result 2)": 2.033148765563965,
    "Step 3.6.2.2.2: Reliability assessment (result 3)": 2.03316593170166,
    "Step 3.4.2.1.3: Content fetching (result 5)": 13.460588216781616,
    "Step 3.4.2.1.3: Content fetching (result 2)": 12.326519012451172,
    "Step 3.7.2.1.2: Reliability assessment (result 1)": 7.40966010093689,
    "Step 3.7.2.1.2: Reliability assessment (result 5)": 7.5739240646362305,
    "Step 3.5.1: Query generation for claim 5": 18.853102922439575,
    "Step 3.3.2.2.2: Reliability assessment (result 3)": 4.186618089675903,
    "Step 3.2.2.2.1.2: Google Search API (batch 2)": 2.535521984100342,
    "Step 3.6.2.2.2: Reliability assessment (result 4)": 3.141803026199341,
    "Step 3.3.2.2.2: Reliability assessment (result 1)": 4.507143974304199,
    "Step 3.6.2.2.2: Reliability assessment (result 5)": 3.1629629135131836,
    "Step 3.7.2.2.3: Content fetching (result 4)": 13.288444995880127,
    "Step 3.7.2.2.3: Content fetching (result 1)": 13.236723899841309,
    "Step 3.7.2.2.3: Content fetching (result 3)": 12.292475938796997,
    "Step 3.7.2.2.3: Content fetching (result 5)": 12.097901105880737,
    "Step 3.6.2.1.3: Content fetching (result 1)": 5.424457311630249,
    "Step 3.6.2.1.3: Content fetching (result 3)": 4.212615251541138,
    "Step 3.6.2.1.3: Content fetching (result 2)": 4.2159202098846436,
    "Step 3.6.2.1.3: Content fetching (result 4)": 3.8139071464538574,
    "Step 3.3.2.1.1.2: Google Search API (batch 2)": 3.9876232147216797,
    "Step 3.6.2.2.2: Reliability assessment (result 6)": 12.489062309265137,
    "Step 3.7.2.1.3: Content fetching (result 2)": 15.845224857330322,
    "Step 3.7.2.1.3: Content fetching (result 3)": 15.852482795715332,
    "Step 3.7.2.1.3: Content fetching (result 4)": 15.854097843170166,
    "Step 3.7.2.1.3: Content fetching (result 1)": 14.833130121231079,
    "Step 3.7.2.1.3: Content fetching (result 5)": 14.67113709449768,
    "Step 3.3.2.2.3: Content fetching (result 2)": 15.110779047012329,
    "Step 3.3.2.2.3: Content fetching (result 3)": 14.321399927139282,
    "Step 3.3.2.2.3: Content fetching (result 1)": 14.00423789024353,
    "Step 3.1.2.1.3: Content fetching (result 1)": 21.757454872131348,
    "Step 3.1.2.1.3: Content fetching (result 2)": 21.75922203063965,
    "Step 3.1.2.1.3: Content fetching (result 3)": 21.106453895568848,
    "Step 3.1.2.1.3: Content fetching (result 4)": 21.108453273773193,
    "Step 3.1.2.1.3: Content fetching (result 5)": 21.11061716079712,
    "Step 3.1.2.2.4: Evidence extraction (result 5)": 15.792670965194702,
    "Step 3.1.2.2.4: Evidence extraction (result 1)": 15.795832872390747,
    "Step 3.4.2.1.4: Evidence extraction (result 1)": 15.809671878814697,