{
  "timing": {
    "total_seconds": 83.725821018219,
    "Step 1: Transcript extraction": 1.1381590366363525,
    "Step 2: Claim extraction": 11.27367615699768,
    "Step 3.4.1: Query generation for claim 4": 2.0973312854766846,
    "Step 3.3.1: Query generation for claim 3": 2.3415989875793457,
    "Step 3.6.1: Query generation for claim 6": 2.7904000282287598,
    "Step 3.7.1: Query generation for claim 7": 2.886910915374756,
    "Step 3.5.1: Query generation for claim 5": 3.136442184448242,
    "Step 3.4.2.1.1.1: Google Search API (batch 1)": 1.082054853439331,
    "Step 3.3.2.1.1.1: Google Search API (batch 1)": 0.850822925567627,
    "Step 3.3.2.2.1.1: Google Search API (batch 1)": 0.8164150714874268,
    "Step 3.2.1: Query generation for claim 2": 3.350158929824829,
    "Step 3.4.2.2.1.1: Google Search API (batch 1)": 1.234053134918213,
    "Step 3.1.1: Query generation for claim 1": 3.4446189403533936,
    "Step 3.7.2.1.1.1: Google Search API (batch 1)": 0.7673139572143555,
    "Step 3.7.2.2.1.1: Google Search API (batch 1)": 0.7842779159545898,
    "Step 3.6.2.1.1.1: Google Search API (batch 1)": 0.945671796798706,
    "Step 3.6.2.2.1.1: Google Search API (batch 1)": 0.9162590503692627,
    "Step 3.5.2.2.1.1: Google Search API (batch 1)": 0.8288581371307373,
    "Step 3.5.2.1.1.1: Google Search API (batch 1)": 1.0303521156311035,
    "Step 3.2.2.2.1.1: Google Search API (batch 1)": 0.8253350257873535,
    "Step 3.1.2.1.1.1: Google Search API (batch 1)": 0.805225133895874,
    "Step 3.2.2.1.1.1: Google Search API (batch 1)": 1.0211610794067383,
    "Step 3.1.2.2.1.1: Google Search API (batch 1)": 0.8967850208282471,
    "Step 3.6.2.1.2: Reliability assessment (result 1)": 0.9627130031585693,
    "Step 3.6.2.1.2: Reliability assessment (result 3)": 0.9630210399627686,
    "Step 3.6.2.1.2: Reliability assessment (result 2)": 0.9630913734436035,
    "Step 3.7.2.1.2: Reliability assessment (result 3)": 0.3538827896118164,
    "Step 3.7.2.1.2: Reliability assessment (result 4)": 0.3539700508117676,
    "Step 3.3.2.2.2: Reliability assessment (result 1)": 0.35412096977233887,
    "Step 3.3.2.2.2: Reliability assessment (result 2)": 0.3541440963745117,
    "Step 3.7.2.2.2: Reliability assessment (result 3)": 0.3541381359100342,
    "Step 3.7.2.2.2: Reliability assessment (result 4)": 0.35422205924987793,
    "Step 3.7.2.1.2: Reliability assessment (result 2)": 1.0196647644042969,
    "Step 3.7.2.1.2: Reliability assessment (result 5)": 1.368708848953247,
    "Step 3.7.2.1.2: Reliability assessment (result 1)": 1.3688559532165527,
    "Step 3.3.2.2.2: Reliability assessment (result 4)": 1.3687920570373535,
    "Step 3.7.2.1.2: Reliability assessment (result 6)": 1.369452953338623,
    "Step 3.4.2.1.2: Reliability assessment (result 2)": 1.015192985534668,
    "Step 3.4.2.1.2: Reliability assessment (result 3)": 1.015434980392456,
    "Step 3.3.2.2.2: Reliability assessment (result 3)": 1.3704729080200195,
    "Step 3.7.2.2.2: Reliability assessment (result 2)": 1.3694727420806885,
    "Step 3.7.2.2.2: Reliability assessment (result 1)": 1.3695831298828125,
    "Step 3.4.2.1.2: Reliability assessment (result 4)": 1.0159449577331543,
    "Step 3.4.2.1.2: Reliability assessment (result 5)": 1.0159862041473389,
    "Step 3.4.2.1.2: Reliability assessment (result 1)": 1.0687341690063477,
    "Step 3.5.2.2.2: Reliability assessment (result 2)": 1.093966007232666,
    "Step 3.5.2.2.2: Reliability assessment (result 3)": 1.0940442085266113,
    "Step 3.5.2.2.2: Reliability assessment (result 4)": 1.0940651893615723,
    "Step 3.5.2.2.2: Reliability assessment (result 1)": 1.160576581954956,
    "Step 3.5.2.2.2: Reliability assessment (result 6)": 1.7273037433624268,
    "Step 3.5.2.1.2: Reliability assessment (result 1)": 1.7273948192596436,
    "Step 3.5.2.1.2: Reliability assessment (result 2)": 1.7274260520935059,
    "Step 3.5.2.1.2: Reliability assessment (result 3)": 1.7274479866027832,
    "Step 3.5.2.2.2: Reliability assessment (result 5)": 2.077394962310791,
    "Step 3.5.2.1.2: Reliability assessment (result 4)": 2.7180709838867188,
    "Step 3.5.2.1.2: Reliability assessment (result 5)": 2.776150703430176,
    "Step 3.4.2.2.2: Reliability assessment (result 2)": 2.776189088821411,
    "Step 3.4.2.2.2: Reliability assessment (result 3)": 2.776214122772217,
    "Step 3.5.2.1.2: Reliability assessment (result 6)": 3.2514638900756836,
    "Step 3.4.2.2.2: Reliability assessment (result 1)": 3.8381850719451904,
    "Step 3.4.2.2.2: Reliability assessment (result 4)": 3.8382070064544678,
    "Step 3.4.2.2.2: Reliability assessment (result 5)": 3.8382232189178467,
    "Step 3.4.2.2.2: Reliability assessment (result 6)": 5.17780613899231,
    "Step 3.7.2.2.3: Content fetching (result 4)": 6.237454891204834,
    "Step 3.7.2.2.3: Content fetching (result 3)": 6.239750146865845,
    "Step 3.3.2.2.3: Content fetching (result 1)": 7.711572170257568,
    "Step 3.3.2.2.3: Content fetching (result 2)": 7.713529109954834,
    "Step 3.3.2.2.3: Content fetching (result 4)": 6.70066499710083,
    "Step 3.3.2.2.3: Content fetching (result 3)": 6.705641031265259,
    "Step 3.5.2.2.3: Content fetching (result 2)": 8.912070751190186,
    "Step 3.6.2.1.3: Content fetching (result 2)": 12.386944055557251,
    "Step 3.6.2.1.3: Content fetching (result 3)": 12.389161109924316,
    "Step 3.6.2.1.3: Content fetching (result 1)": 12.391569137573242,
    "Step 3.7.2.1.3: Content fetching (result 3)": 15.604092836380005,
    "Step 3.7.2.1.3: Content fetching (result 4)": 15.621355056762695,
    "Step 3.7.2.1.3: Content fetching (result 1)": 14.614394903182983,
    "Step 3.7.2.1.3: Content fetching (result 2)": 14.978370904922485,
    "Step 3.7.2.1.3: Content fetching (result 6)": 14.63756799697876,
    "Step 3.7.2.1.3: Content fetching (result 5)": 14.645978927612305,
    "Step 3.7.2.2.3: Content fetching (result 2)": 16.3979389667511,
    "Step 3.7.2.2.3: Content fetching (result 1)": 16.400274753570557,
    "Step 3.4.2.1.3: Content fetching (result 2)": 17.642773866653442,
    "Step 3.3.2.1.2: Reliability assessment (result 1)": 13.805563926696777,
    "Step 3.4.2.1.3: Content fetching (result 3)": 17.65212607383728,
    "Step 3.4.2.1.3: Content fetching (result 4)": 17.654072046279907,
    "Step 3.4.2.1.3: Content fetching (result 5)": 17.656306982040405,
    "Step 3.4.2.1.3: Content fetching (result 1)": 17.606213808059692,
    "Step 3.3.2.1.2: Reliability assessment (result 5)": 14.839566230773926,
    "Step 3.3.2.1.2: Reliability assessment (result 3)": 14.8525972366333,
    "Step 3.3.2.1.2: Reliability assessment (result 4)": 14.859928131103516,
    "Step 3.3.2.1.2: Reliability assessment (result 2)": 15.29857325553894,
    "Step 3.1.2.1.2: Reliability assessment (result 1)": 14.543789148330688,
    "Step 3.1.2.1.2: Reliability assessment (result 2)": 14.543837070465088,
    "Step 3.1.2.1.2: Reliability assessment (result 3)": 15.956577062606812,
    "Step 3.1.2.1.2: Reliability assessment (result 4)": 17.08924174308777,
    "Step 3.1.2.1.2: Reliability assessment (result 5)": 17.089489936828613,
    "Step 3.1.2.1.2: Reliability assessment (result 6)": 19.928616285324097,
    "Step 3.6.2.2.2: Reliability assessment (result 1)": 14.011007070541382,
    "Step 3.6.2.2.2: Reliability assessment (result 2)": 14.010970115661621,
    "Step 3.5.2.2.3: Content fetching (result 3)": 27.27175998687744,
    "Step 3.5.2.2.3: Content fetching (result 4)": 27.275296926498413,
    "Step 3.5.2.2.3: Content fetching (result 1)": 27.212795972824097,
    "Step 3.5.2.2.3: Content fetching (result 6)": 26.646840810775757,
    "Step 3.5.2.2.3: Content fetching (result 5)": 26.29951500892639,
    "Step 3.5.2.1.3: Content fetching (result 1)": 27.134900093078613,
    "Step 3.5.2.1.3: Content fetching (result 2)": 27.13712191581726,
    "Step 3.5.2.1.3: Content fetching (result 3)": 27.13912606239319,
    "Step 3.5.2.1.3: Content fetching (result 4)": 26.15067172050476,