{
  "timing": {
    "total_seconds": 103.9386990070343,
    "Step 1: Transcript extraction": 0.9944889545440674,
    "Step 2: Claim extraction": 13.522615671157837,
    "Step 3.3.1: Query generation for claim 3": 3.450223922729492,
    "Step 3.3.2.2.1.1: Google Search API (batch 1)": 0.8438489437103271,
    "Step 3.3.2.1.1.1: Google Search API (batch 1)": 0.9839890003204346,
    "Step 3.3.2.2.2: Reliability assessment (result 2)": 0.2888016700744629,
    "Step 3.3.2.1.2: Reliability assessment (result 2)": 0.0007321834564208984,
    "Step 3.3.2.1.2: Reliability assessment (result 4)": 0.24240422248840332,
    "Step 3.3.2.1.2: Reliability assessment (result 1)": 0.2503628730773926,
    "Step 3.3.2.1.2: Reliability assessment (result 6)": 0.25093889236450195,
    "Step 3.3.2.2.2: Reliability assessment (result 4)": 0.7551910877227783,
    "Step 3.3.2.2.2: Reliability assessment (result 5)": 0.7767229080200195,
    "Step 3.3.2.2.2: Reliability assessment (result 3)": 0.7768478393554688,
    "Step 3.3.2.1.2: Reliability assessment (result 5)": 0.7576513290405273,
    "Step 3.3.2.1.2: Reliability assessment (result 3)": 0.7614459991455078,
    "Step 3.3.2.2.2: Reliability assessment (result 1)": 1.0880687236785889,
    "Step 3.2.1: Query generation for claim 2": 11.833375930786133,
    "Step 3.1.1: Query generation for claim 1": 12.25493597984314,
    "Step 3.2.2.2.1.1: Google Search API (batch 1)": 0.8972878456115723,
    "Step 3.2.2.1.1.1: Google Search API (batch 1)": 0.9834549427032471,
    "Step 3.1.2.2.1.1: Google Search API (batch 1)": 0.8018949031829834,
    "Step 3.1.2.1.1.1: Google Search API (batch 1)": 0.9972188472747803,
    "Step 3.2.2.2.2: Reliability assessment (result 1)": 0.0010042190551757812,
    "Step 3.2.2.2.2: Reliability assessment (result 2)": 0.0009882450103759766,
    "Step 3.2.2.2.2: Reliability assessment (result 3)": 0.0011568069458007812,
    "Step 3.3.2.2.3: Content fetching (result 2)": 6.727849960327148,
    "Step 3.3.2.2.3: Content fetching (result 4)": 6.264998912811279,
    "Step 3.3.2.2.3: Content fetching (result 5)": 6.245300054550171,
    "Step 3.3.2.2.3: Content fetching (result 3)": 6.248195171356201,
    "Step 3.3.2.2.3: Content fetching (result 1)": 5.938578128814697,
    "Step 3.2.2.2.2: Reliability assessment (result 6)": 0.9661290645599365,
    "Step 3.2.2.2.2: Reliability assessment (result 4)": 0.9662332534790039,
    "Step 3.2.2.1.2: Reliability assessment (result 1)": 0.0022618770599365234,
    "Step 3.2.2.1.2: Reliability assessment (result 2)": 0.0023908615112304688,
    "Step 3.2.2.2.2: Reliability assessment (result 5)": 1.012882947921753,
    "Step 3.2.2.1.2: Reliability assessment (result 6)": 0.737313985824585,
    "Step 3.2.2.1.2: Reliability assessment (result 4)": 0.737750768661499,
    "Step 3.2.2.1.2: Reliability assessment (result 3)": 0.9992477893829346,
    "Step 3.2.2.1.2: Reliability assessment (result 5)": 1.0533559322357178,
    "Step 3.3.2.1.3: Content fetching (result 4)": 20.47234296798706,
    "Step 3.1.2.2.2: Reliability assessment (result 1)": 0.8251781463623047,
    "Step 3.1.2.2.2: Reliability assessment (result 2)": 0.8252217769622803,
    "Step 3.1.2.2.2: Reliability assessment (result 3)": 0.8252589702606201,
    "Step 3.1.2.2.2: Reliability assessment (result 4)": 0.8252930641174316,
    "Step 3.2.2.1.3: Content fetching (result 1)": 15.041804790496826,
    "Step 3.1.2.1.2: Reliability assessment (result 1)": 0.3054201602935791,
    "Step 3.1.2.1.2: Reliability assessment (result 2)": 0.3054180145263672,
    "Step 3.1.2.1.2: Reliability assessment (result 3)": 0.30542707443237305,
    "Step 3.2.2.1.3: Content fetching (result 2)": 15.043759107589722,
    "Step 3.2.2.1.3: Content fetching (result 6)": 14.310662269592285,
    "Step 3.2.2.1.3: Content fetching (result 4)": 14.316863059997559,
    "Step 3.2.2.1.3: Content fetching (result 3)": 14.057626008987427,
    "Step 3.2.2.1.3: Content fetching (result 5)": 14.005724906921387,
    "Step 3.1.2.1.2: Reliability assessment (result 5)": 0.9435389041900635,
    "Step 3.3.2.2.4: Evidence extraction (result 3)": 16.37699270248413,
    "Step 3.3.2.2.4: Evidence extraction (result 2)": 16.418514013290405,
    "Step 3.3.2.2.4: Evidence extraction (result 4)": 16.426818132400513,
    "Step 3.3.2.1.4: Evidence extraction (result 4)": 3.893099069595337,
    "Step 3.1.2.1.3: Content fetching (result 1)": 2.4882891178131104,
    "Step 3.3.2.2.4: Evidence extraction (result 1)": 18.558350086212158,
    "Step 3.3.2.2.4: Evidence extraction (result 5)": 18.63858699798584,
    "Step 3.3.2: Search execution for claim 3 query 2": 31.650541067123413,
    "Step 3.1.2.1.3: Content fetching (result 2)": 4.1879050731658936,
    "Step 3.3.2.1.3: Content fetching (result 2)": 29.620508909225464,
    "Step 3.3.2.1.3: Content fetching (result 1)": 29.37806797027588,
    "Step 3.3.2.1.3: Content fetching (result 6)": 29.378972053527832,
    "Step 3.3.2.1.3: Content fetching (result 5)": 28.875065088272095,
    "Step 3.3.2.1.3: Content fetching (result 3)": 28.872206926345825,
    "Step 3.1.2.2.3: Content fetching (result 1)": 8.780670881271362,
    "Step 3.1.2.2.3: Content fetching (result 2)": 8.782838821411133,
    "Step 3.1.2.2.3: Content fetching (result 3)": 8.784674167633057,
    "Step 3.1.2.2.3: Content fetching (result 4)": 8.786639213562012,
    "Step 3.1.2.2.2: Reliability assessment (result 5)": 10.837754964828491,
    "Step 3.1.2.1.3: Content fetching (result 3)": 10.088742017745972,
    "Step 3.1.2.1.3: Content fetching (result 5)": 9.452652931213379,
    "Step 3.1.2.1.2: Reliability assessment (result 4)": 10.66850996017456,
    "Step 3.1.2.1.3: Content fetching (result 4)": 1.4193508625030518,
    "Step 3.1.2.2.3: Content fetching (result 5)": 2.6358718872070312,
    "Step 3.2.2.2.3: Content fetching (result 6)": 28.86445713043213,
    "Step 3.1.2.2.4: Evidence extraction (result 5)": 2.341383218765259,
    "Step 3.2.2.2.3: Content fetching (result 1)": 34.912683963775635,
    "Step 3.2.2.2.3: Content fetching (result 2)": 34.914520263671875,
    "Step 3.2.2.2.3: Content fetching (result 3)": 34.91631603240967,
    "Step 3.2.2.2.3: Content fetching (result 4)": 33.95323395729065,
    "Step 3.2.2.2.3: Content fetching (result 5)": 33.90895414352417,
    "Step 3.1.2.1.4: Evidence extraction (result 4)": 11.11681079864502,
    "Step 3.2.2.1.4: Evidence extraction (result 2)": 25.488382816314697,
    "Step 3.2.2.1.4: Evidence extraction (result 5)": 25.599706888198853,
    "Step 3.2.2.1.4: Evidence extraction (result 6)": 25.7697651386261,
    "Step 3.1.2.1.4: Evidence extraction (result 2)": 21.711132049560547,
    "Step 3.2.2.1.4: Evidence extraction (result 1)": 25.960490942001343,
    "Step 3.2.2.1.4: Evidence extraction (result 4)": 25.97504496574402,
    "Step 3.3.2.1.4: Evidence extraction (result 5)": 18.57756495475769,
    "Step 3.3.2.1.4: Evidence extraction (result 3)": 18.58753991127014,
    "Step 3.3.2.1.4: Evidence extraction (result 6)": 18.609941959381104,
    "Step 3.1.2.1.4: Evidence extraction (result 1)": 23.58270788192749,
    "Step 3.2.2.1.4: Evidence extraction (result 3)": 26.091408014297485,
    "Step 3.2.2: Search execution for claim 2 query 1": 46.31668186187744,
    "Step 3.3.2.1.4: Evidence extraction (result 2)": 18.77730917930603,
    "Step 3.3.2.1.4: Evidence extraction (result 1)": 18.770451068878174,
    "Step 3.3.2: Search execution for claim 3 query 1": 54.76961827278137,
    "Step 3.1.2.2.4: Evidence extraction (result 2)": 18.14072895050049,
    "Step 3.1.2.2.4: Evidence extraction (result 3)": 18.160181045532227,
    "Step 3.1.2.2.4: Evidence extraction (result 1)": 18.25657820701599,
    "Step 3.1.2.2.4: Evidence extraction (result 4)": 18.28004503250122,
    "Step 3.1.2: Search execution for claim 1 query 2": 46.500937938690186,
    "Step 3.1.2.1.4: Evidence extraction (result 3)": 18.19898533821106,
    "Step 3.1.2.1.4: Evidence extraction (result 5)": 18.33391785621643,