{
  "timing": {
    "total_seconds": 109.6553008556366,
    "Step 1: Transcript extraction": 1.1759371757507324,
    "Step 2: Claim extraction": 21.103092908859253,
    "Step 3.1.1: Query generation for claim 1": 11.602057933807373,
    "Step 3.2.1: Query generation for claim 2": 11.725072145462036,
    "Step 3.2.2.1.1.1: Google Search API (batch 1)": 1.0720529556274414,
    "Step 3.1.2.1.1.1: Google Search API (batch 1)": 1.1612138748168945,
    "Step 3.1.2.2.1.1: Google Search API (batch 1)": 1.1766541004180908,
    "Step 3.2.2.2.1.1: Google Search API (batch 1)": 1.9552690982818604,
    "Step 3.2.2.1.2: Reliability assessment (result 1)": 0.0008540153503417969,
    "Step 3.2.2.1.2: Reliability assessment (result 2)": 0.0008630752563476562,
    "Step 3.2.2.1.2: Reliability assessment (result 3)": 0.0010199546813964844,
    "Step 3.2.2.1.2: Reliability assessment (result 4)": 0.0012621879577636719,
    "Step 3.2.2.1.2: Reliability assessment (result 6)": 0.001249074935913086,
    "Step 3.1.2.2.2: Reliability assessment (result 1)": 0.0004019737243652344,
    "Step 3.1.2.2.2: Reliability assessment (result 2)": 0.0004870891571044922,
    "Step 3.1.2.2.2: Reliability assessment (result 4)": 0.000640869140625,
    "Step 3.2.2.1.2: Reliability assessment (result 5)": 1.2450222969055176,
    "Step 3.1.2.2.2: Reliability assessment (result 5)": 1.0389599800109863,
    "Step 3.1.2.2.2: Reliability assessment (result 3)": 1.178839921951294,
    "Step 3.1.2.1.2: Reliability assessment (result 1)": 0.0016450881958007812,
    "Step 3.1.2.1.2: Reliability assessment (result 2)": 0.0018897056579589844,
    "Step 3.1.2.1.2: Reliability assessment (result 4)": 1.1901428699493408,
    "Step 3.1.2.1.2: Reliability assessment (result 3)": 1.1936030387878418,
    "Step 3.1.2.1.2: Reliability assessment (result 6)": 1.2340898513793945,
    "Step 3.1.2.1.2: Reliability assessment (result 5)": 1.236691951751709,
    "Step 3.3.1: Query generation for claim 3": 21.968271732330322,
    "Step 3.1.2.2.3: Content fetching (result 2)": 11.292548894882202,
    "Step 3.1.2.2.3: Content fetching (result 1)": 11.301275968551636,
    "Step 3.1.2.2.3: Content fetching (result 4)": 11.302964925765991,
    "Step 3.1.2.2.3: Content fetching (result 5)": 10.267318964004517,
    "Step 3.1.2.2.3: Content fetching (result 3)": 10.12949514389038,
    "Step 3.3.2.1.1.1: Google Search API (batch 1)": 5.658761978149414,
    "Step 3.3.2.2.1.1: Google Search API (batch 1)": 5.690914869308472,
    "Step 3.1.2.1.3: Content fetching (result 1)": 10.40691614151001,
    "Step 3.1.2.1.3: Content fetching (result 2)": 10.413779973983765,
    "Step 3.1.2.1.3: Content fetching (result 4)": 9.22501015663147,
    "Step 3.1.2.1.3: Content fetching (result 3)": 9.226903915405273,
    "Step 3.1.2.1.3: Content fetching (result 6)": 9.186307907104492,
    "Step 3.1.2.1.3: Content fetching (result 5)": 9.188371896743774,
    "Step 3.2.2.2.2: Reliability assessment (result 1)": 0.0016400814056396484,
    "Step 3.2.2.2.2: Reliability assessment (result 5)": 0.3142859935760498,
    "Step 3.2.2.2.2: Reliability assessment (result 4)": 0.9534649848937988,
    "Step 3.2.2.1.3: Content fetching (result 3)": 15.595898866653442,
    "Step 3.2.2.1.3: Content fetching (result 1)": 15.597080945968628,
    "Step 3.2.2.1.3: Content fetching (result 2)": 15.5972318649292,
    "Step 3.2.2.1.3: Content fetching (result 4)": 15.59726595878601,
    "Step 3.2.2.1.3: Content fetching (result 6)": 15.597473859786987,
    "Step 3.2.2.1.3: Content fetching (result 5)": 14.35417103767395,
    "Step 3.2.2.2.2: Reliability assessment (result 2)": 1.3363912105560303,
    "Step 3.2.2.2.2: Reliability assessment (result 3)": 1.3364229202270508,
    "Step 3.3.2.1.2: Reliability assessment (result 1)": 0.0038518905639648438,
    "Step 3.1.2.1.4: Evidence extraction (result 5)": 1.7058351039886475,
    "Step 3.3.2.1.2: Reliability assessment (result 2)": 0.005000114440917969,
    "Step 3.3.2.1.2: Reliability assessment (result 4)": 0.005055904388427734,
    "Step 3.1.2.1.4: Evidence extraction (result 2)": 2.204432964324951,
    "Step 3.1.2.1.4: Evidence extraction (result 1)": 2.598612070083618,
    "Step 3.3.2.1.2: Reliability assessment (result 5)": 1.0968940258026123,
    "Step 3.1.2.1.4: Evidence extraction (result 3)": 2.8051178455352783,
    "Step 3.3.2.1.2: Reliability assessment (result 3)": 1.207420825958252,
    "Step 3.3.2.2.2: Reliability assessment (result 3)": 0.00048804283142089844,
    "Step 3.3.2.2.2: Reliability assessment (result 4)": 0.0005939006805419922,
    "Step 3.3.2.2.2: Reliability assessment (result 6)": 0.9990110397338867,
    "Step 3.3.2.2.2: Reliability assessment (result 2)": 1.1045918464660645,
    "Step 3.3.2.2.2: Reliability assessment (result 1)": 1.1047098636627197,
    "Step 3.3.2.2.2: Reliability assessment (result 5)": 1.12748384475708,
    "Step 3.2.2.2.3: Content fetching (result 1)": 10.433856964111328,
    "Step 3.2.2.2.3: Content fetching (result 5)": 10.123502969741821,
    "Step 3.2.2.2.3: Content fetching (result 4)": 9.485926866531372,
    "Step 3.2.2.2.3: Content fetching (result 3)": 9.10469388961792,
    "Step 3.2.2.2.3: Content fetching (result 2)": 9.10666012763977,
    "Step 3.2.2.2.2: Reliability assessment (result 6)": 10.48005223274231,
    "Step 3.2.2.2.3: Content fetching (result 6)": 2.218125104904175,
    "Step 3.1.2.2.4: Evidence extraction (result 1)": 18.146499156951904,
    "Step 3.1.2.2.4: Evidence extraction (result 2)": 18.212117910385132,
    "Step 3.1.2.2.4: Evidence extraction (result 3)": 18.421911001205444,
    "Step 3.1.2.2.4: Evidence extraction (result 4)": 18.48758816719055,
    "Step 3.1.2.2.4: Evidence extraction (result 5)": 18.56497097015381,
    "Step 3.1.2: Search execution for claim 1 query 2": 33.803059101104736,
    "Step 3.3.2.1.3: Content fetching (result 1)": 15.82707691192627,
    "Step 3.3.2.1.3: Content fetching (result 4)": 15.82797884941101,
    "Step 3.3.2.1.3: Content fetching (result 2)": 15.829913139343262,
    "Step 3.3.2.1.3: Content fetching (result 5)": 14.739760160446167,
    "Step 3.3.2.1.3: Content fetching (result 3)": 14.631437063217163,
    "Step 3.1.2.1.4: Evidence extraction (result 6)": 18.19909906387329,
    "Step 3.1.2.1.4: Evidence extraction (result 4)": 18.295608043670654,
    "Step 3.1.2: Search execution for claim 1 query 1": 35.32568907737732,
    "Step 3.3.2.2.3: Content fetching (result 3)": 14.298162937164307,
    "Step 3.3.2.2.3: Content fetching (result 4)": 14.300470113754272,
    "Step 3.3.2.2.3: Content fetching (result 5)": 13.177470922470093,
    "Step 3.3.2.2.3: Content fetching (result 2)": 13.20266318321228,
    "Step 3.3.2.2.3: Content fetching (result 6)": 13.310190200805664,
    "Step 3.3.2.2.3: Content fetching (result 1)": 13.20653510093689,
    "Step 3.2.2.1.4: Evidence extraction (result 6)": 18.035576105117798,
    "Step 3.2.2.1.4: Evidence extraction (result 4)": 18.203895092010498,
    "Step 3.2.2.1.4: Evidence extraction (result 2)": 18.222278833389282,
    "Step 3.2.2.1.4: Evidence extraction (result 3)": 18.249735116958618,
    "Step 3.2.2.1.4: Evidence extraction (result 1)": 18.316364765167236,
    "Step 3.2.2.1.4: Evidence extraction (result 5)": 18.351871013641357,
    "Step 3.2.2: Search execution for claim 2 query 1": 37.02022099494934,
    "Step 3.2.2.2.4: Evidence extraction (result 3)": 18.115446090698242,
    "Step 3.2.2.2.4: Evidence extraction (result 1)": 18.22257900238037,
    "Step 3.2.2.2.4: Evidence extraction (result 4)": 18.24115014076233,
    "Step 3.2.2.2.4: Evidence extraction (result 5)": 18.256912231445312,
    "Step 3.2.2.2.4: Evidence extraction (result 2)": 18.337191343307495,
    "Step 3.2.2.2.4: Evidence extraction (result 6)": 18.521846055984497,
    "Step 3.2.2: Search execution for claim 2 query 2": 48.489908933639526,
    "Step 3.3.2.1.4: Evidence extraction (result 5)": 18.317999839782715,
    "Step 3.3.2.1.4: Evidence extraction (result 2)": 18.449979066848755,