{
  "timestamp": "2025-12-14T11:04:20.735596",
  "n_videos": 30,
  "description": {
    "precision_at_k": "Of k claims extracted, % that match ground truth (any GT claim)",
    "recall": "Of all GT claims, % that were matched by extracted claims",
    "f1": "Harmonic mean of precision and recall",
    "map": "Mean Average Precision - ranking quality (ClaimBuster metric)",
    "recall_at_important": "Recall for GT claims with importance >= 0.80",
    "importance_weighted_coverage": "% of total GT importance covered by matches",
    "verdict_overall_accuracy": "% of verdicts that match ground truth (both stance and factual assessment)",
    "verdict_stance_accuracy": "% of verdicts where stance classification matches ground truth",
    "latency": "Processing time in seconds per video",
    "cost": "LLM API cost in USD per video"
  },
  "claim_extraction": {
    "precision_at_k_mean": 0.7687962962962962,
    "precision_at_k_std": 0.1807914176450351,
    "recall_mean": 0.4711540668205428,
    "recall_std": 0.1416929051336482,
    "f1_mean": 0.573235436545106,
    "f1_std": 0.13890856914741886,
    "map_mean": 0.8538752939447385,
    "map_std": 0.1627589064830652,
    "recall_at_important_mean": 0.5888023088023089,
    "recall_at_important_std": 0.17221215799559758,
    "importance_weighted_coverage_mean": 0.5018821269897275,
    "importance_weighted_coverage_std": 0.13615508693976835
  },
  "verdict": {
    "overall_accuracy_mean": 0.3933201058201058,
    "overall_accuracy_std": 0.30503763023485886,
    "stance_accuracy_mean": 0.3933201058201058,
    "stance_accuracy_std": 0.30503763023485886
  },
  "end_to_end": {
    "coverage_mean": 0.4711540668205428,
    "coverage_std": 0.1416929051336482,
    "accuracy_mean": 0.3933201058201058,
    "accuracy_std": 0.30503763023485886,
    "latency_mean_seconds": 144.02237954934438,
    "latency_std_seconds": 105.69760913848611,
    "latency_total_seconds": 4320.671386480331,
    "cost_mean_usd": 0.010353365,
    "cost_total_usd": 0.31060095
  },
  "max_claims": 10
}
