{
  "timing": {
    "total_seconds": 87.80915188789368,
    "Step 1: Transcript extraction": 1.1472110748291016,
    "Step 2: Claim extraction": 8.475141286849976,
    "Step 3.4.1: Query generation for claim 4": 2.129364013671875,
    "Step 3.5.1: Query generation for claim 5": 2.2562079429626465,
    "Step 3.2.1: Query generation for claim 2": 2.258650064468384,
    "Step 3.3.1: Query generation for claim 3": 3.036936044692993,
    "Step 3.4.2.1.1.1: Google Search API (batch 1)": 0.9624302387237549,
    "Step 3.4.2.2.1.1: Google Search API (batch 1)": 0.918384313583374,
    "Step 3.5.2.1.1.1: Google Search API (batch 1)": 0.9406189918518066,
    "Step 3.5.2.2.1.1: Google Search API (batch 1)": 0.9556028842926025,
    "Step 3.2.2.2.1.1: Google Search API (batch 1)": 0.8949248790740967,
    "Step 3.2.2.1.1.1: Google Search API (batch 1)": 1.1372559070587158,
    "Step 3.1.1: Query generation for claim 1": 3.92578387260437,
    "Step 3.3.2.1.1.1: Google Search API (batch 1)": 0.9433600902557373,
    "Step 3.3.2.2.1.1: Google Search API (batch 1)": 0.8991479873657227,
    "Step 3.1.2.2.1.1: Google Search API (batch 1)": 0.858057975769043,
    "Step 3.4.2.2.2: Reliability assessment (result 1)": 0.0013580322265625,
    "Step 3.4.2.2.2: Reliability assessment (result 2)": 0.0013928413391113281,
    "Step 3.4.2.2.2: Reliability assessment (result 5)": 0.0015168190002441406,
    "Step 3.1.2.1.1.1: Google Search API (batch 1)": 1.3716919422149658,
    "Step 3.4.2.1.2: Reliability assessment (result 1)": 0.0006792545318603516,
    "Step 3.4.2.1.2: Reliability assessment (result 2)": 0.0007138252258300781,
    "Step 3.4.2.1.2: Reliability assessment (result 5)": 0.000698089599609375,
    "Step 3.4.2.2.2: Reliability assessment (result 3)": 1.078995943069458,
    "Step 3.1.2.1.2: Reliability assessment (result 1)": 0.36562514305114746,
    "Step 3.1.2.1.2: Reliability assessment (result 2)": 0.36562585830688477,
    "Step 3.1.2.1.2: Reliability assessment (result 3)": 0.3659851551055908,
    "Step 3.1.2.1.2: Reliability assessment (result 4)": 0.3660542964935303,
    "Step 3.1.2.1.2: Reliability assessment (result 5)": 0.3660237789154053,
    "Step 3.1.2.1.2: Reliability assessment (result 6)": 0.36650800704956055,
    "Step 3.4.2.2.2: Reliability assessment (result 4)": 1.0803718566894531,
    "Step 3.4.2.1.2: Reliability assessment (result 3)": 0.7230551242828369,
    "Step 3.1.2.2.2: Reliability assessment (result 1)": 0.0015780925750732422,
    "Step 3.1.2.2.2: Reliability assessment (result 2)": 0.0016100406646728516,
    "Step 3.1.2.2.2: Reliability assessment (result 3)": 0.0016291141510009766,
    "Step 3.1.2.2.2: Reliability assessment (result 4)": 0.00162506103515625,
    "Step 3.1.2.2.2: Reliability assessment (result 5)": 0.001628875732421875,
    "Step 3.4.2.1.2: Reliability assessment (result 4)": 0.9252498149871826,
    "Step 3.1.2.2.2: Reliability assessment (result 6)": 0.8240902423858643,
    "Step 3.4.2.1.3: Content fetching (result 1)": 3.9903500080108643,
    "Step 3.4.2.1.3: Content fetching (result 2)": 3.9925529956817627,
    "Step 3.4.2.1.3: Content fetching (result 5)": 3.9944913387298584,
    "Step 3.4.2.1.3: Content fetching (result 3)": 3.810312032699585,
    "Step 3.1.2.2.3: Content fetching (result 1)": 4.2785139083862305,
    "Step 3.1.2.2.3: Content fetching (result 2)": 6.96651291847229,
    "Step 3.1.2.2.3: Content fetching (result 3)": 6.968339920043945,
    "Step 3.4.2.2.3: Content fetching (result 1)": 10.342297077178955,
    "Step 3.4.2.2.3: Content fetching (result 2)": 10.345921039581299,
    "Step 3.2.2.2.2: Reliability assessment (result 1)": 0.30733704566955566,
    "Step 3.2.2.2.2: Reliability assessment (result 2)": 0.3073158264160156,
    "Step 3.2.2.2.2: Reliability assessment (result 3)": 0.30731964111328125,
    "Step 3.2.2.2.2: Reliability assessment (result 4)": 0.30732107162475586,
    "Step 3.4.2.2.3: Content fetching (result 5)": 10.347933053970337,
    "Step 3.4.2.2.3: Content fetching (result 3)": 9.272289991378784,
    "Step 3.4.2.2.3: Content fetching (result 4)": 9.272816896438599,
    "Step 3.2.2.2.2: Reliability assessment (result 5)": 1.1048829555511475,
    "Step 3.1.2.2.4: Evidence extraction (result 1)": 5.822954893112183,
    "Step 3.4.2.1.3: Content fetching (result 4)": 12.113508224487305,
    "Step 3.4.2.1.4: Evidence extraction (result 2)": 9.268561124801636,
    "Step 3.4.2.1.4: Evidence extraction (result 1)": 9.490094900131226,
    "Step 3.1.2.2.4: Evidence extraction (result 3)": 5.816246032714844,
    "Step 3.1.2.2.4: Evidence extraction (result 2)": 6.307596921920776,
    "Step 3.4.2.1.4: Evidence extraction (result 5)": 10.004695892333984,
    "Step 3.4.2.2.4: Evidence extraction (result 3)": 4.006936073303223,
    "Step 3.4.2.2.4: Evidence extraction (result 2)": 4.012523174285889,
    "Step 3.1.2.2.3: Content fetching (result 4)": 13.353102922439575,
    "Step 3.1.2.2.3: Content fetching (result 5)": 13.357318878173828,
    "Step 3.1.2.2.3: Content fetching (result 6)": 12.537073850631714,
    "Step 3.3.2.2.2: Reliability assessment (result 2)": 0.09129500389099121,
    "Step 3.3.2.2.2: Reliability assessment (result 3)": 0.09137272834777832,
    "Step 3.3.2.2.2: Reliability assessment (result 4)": 0.09139585494995117,
    "Step 3.3.2.2.2: Reliability assessment (result 5)": 0.09140586853027344,
    "Step 3.4.2.2.4: Evidence extraction (result 5)": 4.415318012237549,
    "Step 3.3.2.2.2: Reliability assessment (result 6)": 0.4960007667541504,
    "Step 3.4.2.1.4: Evidence extraction (result 3)": 10.40365719795227,
    "Step 3.2.2.2.2: Reliability assessment (result 6)": 6.092921733856201,
    "Step 3.4.2.1.4: Evidence extraction (result 4)": 3.393239974975586,
    "Step 3.4.2: Search execution for claim 4 query 1": 20.130381107330322,
    "Step 3.4.2.2.4: Evidence extraction (result 1)": 7.071725130081177,
    "Step 3.1.2.2.4: Evidence extraction (result 6)": 3.3208091259002686,
    "Step 3.4.2.2.4: Evidence extraction (result 4)": 7.601787090301514,
    "Step 3.4.2: Search execution for claim 4 query 2": 21.21879482269287,
    "Step 3.1.2.2.4: Evidence extraction (result 4)": 4.852684020996094,
    "Step 3.3.2.2.2: Reliability assessment (result 1)": 5.08740496635437,
    "Step 3.1.2.2.4: Evidence extraction (result 5)": 5.649226903915405,
    "Step 3.1.2: Search execution for claim 1 query 2": 21.541840076446533,
    "Step 3.1.2.1.3: Content fetching (result 1)": 19.140933990478516,
    "Step 3.1.2.1.3: Content fetching (result 2)": 19.142751932144165,
    "Step 3.1.2.1.3: Content fetching (result 3)": 19.146577835083008,
    "Step 3.1.2.1.3: Content fetching (result 4)": 19.148788928985596,
    "Step 3.1.2.1.3: Content fetching (result 5)": 19.15020513534546,
    "Step 3.1.2.1.3: Content fetching (result 6)": 19.152692079544067,
    "Step 3.3.2.1.2: Reliability assessment (result 1)": 0.000675201416015625,
    "Step 3.3.2.1.2: Reliability assessment (result 2)": 0.0006520748138427734,
    "Step 3.3.2.1.2: Reliability assessment (result 6)": 0.40517091751098633,
    "Step 3.3.2.1.2: Reliability assessment (result 5)": 0.4811289310455322,
    "Step 3.4.3: Verdict generation for claim 4": 3.9314212799072266,
    "Step 3.3.2.1.2: Reliability assessment (result 4)": 0.7280900478363037,
    "Step 3.3.2.2.3: Content fetching (result 5)": 9.315278053283691,
    "Step 3.3.2.2.3: Content fetching (result 3)": 9.317504167556763,
    "Step 3.3.2.2.3: Content fetching (result 4)": 9.320801973342896,
    "Step 3.3.2.2.3: Content fetching (result 2)": 9.626463890075684,
    "Step 3.5.2.1.2: Reliability assessment (result 2)": 0.0015978813171386719,
    "Step 3.5.2.1.2: Reliability assessment (result 3)": 0.5751609802246094,
    "Step 3.1.2.1.4: Evidence extraction (result 6)": 4.794170141220093,
    "Step 3.1.2.1.4: Evidence extraction (result 2)": 4.874989032745361,
    "Step 3.5.2.1.2: Reliability assessment (result 4)": 1.1471748352050781,