{
  "timing": {
    "total_seconds": 109.29896283149719,
    "Step 1: Transcript extraction": 7.555843114852905,
    "Step 2: Claim extraction": 18.157238960266113,
    "Step 3.5.1: Query generation for claim 5": 2.0187599658966064,
    "Step 3.2.1: Query generation for claim 2": 2.0232412815093994,
    "Step 3.1.1: Query generation for claim 1": 2.0257582664489746,
    "Step 3.1.2.2.1.1: Google Search API (batch 1)": 0.9488499164581299,
    "Step 3.5.2.1.1.1: Google Search API (batch 1)": 1.1630439758300781,
    "Step 3.2.2.1.1.1: Google Search API (batch 1)": 1.1053361892700195,
    "Step 3.2.2.2.1.1: Google Search API (batch 1)": 1.0717740058898926,
    "Step 3.1.2.1.1.1: Google Search API (batch 1)": 1.0393061637878418,
    "Step 3.1.2.1.2: Reliability assessment (result 1)": 0.0013270378112792969,
    "Step 3.1.2.1.2: Reliability assessment (result 2)": 0.0013401508331298828,
    "Step 3.1.2.1.2: Reliability assessment (result 3)": 0.0014960765838623047,
    "Step 3.1.2.1.2: Reliability assessment (result 4)": 0.0015091896057128906,
    "Step 3.1.2.1.2: Reliability assessment (result 5)": 0.0014989376068115234,
    "Step 3.1.2.1.2: Reliability assessment (result 6)": 0.00150299072265625,
    "Step 3.5.2.2.1.1: Google Search API (batch 1)": 1.640855073928833,
    "Step 3.1.2.2.2: Reliability assessment (result 1)": 0.00040602684020996094,
    "Step 3.1.2.2.2: Reliability assessment (result 2)": 0.0008261203765869141,
    "Step 3.1.2.2.2: Reliability assessment (result 3)": 0.0009691715240478516,
    "Step 3.1.2.2.2: Reliability assessment (result 4)": 0.0012829303741455078,
    "Step 3.2.2.2.2: Reliability assessment (result 1)": 0.0005769729614257812,
    "Step 3.2.2.2.2: Reliability assessment (result 2)": 0.0005991458892822266,
    "Step 3.2.2.2.2: Reliability assessment (result 3)": 0.0006098747253417969,
    "Step 3.2.2.2.2: Reliability assessment (result 5)": 0.0006127357482910156,
    "Step 3.1.2.2.2: Reliability assessment (result 5)": 0.7941250801086426,
    "Step 3.2.2.2.2: Reliability assessment (result 4)": 0.6051440238952637,
    "Step 3.1.2.2.2: Reliability assessment (result 6)": 1.3130879402160645,
    "Step 3.2.2.2.2: Reliability assessment (result 6)": 1.0814619064331055,
    "Step 3.2.2.1.2: Reliability assessment (result 1)": 0.09752106666564941,
    "Step 3.2.2.1.2: Reliability assessment (result 2)": 0.09707903861999512,
    "Step 3.2.2.1.2: Reliability assessment (result 3)": 1.1878349781036377,
    "Step 3.2.2.1.2: Reliability assessment (result 4)": 2.2538909912109375,
    "Step 3.2.2.1.2: Reliability assessment (result 5)": 2.2539567947387695,
    "Step 3.1.2.2.3: Content fetching (result 1)": 4.178504943847656,
    "Step 3.1.2.2.3: Content fetching (result 3)": 4.190415859222412,
    "Step 3.1.2.2.3: Content fetching (result 4)": 4.1928699016571045,
    "Step 3.1.2.2.3: Content fetching (result 2)": 4.195970773696899,
    "Step 3.2.2.1.2: Reliability assessment (result 6)": 3.314826011657715,
    "Step 3.2.2.1.3: Content fetching (result 1)": 6.538364887237549,
    "Step 3.2.2.1.3: Content fetching (result 2)": 6.540616035461426,
    "Step 3.2.2.2.3: Content fetching (result 1)": 11.156805276870728,
    "Step 3.2.2.2.3: Content fetching (result 2)": 11.158995866775513,
    "Step 3.2.2.2.3: Content fetching (result 3)": 11.163142204284668,
    "Step 3.2.2.2.3: Content fetching (result 5)": 11.16529893875122,
    "Step 3.2.2.2.3: Content fetching (result 4)": 10.5640389919281,
    "Step 3.2.2.2.3: Content fetching (result 6)": 10.088570833206177,
    "Step 3.4.1: Query generation for claim 4": 18.17480182647705,
    "Step 3.3.1: Query generation for claim 3": 18.19603204727173,
    "Step 3.5.2.1.2: Reliability assessment (result 2)": 0.0005278587341308594,
    "Step 3.1.2.1.3: Content fetching (result 1)": 16.160421133041382,
    "Step 3.1.2.1.3: Content fetching (result 2)": 16.162617206573486,
    "Step 3.1.2.1.3: Content fetching (result 5)": 16.165342092514038,
    "Step 3.1.2.1.3: Content fetching (result 3)": 16.168583869934082,
    "Step 3.1.2.1.3: Content fetching (result 4)": 16.170384883880615,
    "Step 3.1.2.1.3: Content fetching (result 6)": 16.17212200164795,
    "Step 3.5.2.1.2: Reliability assessment (result 4)": 0.7966451644897461,
    "Step 3.5.2.1.2: Reliability assessment (result 3)": 0.814887285232544,
    "Step 3.1.2.2.3: Content fetching (result 5)": 13.422955751419067,
    "Step 3.5.2.1.2: Reliability assessment (result 6)": 1.1625022888183594,
    "Step 3.5.2.1.2: Reliability assessment (result 1)": 1.1987388134002686,
    "Step 3.1.2.2.3: Content fetching (result 6)": 13.132513046264648,
    "Step 3.5.2.2.2: Reliability assessment (result 3)": 0.0024230480194091797,
    "Step 3.5.2.2.2: Reliability assessment (result 4)": 0.0026290416717529297,
    "Step 3.1.2.2.4: Evidence extraction (result 5)": 0.790604829788208,
    "Step 3.5.2.2.2: Reliability assessment (result 2)": 1.0586907863616943,
    "Step 3.5.2.2.2: Reliability assessment (result 1)": 1.0765917301177979,
    "Step 3.5.2.2.2: Reliability assessment (result 5)": 1.1351680755615234,
    "Step 3.2.2.1.3: Content fetching (result 3)": 15.77899694442749,
    "Step 3.2.2.1.3: Content fetching (result 4)": 14.718837022781372,
    "Step 3.2.2.1.3: Content fetching (result 5)": 14.720970869064331,
    "Step 3.2.2.1.3: Content fetching (result 6)": 13.662141799926758,
    "Step 3.5.2.1.3: Content fetching (result 2)": 10.1127450466156,
    "Step 3.5.2.1.3: Content fetching (result 4)": 9.318637132644653,
    "Step 3.5.2.1.3: Content fetching (result 3)": 9.302122116088867,
    "Step 3.5.2.1.3: Content fetching (result 6)": 8.956471920013428,
    "Step 3.5.2.1.3: Content fetching (result 1)": 8.922201871871948,
    "Step 3.5.2.1.2: Reliability assessment (result 5)": 10.491067171096802,
    "Step 3.5.2.2.2: Reliability assessment (result 6)": 10.542092084884644,
    "Step 3.1.2.1.4: Evidence extraction (result 3)": 12.464339256286621,
    "Step 3.1.2.1.4: Evidence extraction (result 2)": 12.482980012893677,
    "Step 3.5.2.1.4: Evidence extraction (result 3)": 3.056128978729248,
    "Step 3.1.2.1.4: Evidence extraction (result 1)": 12.630686283111572,
    "Step 3.1.2.1.4: Evidence extraction (result 4)": 12.756439685821533,
    "Step 3.1.2.1.4: Evidence extraction (result 6)": 13.48912501335144,
    "Step 3.1.2.2.4: Evidence extraction (result 3)": 25.51973795890808,
    "Step 3.2.2.2.4: Evidence extraction (result 3)": 18.29322910308838,
    "Step 3.2.2.1.4: Evidence extraction (result 2)": 21.84651803970337,
    "Step 3.1.2.2.4: Evidence extraction (result 1)": 25.71680998802185,
    "Step 3.1.2.2.4: Evidence extraction (result 4)": 25.789034843444824,
    "Step 3.2.2.2.4: Evidence extraction (result 5)": 18.49894618988037,
    "Step 3.2.2.2.4: Evidence extraction (result 4)": 18.532751321792603,
    "Step 3.1.2.2.4: Evidence extraction (result 2)": 25.893996953964233,
    "Step 3.2.2.2.4: Evidence extraction (result 6)": 18.647716760635376,
    "Step 3.2.2.2.4: Evidence extraction (result 2)": 18.662784099578857,
    "Step 3.2.2.1.4: Evidence extraction (result 1)": 22.26706886291504,
    "Step 3.2.2.2.4: Evidence extraction (result 1)": 18.732316732406616,
    "Step 3.2.2: Search execution for claim 2 query 2": 34.4085898399353,
    "Step 3.1.2.1.4: Evidence extraction (result 5)": 18.104474782943726,
    "Step 3.1.2: Search execution for claim 1 query 1": 35.92596101760864,
    "Step 3.1.2.2.4: Evidence extraction (result 6)": 18.363815784454346,
    "Step 3.1.2: Search execution for claim 1 query 2": 36.89794087409973,
    "Step 3.2.2.1.4: Evidence extraction (result 3)": 17.991164922714233,
    "Step 3.2.2.1.4: Evidence extraction (result 5)": 18.001362085342407,
    "Step 3.2.2.1.4: Evidence extraction (result 6)": 18.01793098449707,
    "Step 3.2.2.1.4: Evidence extraction (result 4)": 18.209134101867676,
    "Step 3.2.2: Search execution for claim 2 query 1": 40.720585107803345,