{
  "timing": {
    "total_seconds": 51.78460884094238,
    "Step 1: Transcript extraction": 1.1188359260559082,
    "Step 2: Claim extraction": 4.10497784614563,
    "Step 3.1.1: Query generation for claim 1": 1.6956329345703125,
    "Step 3.2.1: Query generation for claim 2": 1.805717945098877,
    "Step 3.3.1: Query generation for claim 3": 1.8898859024047852,
    "Step 3.2.2.1.1.1: Google Search API (batch 1)": 0.8897988796234131,
    "Step 3.3.2.1.1.1: Google Search API (batch 1)": 0.880918025970459,
    "Step 3.3.2.2.1.1: Google Search API (batch 1)": 0.873798131942749,
    "Step 3.2.2.2.1.1: Google Search API (batch 1)": 1.016247034072876,
    "Step 3.1.2.1.1.1: Google Search API (batch 1)": 1.1757192611694336,
    "Step 3.1.2.2.1.1: Google Search API (batch 1)": 1.2777998447418213,
    "Step 3.1.2.1.2: Reliability assessment (result 3)": 0.3131082057952881,
    "Step 3.1.2.1.2: Reliability assessment (result 6)": 0.31321215629577637,
    "Step 3.3.2.1.2: Reliability assessment (result 2)": 0.3403470516204834,
    "Step 3.3.2.1.2: Reliability assessment (result 3)": 0.34054112434387207,
    "Step 3.3.2.1.2: Reliability assessment (result 1)": 0.6627447605133057,
    "Step 3.2.2.2.2: Reliability assessment (result 3)": 0.6769638061523438,
    "Step 3.2.2.2.2: Reliability assessment (result 5)": 0.6772720813751221,
    "Step 3.2.2.2.2: Reliability assessment (result 1)": 0.6776008605957031,
    "Step 3.2.2.2.2: Reliability assessment (result 4)": 0.6776430606842041,
    "Step 3.2.2.2.2: Reliability assessment (result 2)": 0.67771315574646,
    "Step 3.2.2.2.2: Reliability assessment (result 6)": 0.6776621341705322,
    "Step 3.3.2.1.2: Reliability assessment (result 4)": 1.017759084701538,
    "Step 3.1.2.1.2: Reliability assessment (result 4)": 1.3307528495788574,
    "Step 3.1.2.1.2: Reliability assessment (result 5)": 1.3307571411132812,
    "Step 3.1.2.1.2: Reliability assessment (result 2)": 1.3308329582214355,
    "Step 3.3.2.1.2: Reliability assessment (result 5)": 1.0178289413452148,
    "Step 3.1.2.1.2: Reliability assessment (result 1)": 1.330928087234497,
    "Step 3.3.2.2.2: Reliability assessment (result 5)": 0.0017006397247314453,
    "Step 3.3.2.2.2: Reliability assessment (result 4)": 0.2677788734436035,
    "Step 3.3.2.2.2: Reliability assessment (result 2)": 0.2710278034210205,
    "Step 3.2.2.1.2: Reliability assessment (result 5)": 0.27118897438049316,
    "Step 3.2.2.1.2: Reliability assessment (result 3)": 0.6678118705749512,
    "Step 3.2.2.1.2: Reliability assessment (result 1)": 0.6778819561004639,
    "Step 3.2.2.1.2: Reliability assessment (result 4)": 1.011444091796875,
    "Step 3.2.2.1.2: Reliability assessment (result 2)": 1.082779884338379,
    "Step 3.3.2.2.2: Reliability assessment (result 3)": 1.1513731479644775,
    "Step 3.3.2.2.2: Reliability assessment (result 1)": 1.1786141395568848,
    "Step 3.3.2.2.3: Content fetching (result 5)": 11.838536977767944,
    "Step 3.3.2.2.3: Content fetching (result 4)": 13.185289859771729,
    "Step 3.3.2.2.3: Content fetching (result 2)": 15.957690000534058,
    "Step 3.2.2.2.3: Content fetching (result 3)": 17.536823987960815,
    "Step 3.2.2.2.3: Content fetching (result 5)": 17.538577795028687,
    "Step 3.2.2.2.3: Content fetching (result 1)": 17.540547132492065,
    "Step 3.2.2.2.3: Content fetching (result 4)": 17.544034957885742,
    "Step 3.2.2.2.3: Content fetching (result 6)": 17.54655122756958,
    "Step 3.2.2.2.3: Content fetching (result 2)": 17.549620866775513,
    "Step 3.3.2.1.3: Content fetching (result 2)": 18.374563932418823,
    "Step 3.3.2.1.3: Content fetching (result 3)": 18.37623882293701,
    "Step 3.3.2.1.3: Content fetching (result 1)": 18.055967092514038,
    "Step 3.1.2.2.2: Reliability assessment (result 3)": 9.609930038452148,
    "Step 3.3.2.1.3: Content fetching (result 4)": 17.702985048294067,
    "Step 3.1.2.2.2: Reliability assessment (result 5)": 9.611994981765747,
    "Step 3.3.2.1.3: Content fetching (result 5)": 17.706488609313965,
    "Step 3.1.2.2.2: Reliability assessment (result 2)": 11.400663137435913,
    "Step 3.1.2.2.2: Reliability assessment (result 4)": 11.405804872512817,
    "Step 3.1.2.2.2: Reliability assessment (result 6)": 11.467849016189575,
    "Step 3.1.2.1.3: Content fetching (result 3)": 21.462695121765137,
    "Step 3.1.2.1.3: Content fetching (result 6)": 21.474315643310547,
    "Step 3.1.2.1.3: Content fetching (result 4)": 20.459879875183105,
    "Step 3.1.2.1.3: Content fetching (result 5)": 20.461807012557983,
    "Step 3.1.2.1.3: Content fetching (result 2)": 20.46347689628601,
    "Step 3.1.2.1.3: Content fetching (result 1)": 20.466148138046265,
    "Step 3.1.2.2.2: Reliability assessment (result 1)": 12.392985820770264,
    "Step 3.3.2.2.4: Evidence extraction (result 4)": 7.381696939468384,
    "Step 3.2.2.2.4: Evidence extraction (result 5)": 4.621574878692627,
    "Step 3.1.2.1.4: Evidence extraction (result 3)": 2.180814027786255,
    "Step 3.3.2.1.4: Evidence extraction (result 2)": 4.947633266448975,
    "Step 3.1.2.1.4: Evidence extraction (result 1)": 2.2460739612579346,
    "Step 3.1.2.1.4: Evidence extraction (result 4)": 2.409144163131714,
    "Step 3.3.2.2.4: Evidence extraction (result 2)": 6.7622621059417725,
    "Step 3.3.2.2.4: Evidence extraction (result 5)": 11.251574039459229,
    "Step 3.2.2.2.4: Evidence extraction (result 4)": 5.619364976882935,
    "Step 3.2.2.2.4: Evidence extraction (result 1)": 5.625270128250122,
    "Step 3.1.2.1.4: Evidence extraction (result 5)": 2.7721428871154785,
    "Step 3.3.2.1.4: Evidence extraction (result 5)": 5.550446033477783,
    "Step 3.3.2.1.4: Evidence extraction (result 1)": 5.567255020141602,
    "Step 3.2.2.2.4: Evidence extraction (result 2)": 5.815608978271484,
    "Step 3.2.2.2.4: Evidence extraction (result 3)": 5.829806804656982,
    "Step 3.1.2.1.4: Evidence extraction (result 2)": 2.9239132404327393,
    "Step 3.3.2.2.3: Content fetching (result 3)": 22.383328676223755,
    "Step 3.3.2.2.3: Content fetching (result 1)": 22.358422994613647,
    "Step 3.3.2.1.4: Evidence extraction (result 3)": 5.894718408584595,
    "Step 3.3.2.1.4: Evidence extraction (result 4)": 6.073023796081543,
    "Step 3.3.2: Search execution for claim 3 query 1": 30.89037013053894,
    "Step 3.1.2.1.4: Evidence extraction (result 6)": 3.79428768157959,
    "Step 3.1.2: Search execution for claim 1 query 1": 31.573397874832153,
    "Step 3.2.2.2.4: Evidence extraction (result 6)": 6.856176853179932,
    "Step 3.2.2: Search execution for claim 2 query 2": 31.561955213546753,
    "Step 3.3.2.2.4: Evidence extraction (result 1)": 2.214262008666992,
    "Step 3.3.2.2.4: Evidence extraction (result 3)": 3.191511869430542,
    "Step 3.3.2: Search execution for claim 3 query 2": 33.78811693191528,
    "Step 3.3.3: Verdict generation for claim 3": 1.9049060344696045,
    "Step 3.2.2.1.3: Content fetching (result 5)": 29.657339096069336,
    "Step 3.2.2.1.3: Content fetching (result 3)": 29.27091407775879,
    "Step 3.2.2.1.3: Content fetching (result 1)": 29.26332688331604,
    "Step 3.2.2.1.3: Content fetching (result 4)": 28.931928157806396,
    "Step 3.2.2.1.3: Content fetching (result 2)": 28.896764039993286,
    "Step 3.1.2.2.3: Content fetching (result 3)": 14.629660844802856,
    "Step 3.1.2.2.3: Content fetching (result 5)": 14.629286766052246,
    "Step 3.1.2.2.3: Content fetching (result 2)": 12.842704057693481,
    "Step 3.1.2.2.3: Content fetching (result 4)": 12.839170694351196,
    "Step 3.1.2.2.3: Content fetching (result 6)": 12.779217004776001,
    "Step 3.1.2.2.3: Content fetching (result 1)": 11.85609483718872,
    "Step 3.2.2.1.4: Evidence extraction (result 1)": 3.260957956314087,
    "Step 3.2.2.1.4: Evidence extraction (result 2)": 3.227958917617798,
    "Step 3.2.2.1.4: Evidence extraction (result 4)": 3.4694559574127197,
    "Step 3.2.2.1.4: Evidence extraction (result 5)": 3.888932704925537,