{
  "timing": {
    "total_seconds": 20.248672008514404,
    "Step 1: Transcript extraction": 1.2373251914978027,
    "Step 2: Claim extraction": 18.80873394012451
  },
  "claims_extracted": 0,
  "success": true,
  "error": null
}
