{
  "timing": {
    "total_seconds": 82.10300803184509,
    "Step 1: Transcript extraction": 1.6508479118347168,
    "Step 2: Claim extraction": 6.997186183929443,
    "Step 3.1.1: Query generation for claim 1": 2.7599949836730957,
    "Step 3.5.1: Query generation for claim 5": 3.2700741291046143,
    "Step 3.2.1: Query generation for claim 2": 3.3974359035491943,
    "Step 3.4.1: Query generation for claim 4": 3.4903981685638428,
    "Step 3.3.1: Query generation for claim 3": 3.5768380165100098,
    "Step 3.1.2.2.1.1: Google Search API (batch 1)": 0.823322057723999,
    "Step 3.1.2.1.1.1: Google Search API (batch 1)": 0.8766002655029297,
    "Step 3.4.2.1.1.1: Google Search API (batch 1)": 0.7846090793609619,
    "Step 3.5.2.2.1.1: Google Search API (batch 1)": 0.9872729778289795,
    "Step 3.2.2.2.1.1: Google Search API (batch 1)": 0.9262268543243408,
    "Step 3.3.2.2.1.1: Google Search API (batch 1)": 0.7515220642089844,
    "Step 3.4.2.2.1.1: Google Search API (batch 1)": 0.8524730205535889,
    "Step 3.5.2.1.1.1: Google Search API (batch 1)": 1.093616247177124,
    "Step 3.3.2.1.1.1: Google Search API (batch 1)": 0.9352550506591797,
    "Step 3.2.2.1.1.1: Google Search API (batch 1)": 1.2813758850097656,
    "Step 3.1.2.2.2: Reliability assessment (result 1)": 0.0002942085266113281,
    "Step 3.1.2.2.2: Reliability assessment (result 2)": 0.40166592597961426,
    "Step 3.1.2.2.2: Reliability assessment (result 5)": 0.4204878807067871,
    "Step 3.1.2.2.2: Reliability assessment (result 3)": 0.4364502429962158,
    "Step 3.1.2.2.2: Reliability assessment (result 4)": 0.5636758804321289,
    "Step 3.5.2.2.2: Reliability assessment (result 1)": 0.4594850540161133,
    "Step 3.5.2.2.2: Reliability assessment (result 2)": 0.480679988861084,
    "Step 3.5.2.2.2: Reliability assessment (result 3)": 0.5731477737426758,
    "Step 3.5.2.1.2: Reliability assessment (result 1)": 0.43157196044921875,
    "Step 3.5.2.1.2: Reliability assessment (result 2)": 0.5603461265563965,
    "Step 3.5.2.1.2: Reliability assessment (result 3)": 0.6795620918273926,
    "Step 3.5.2.2.3: Content fetching (result 1)": 1.4830660820007324,
    "Step 3.5.2.2.3: Content fetching (result 2)": 1.4643988609313965,
    "Step 3.5.2.2.3: Content fetching (result 3)": 1.3733532428741455,
    "Step 3.5.2.2.4: Evidence extraction (result 3)": 2.7252681255340576,
    "Step 3.5.2.2.4: Evidence extraction (result 1)": 3.224348783493042,
    "Step 3.5.2.2.4: Evidence extraction (result 2)": 4.8160400390625,
    "Step 3.5.2: Search execution for claim 5 query 2": 11.084923267364502,
    "Step 3.4.2.1.2: Reliability assessment (result 1)": 0.00037407875061035156,
    "Step 3.4.2.1.2: Reliability assessment (result 2)": 0.0005011558532714844,
    "Step 3.4.2.1.2: Reliability assessment (result 3)": 0.0009129047393798828,
    "Step 3.4.2.1.2: Reliability assessment (result 5)": 0.5278689861297607,
    "Step 3.4.2.1.2: Reliability assessment (result 4)": 0.528425931930542,
    "Step 3.4.2.1.2: Reliability assessment (result 6)": 0.5771017074584961,
    "Step 3.2.2.1.2: Reliability assessment (result 1)": 0.04919719696044922,
    "Step 3.2.2.1.2: Reliability assessment (result 3)": 0.7615339756011963,
    "Step 3.2.2.2.2: Reliability assessment (result 1)": 2.1095428466796875,
    "Step 3.2.2.2.2: Reliability assessment (result 2)": 2.1095616817474365,
    "Step 3.2.2.1.3: Content fetching (result 1)": 2.581671953201294,
    "Step 3.2.2.2.2: Reliability assessment (result 4)": 2.7749009132385254,
    "Step 3.2.2.2.2: Reliability assessment (result 5)": 3.2336249351501465,
    "Step 3.2.2.2.2: Reliability assessment (result 6)": 3.6154401302337646,
    "Step 3.2.2.1.3: Content fetching (result 3)": 4.663963794708252,
    "Step 3.1.2.1.2: Reliability assessment (result 1)": 4.664907932281494,
    "Step 3.1.2.1.2: Reliability assessment (result 2)": 5.130995988845825,
    "Step 3.1.2.1.2: Reliability assessment (result 3)": 5.993216037750244,
    "Step 3.1.2.1.2: Reliability assessment (result 4)": 5.993304967880249,
    "Step 3.4.2.2.2: Reliability assessment (result 1)": 7.74162483215332,
    "Step 3.2.2.1.2: Reliability assessment (result 2)": 10.301011323928833,
    "Step 3.4.2.2.2: Reliability assessment (result 2)": 8.225100040435791,
    "Step 3.4.2.2.2: Reliability assessment (result 3)": 8.544151067733765,
    "Step 3.4.2.2.2: Reliability assessment (result 4)": 8.665076971054077,
    "Step 3.2.2.2.3: Content fetching (result 1)": 9.225946187973022,
    "Step 3.5.2.1.3: Content fetching (result 3)": 20.636775255203247,
    "Step 3.5.2.1.3: Content fetching (result 1)": 21.018709897994995,
    "Step 3.5.2.1.3: Content fetching (result 2)": 20.891940116882324,
    "Step 3.2.2.2.2: Reliability assessment (result 3)": 12.35853123664856,
    "Step 3.1.2.1.3: Content fetching (result 1)": 8.152676105499268,
    "Step 3.1.2.2.3: Content fetching (result 3)": 24.05874514579773,
    "Step 3.2.2.2.3: Content fetching (result 2)": 11.704732894897461,
    "Step 3.2.2.2.3: Content fetching (result 4)": 11.041400671005249,
    "Step 3.2.2.2.3: Content fetching (result 5)": 10.58499813079834,
    "Step 3.2.2.2.3: Content fetching (result 6)": 10.206399202346802,
    "Step 3.3.2.2.2: Reliability assessment (result 2)": 5.043633937835693,
    "Step 3.3.2.2.2: Reliability assessment (result 1)": 5.046036958694458,
    "Step 3.4.2.2.3: Content fetching (result 1)": 5.525284051895142,
    "Step 3.3.2.2.2: Reliability assessment (result 4)": 5.653397798538208,
    "Step 3.1.2.2.3: Content fetching (result 1)": 26.536684036254883,
    "Step 3.1.2.2.3: Content fetching (result 2)": 26.141846895217896,
    "Step 3.1.2.2.3: Content fetching (result 5)": 26.12882685661316,
    "Step 3.1.2.2.3: Content fetching (result 4)": 25.989259958267212,
    "Step 3.1.2.1.2: Reliability assessment (result 5)": 16.252171993255615,
    "Step 3.2.2.1.4: Evidence extraction (result 3)": 11.849175214767456,
    "Step 3.3.2.2.3: Content fetching (result 2)": 3.552842140197754,
    "Step 3.3.2.2.3: Content fetching (result 1)": 3.555217981338501,
    "Step 3.3.2.2.3: Content fetching (result 4)": 3.3114800453186035,
    "Step 3.2.2.1.4: Evidence extraction (result 1)": 16.600548267364502,
    "Step 3.4.2.2.3: Content fetching (result 2)": 8.686982870101929,
    "Step 3.4.2.2.3: Content fetching (result 3)": 8.370136022567749,
    "Step 3.4.2.2.3: Content fetching (result 4)": 8.250807046890259,
    "Step 3.3.2.1.2: Reliability assessment (result 5)": 2.6907620429992676,
    "Step 3.3.2.1.2: Reliability assessment (result 1)": 2.8647959232330322,
    "Step 3.3.2.1.2: Reliability assessment (result 3)": 2.9686717987060547,
    "Step 3.5.2.1.4: Evidence extraction (result 3)": 7.568681955337524,
    "Step 3.2.2.2.4: Evidence extraction (result 4)": 6.523741960525513,
    "Step 3.2.2.2.4: Evidence extraction (result 6)": 6.630799770355225,
    "Step 3.2.2.2.4: Evidence extraction (result 5)": 6.692008018493652,
    "Step 3.1.2.2.4: Evidence extraction (result 3)": 6.823736906051636,
    "Step 3.4.2.1.3: Content fetching (result 5)": 21.074857234954834,
    "Step 3.4.2.2.4: Evidence extraction (result 1)": 5.498503923416138,
    "Step 3.4.2.2.2: Reliability assessment (result 5)": 18.795679092407227,
    "Step 3.1.2.1.4: Evidence extraction (result 1)": 7.783520936965942,
    "Step 3.2.2.2.4: Evidence extraction (result 2)": 7.23987603187561,
    "Step 3.2.2.2.4: Evidence extraction (result 1)": 9.769144058227539,
    "Step 3.1.2.2.4: Evidence extraction (result 5)": 5.653520107269287,
    "Step 3.5.2.1.4: Evidence extraction (result 2)": 9.393394947052002,
    "Step 3.4.2.1.3: Content fetching (result 1)": 22.74995708465576,
    "Step 3.4.2.1.3: Content fetching (result 2)": 22.760618925094604,
    "Step 3.4.2.1.3: Content fetching (result 3)": 22.7636821269989,
    "Step 3.4.2.1.3: Content fetching (result 4)": 22.24191164970398,
    "Step 3.4.2.1.3: Content fetching (result 6)": 22.196396827697754,