{
  "timestamp": "2025-12-14T16:21:02.619513",
  "n_videos": 30,
  "description": {
    "precision_at_k": "Of k claims extracted, % that match ground truth (any GT claim)",
    "recall": "Of all GT claims, % that were matched by extracted claims",
    "f1": "Harmonic mean of precision and recall",
    "map": "Mean Average Precision - ranking quality (ClaimBuster metric)",
    "recall_at_important": "Recall for GT claims with importance >= 0.80",
    "importance_weighted_coverage": "% of total GT importance covered by matches",
    "verdict_overall_accuracy": "% of verdicts that match ground truth (both stance and factual assessment)",
    "verdict_stance_accuracy": "% of verdicts where stance classification matches ground truth",
    "latency": "Processing time in seconds per video",
    "cost": "LLM API cost in USD per video"
  },
  "claim_extraction": {
    "precision_at_k_mean": 0.8133333333333332,
    "precision_at_k_std": 0.17074997966487593,
    "recall_mean": 0.2619143691539595,
    "recall_std": 0.08823232405351668,
    "f1_mean": 0.38997849457642164,
    "f1_std": 0.11076466658185839,
    "map_mean": 0.8700462962962963,
    "map_std": 0.14632530918361922,
    "recall_at_important_mean": 0.3949362674362675,
    "recall_at_important_std": 0.17794823710107227,
    "importance_weighted_coverage_mean": 0.29180380240480563,
    "importance_weighted_coverage_std": 0.0956395771487642
  },
  "verdict": {
    "overall_accuracy_mean": 0.7333333333333333,
    "overall_accuracy_std": 0.33424874303760993,
    "stance_accuracy_mean": 0.7333333333333333,
    "stance_accuracy_std": 0.33424874303760993
  },
  "end_to_end": {
    "coverage_mean": 0.2619143691539595,
    "coverage_std": 0.08823232405351668,
    "accuracy_mean": 0.7333333333333333,
    "accuracy_std": 0.33424874303760993,
    "latency_mean_seconds": 82.21191769440969,
    "latency_std_seconds": 31.794508154431185,
    "latency_total_seconds": 2466.3575308322906,
    "cost_mean_usd": 0.0029837700000000006,
    "cost_total_usd": 0.08951310000000001
  },
  "max_claims": 5
}
