{
  "timing": {
    "total_seconds": 82.61655402183533,
    "Step 1: Transcript extraction": 5.756062984466553,
    "Step 2: Claim extraction": 8.772969961166382,
    "Step 3.2.1: Query generation for claim 2": 1.9292817115783691,
    "Step 3.1.1: Query generation for claim 1": 2.0540521144866943,
    "Step 3.7.1: Query generation for claim 7": 2.136547088623047,
    "Step 3.5.1: Query generation for claim 5": 2.1380417346954346,
    "Step 3.3.1: Query generation for claim 3": 2.3100218772888184,
    "Step 3.4.1: Query generation for claim 4": 2.30991530418396,
    "Step 3.6.1: Query generation for claim 6": 2.4806110858917236,
    "Step 3.4.2.2.1.1: Google Search API (batch 1)": 0.8967239856719971,
    "Step 3.7.2.1.1.1: Google Search API (batch 1)": 1.1991238594055176,
    "Step 3.1.2.1.1.1: Google Search API (batch 1)": 1.291942834854126,
    "Step 3.5.2.2.1.1: Google Search API (batch 1)": 1.0786981582641602,
    "Step 3.4.2.1.1.1: Google Search API (batch 1)": 0.9526991844177246,
    "Step 3.2.2.1.1.1: Google Search API (batch 1)": 1.387387752532959,
    "Step 3.7.2.2.1.1: Google Search API (batch 1)": 1.1713452339172363,
    "Step 3.1.2.2.1.1: Google Search API (batch 1)": 1.2953450679779053,
    "Step 3.2.2.2.1.1: Google Search API (batch 1)": 1.407891035079956,
    "Step 3.6.2.2.1.1: Google Search API (batch 1)": 0.8941640853881836,
    "Step 3.5.2.1.1.1: Google Search API (batch 1)": 1.2515861988067627,
    "Step 3.3.2.1.1.1: Google Search API (batch 1)": 1.1653382778167725,
    "Step 3.3.2.2.1.1: Google Search API (batch 1)": 1.2118511199951172,
    "Step 3.6.2.1.1.1: Google Search API (batch 1)": 1.200362205505371,
    "Step 3.3.2.1.2: Reliability assessment (result 2)": 0.00043702125549316406,
    "Step 3.3.2.1.2: Reliability assessment (result 3)": 0.0006008148193359375,
    "Step 3.3.2.1.2: Reliability assessment (result 4)": 0.0007390975952148438,
    "Step 3.3.2.1.2: Reliability assessment (result 6)": 0.0009591579437255859,
    "Step 3.3.2.1.2: Reliability assessment (result 5)": 0.24101591110229492,
    "Step 3.5.2.1.2: Reliability assessment (result 2)": 0.3521420955657959,
    "Step 3.5.2.1.2: Reliability assessment (result 3)": 0.3524818420410156,
    "Step 3.5.2.1.2: Reliability assessment (result 5)": 0.3531179428100586,
    "Step 3.5.2.1.2: Reliability assessment (result 6)": 0.6771290302276611,
    "Step 3.4.2.2.2: Reliability assessment (result 2)": 0.3254060745239258,
    "Step 3.4.2.2.2: Reliability assessment (result 3)": 0.32569193840026855,
    "Step 3.4.2.2.2: Reliability assessment (result 5)": 0.32579612731933594,
    "Step 3.5.2.1.2: Reliability assessment (result 4)": 0.6780722141265869,
    "Step 3.5.2.1.2: Reliability assessment (result 1)": 0.6782078742980957,
    "Step 3.3.2.1.2: Reliability assessment (result 1)": 1.2593679428100586,
    "Step 3.5.2.2.2: Reliability assessment (result 4)": 0.020100116729736328,
    "Step 3.5.2.2.2: Reliability assessment (result 3)": 0.48618125915527344,
    "Step 3.4.2.2.2: Reliability assessment (result 1)": 1.121556043624878,
    "Step 3.4.2.2.2: Reliability assessment (result 4)": 1.1593127250671387,
    "Step 3.5.2.2.2: Reliability assessment (result 2)": 0.9008450508117676,
    "Step 3.5.2.2.2: Reliability assessment (result 1)": 0.9041621685028076,
    "Step 3.4.2.2.3: Content fetching (result 2)": 2.6976630687713623,
    "Step 3.4.2.2.3: Content fetching (result 3)": 2.698694944381714,
    "Step 3.4.2.2.3: Content fetching (result 5)": 2.698911190032959,
    "Step 3.5.2.2.3: Content fetching (result 4)": 7.038956165313721,
    "Step 3.5.2.2.3: Content fetching (result 3)": 6.5749351978302,
    "Step 3.2.2.2.2: Reliability assessment (result 1)": 5.4158899784088135,
    "Step 3.5.2.2.3: Content fetching (result 2)": 6.158936977386475,
    "Step 3.2.2.2.2: Reliability assessment (result 3)": 5.417495965957642,
    "Step 3.2.2.2.2: Reliability assessment (result 4)": 5.417529106140137,
    "Step 3.2.2.2.2: Reliability assessment (result 2)": 6.702567100524902,
    "Step 3.1.2.2.2: Reliability assessment (result 1)": 6.7168262004852295,
    "Step 3.1.2.2.2: Reliability assessment (result 3)": 6.7169153690338135,
    "Step 3.1.2.2.2: Reliability assessment (result 4)": 6.71697998046875,
    "Step 3.4.2.2.3: Content fetching (result 1)": 7.9640607833862305,
    "Step 3.4.2.2.3: Content fetching (result 4)": 7.9280548095703125,
    "Step 3.1.2.2.2: Reliability assessment (result 2)": 7.792463064193726,
    "Step 3.4.2.1.2: Reliability assessment (result 2)": 7.4594480991363525,
    "Step 3.1.2.2.2: Reliability assessment (result 5)": 7.877688884735107,
    "Step 3.4.2.1.2: Reliability assessment (result 5)": 7.930094003677368,
    "Step 3.4.2.1.2: Reliability assessment (result 1)": 7.955820083618164,
    "Step 3.2.2.1.2: Reliability assessment (result 2)": 7.615247011184692,
    "Step 3.2.2.1.2: Reliability assessment (result 3)": 7.615295886993408,
    "Step 3.5.2.2.3: Content fetching (result 1)": 9.282777070999146,
    "Step 3.4.2.1.2: Reliability assessment (result 4)": 8.261999130249023,
    "Step 3.2.2.1.2: Reliability assessment (result 4)": 8.083131074905396,
    "Step 3.4.2.1.2: Reliability assessment (result 3)": 8.699470043182373,
    "Step 3.2.2.1.2: Reliability assessment (result 1)": 8.454891920089722,
    "Step 3.7.2.1.2: Reliability assessment (result 4)": 8.076842069625854,
    "Step 3.7.2.1.2: Reliability assessment (result 3)": 8.661738872528076,
    "Step 3.5.2.1.3: Content fetching (result 2)": 11.684985876083374,
    "Step 3.5.2.1.3: Content fetching (result 3)": 11.685342073440552,
    "Step 3.5.2.1.3: Content fetching (result 5)": 11.685197830200195,
    "Step 3.5.2.1.3: Content fetching (result 6)": 11.361380815505981,
    "Step 3.5.2.1.3: Content fetching (result 4)": 11.360642910003662,
    "Step 3.5.2.1.3: Content fetching (result 1)": 11.360769033432007,
    "Step 3.7.2.1.2: Reliability assessment (result 1)": 8.721800804138184,
    "Step 3.7.2.1.2: Reliability assessment (result 5)": 9.076916933059692,
    "Step 3.7.2.1.2: Reliability assessment (result 2)": 9.077036142349243,
    "Step 3.1.2.1.2: Reliability assessment (result 1)": 3.2681610584259033,
    "Step 3.4.2.1.3: Content fetching (result 2)": 4.749979734420776,
    "Step 3.1.2.1.2: Reliability assessment (result 3)": 4.279845714569092,
    "Step 3.1.2.1.2: Reliability assessment (result 4)": 4.279855728149414,
    "Step 3.4.2.1.3: Content fetching (result 5)": 4.281034708023071,
    "Step 3.1.2.1.2: Reliability assessment (result 2)": 4.779510974884033,
    "Step 3.1.2.1.2: Reliability assessment (result 6)": 5.32564115524292,
    "Step 3.1.2.1.2: Reliability assessment (result 5)": 5.726511001586914,
    "Step 3.2.2.2.3: Content fetching (result 1)": 11.815492868423462,
    "Step 3.2.2.2.3: Content fetching (result 3)": 11.81577205657959,
    "Step 3.2.2.2.3: Content fetching (result 4)": 11.81723690032959,
    "Step 3.2.2.2.3: Content fetching (result 2)": 10.533886909484863,
    "Step 3.3.2.1.3: Content fetching (result 2)": 24.79068613052368,
    "Step 3.3.2.1.3: Content fetching (result 3)": 24.792847156524658,
    "Step 3.3.2.1.3: Content fetching (result 4)": 24.79493021965027,
    "Step 3.3.2.1.3: Content fetching (result 6)": 24.796791076660156,
    "Step 3.7.2.2.2: Reliability assessment (result 2)": 12.1819589138031,
    "Step 3.7.2.2.2: Reliability assessment (result 3)": 12.182004928588867,
    "Step 3.3.2.1.3: Content fetching (result 5)": 24.565287351608276,
    "Step 3.3.2.1.3: Content fetching (result 1)": 23.5497989654541,
    "Step 3.7.2.2.2: Reliability assessment (result 4)": 13.062633991241455,
    "Step 3.7.2.2.2: Reliability assessment (result 5)": 13.153003931045532,
    "Step 3.7.2.2.2: Reliability assessment (result 1)": 13.692538738250732,
    "Step 3.6.2.2.2: Reliability assessment (result 3)": 13.275966882705688,
    "Step 3.6.2.2.2: Reliability assessment (result 4)": 13.276007175445557,