{
  "timing": {
    "total_seconds": 76.97493600845337,
    "Step 1: Transcript extraction": 1.0929181575775146,
    "Step 2: Claim extraction": 9.883184909820557,
    "Step 3.2.1: Query generation for claim 2": 2.3925180435180664,
    "Step 3.2.2.2.1.1: Google Search API (batch 1)": 0.9063060283660889,
    "Step 3.2.2.1.1.1: Google Search API (batch 1)": 1.073119878768921,
    "Step 3.3.1: Query generation for claim 3": 5.387221097946167,
    "Step 3.1.1: Query generation for claim 1": 5.515313148498535,
    "Step 3.1.2.1.1.1: Google Search API (batch 1)": 0.8643319606781006,
    "Step 3.3.2.2.1.1: Google Search API (batch 1)": 0.9646401405334473,
    "Step 3.3.2.1.1.1: Google Search API (batch 1)": 1.0524952411651611,
    "Step 3.1.2.2.1.1: Google Search API (batch 1)": 0.9879841804504395,
    "Step 3.2.2.2.2: Reliability assessment (result 3)": 0.6613807678222656,
    "Step 3.2.2.2.2: Reliability assessment (result 2)": 0.6615419387817383,
    "Step 3.1.2.2.2: Reliability assessment (result 1)": 0.0004363059997558594,
    "Step 3.1.2.2.2: Reliability assessment (result 4)": 0.0007033348083496094,
    "Step 3.2.2.1.2: Reliability assessment (result 1)": 0.0008549690246582031,
    "Step 3.2.2.1.2: Reliability assessment (result 5)": 0.001322031021118164,
    "Step 3.2.2.2.2: Reliability assessment (result 5)": 0.7501702308654785,
    "Step 3.2.2.2.2: Reliability assessment (result 4)": 1.0180227756500244,
    "Step 3.2.2.2.2: Reliability assessment (result 1)": 1.0944750308990479,
    "Step 3.1.2.2.2: Reliability assessment (result 2)": 0.5251848697662354,
    "Step 3.1.2.2.2: Reliability assessment (result 5)": 0.7346651554107666,
    "Step 3.1.2.2.2: Reliability assessment (result 3)": 1.27329683303833,
    "Step 3.2.2.1.2: Reliability assessment (result 2)": 1.2733561992645264,
    "Step 3.1.2.1.2: Reliability assessment (result 1)": 0.0014920234680175781,
    "Step 3.3.2.1.1.2: Google Search API (batch 2)": 0.8587210178375244,
    "Step 3.1.2.1.2: Reliability assessment (result 3)": 0.0019271373748779297,
    "Step 3.1.2.1.2: Reliability assessment (result 4)": 0.002001047134399414,
    "Step 3.2.2.1.2: Reliability assessment (result 4)": 1.6044096946716309,
    "Step 3.2.2.1.2: Reliability assessment (result 3)": 1.6850199699401855,
    "Step 3.1.2.1.2: Reliability assessment (result 2)": 0.6144697666168213,
    "Step 3.1.2.1.3: Content fetching (result 1)": 5.661035060882568,
    "Step 3.1.2.1.3: Content fetching (result 3)": 5.662680149078369,
    "Step 3.1.2.1.3: Content fetching (result 4)": 5.664725065231323,
    "Step 3.1.2.2.3: Content fetching (result 1)": 7.904916048049927,
    "Step 3.1.2.2.3: Content fetching (result 4)": 8.059587955474854,
    "Step 3.1.2.2.3: Content fetching (result 2)": 7.540738821029663,
    "Step 3.1.2.2.3: Content fetching (result 5)": 7.333333969116211,
    "Step 3.1.2.2.3: Content fetching (result 3)": 6.796864986419678,
    "Step 3.1.2.2.4: Evidence extraction (result 1)": 0.9471302032470703,
    "Step 3.1.2.1.4: Evidence extraction (result 3)": 2.827993154525757,
    "Step 3.1.2.1.4: Evidence extraction (result 4)": 2.8698220252990723,
    "Step 3.1.2.2.4: Evidence extraction (result 4)": 2.0644431114196777,
    "Step 3.1.2.1.3: Content fetching (result 2)": 8.28109073638916,
    "Step 3.1.2.2.4: Evidence extraction (result 2)": 2.720696210861206,
    "Step 3.1.2.1.4: Evidence extraction (result 1)": 3.8516221046447754,
    "Step 3.3.2.2.2: Reliability assessment (result 1)": 0.0038347244262695312,
    "Step 3.1.2.2.4: Evidence extraction (result 3)": 2.7981019020080566,
    "Step 3.3.2.2.2: Reliability assessment (result 4)": 0.4401581287384033,
    "Step 3.3.2.2.2: Reliability assessment (result 2)": 0.7538819313049316,
    "Step 3.3.2.2.2: Reliability assessment (result 5)": 0.9738502502441406,
    "Step 3.1.2.2.4: Evidence extraction (result 5)": 3.987663745880127,
    "Step 3.1.2: Search execution for claim 1 query 2": 16.296602249145508,
    "Step 3.2.2.1.3: Content fetching (result 1)": 13.948517084121704,
    "Step 3.1.2.1.4: Evidence extraction (result 2)": 4.161062002182007,
    "Step 3.1.2: Search execution for claim 1 query 1": 18.609068870544434,
    "Step 3.2.2.1.3: Content fetching (result 5)": 15.01986813545227,
    "Step 3.2.2.1.3: Content fetching (result 2)": 13.77026104927063,
    "Step 3.2.2.1.3: Content fetching (result 3)": 13.377941846847534,
    "Step 3.2.2.1.3: Content fetching (result 4)": 13.475428104400635,
    "Step 3.1.3: Verdict generation for claim 1": 2.2599470615386963,
    "Step 3.2.2.1.4: Evidence extraction (result 1)": 2.7901320457458496,
    "Step 3.3.2.2.3: Content fetching (result 1)": 6.402220726013184,
    "Step 3.3.2.2.3: Content fetching (result 4)": 5.968081951141357,
    "Step 3.3.2.2.3: Content fetching (result 2)": 5.656344175338745,
    "Step 3.3.2.2.3: Content fetching (result 5)": 5.438368082046509,
    "Step 3.2.2.2.3: Content fetching (result 3)": 17.591654062271118,
    "Step 3.2.2.2.3: Content fetching (result 2)": 17.593496084213257,
    "Step 3.2.2.2.3: Content fetching (result 5)": 17.506890058517456,
    "Step 3.2.2.2.3: Content fetching (result 4)": 17.241058826446533,
    "Step 3.2.2.2.3: Content fetching (result 1)": 17.166929960250854,
    "Step 3.2.2.1.4: Evidence extraction (result 3)": 2.649106979370117,
    "Step 3.2.2.1.4: Evidence extraction (result 2)": 2.9415862560272217,
    "Step 3.2.2.1.4: Evidence extraction (result 4)": 4.218806982040405,
    "Step 3.2.2.1.4: Evidence extraction (result 5)": 4.488924980163574,
    "Step 3.2.2: Search execution for claim 2 query 1": 26.930418968200684,
    "Step 3.3.2.2.4: Evidence extraction (result 1)": 2.5143280029296875,
    "Step 3.2.2.2.4: Evidence extraction (result 2)": 2.148170232772827,
    "Step 3.3.2.1.2: Reliability assessment (result 1)": 0.0014629364013671875,
    "Step 3.3.2.2.4: Evidence extraction (result 5)": 2.9590799808502197,
    "Step 3.3.2.1.2: Reliability assessment (result 5)": 0.8269960880279541,
    "Step 3.3.2.1.2: Reliability assessment (result 3)": 0.840461015701294,
    "Step 3.3.2.1.2: Reliability assessment (result 4)": 0.8407340049743652,
    "Step 3.3.2.1.2: Reliability assessment (result 2)": 0.8439879417419434,
    "Step 3.3.2.2.2: Reliability assessment (result 3)": 10.436337232589722,
    "Step 3.2.2.2.4: Evidence extraction (result 1)": 4.587149143218994,
    "Step 3.3.2.2.4: Evidence extraction (result 2)": 5.038960933685303,
    "Step 3.2.2.2.4: Evidence extraction (result 4)": 4.638556003570557,
    "Step 3.2.2.2.4: Evidence extraction (result 3)": 4.673915147781372,
    "Step 3.3.2.2.4: Evidence extraction (result 4)": 5.174836874008179,
    "Step 3.2.2.2.4: Evidence extraction (result 5)": 5.5143959522247314,
    "Step 3.2.2: Search execution for claim 2 query 2": 30.434892892837524,
    "Step 3.2.3: Verdict generation for claim 2": 2.3362979888916016,
    "Step 3.3.2.1.3: Content fetching (result 1)": 6.0271008014678955,
    "Step 3.3.2.1.3: Content fetching (result 5)": 5.203437805175781,
    "Step 3.3.2.1.3: Content fetching (result 4)": 5.19207501411438,
    "Step 3.3.2.1.3: Content fetching (result 3)": 5.194427728652954,
    "Step 3.3.2.1.3: Content fetching (result 2)": 5.193342924118042,
    "Step 3.3.2.1.4: Evidence extraction (result 4)": 4.117377042770386,
    "Step 3.3.2.1.4: Evidence extraction (result 2)": 4.331973075866699,
    "Step 3.3.2.1.2: Reliability assessment (result 6)": 10.49785590171814,
    "Step 3.3.2.1.4: Evidence extraction (result 5)": 5.114419937133789,
    "Step 3.3.2.1.4: Evidence extraction (result 3)": 5.115005254745483,
    "Step 3.3.2.1.4: Evidence extraction (result 1)": 5.133554935455322,
    "Step 3.3.2.2.3: Content fetching (result 3)": 20.025789737701416,
    "Step 3.3.2.2.4: Evidence extraction (result 3)": 2.4367339611053467,
    "Step 3.3.2: Search execution for claim 3 query 2": 48.01938986778259,
    "Step 3.3.2.1.3: Content fetching (result 6)": 20.017175912857056,