{
  "timing": {
    "total_seconds": 37.42651414871216,
    "Step 1: Transcript extraction": 0.9588878154754639,
    "Step 2: Claim extraction": 11.864208221435547,
    "Step 3.1.1: Query generation for claim 1": 2.8117902278900146,
    "Step 3.1.2.2.1.1: Google Search API (batch 1)": 0.9265899658203125,
    "Step 3.1.2.1.1.1: Google Search API (batch 1)": 1.162106990814209,
    "Step 3.1.2.1.2: Reliability assessment (result 3)": 0.3381621837615967,
    "Step 3.1.2.2.2: Reliability assessment (result 2)": 0.0004220008850097656,
    "Step 3.1.2.1.2: Reliability assessment (result 1)": 0.5646347999572754,
    "Step 3.1.2.1.2: Reliability assessment (result 2)": 0.5752410888671875,
    "Step 3.1.2.2.2: Reliability assessment (result 6)": 0.26595616340637207,
    "Step 3.1.2.2.2: Reliability assessment (result 5)": 0.2661290168762207,
    "Step 3.1.2.2.2: Reliability assessment (result 1)": 0.26737308502197266,
    "Step 3.1.2.2.2: Reliability assessment (result 3)": 0.2674250602722168,
    "Step 3.1.2.1.2: Reliability assessment (result 4)": 0.7208671569824219,
    "Step 3.1.2.1.2: Reliability assessment (result 6)": 0.735450029373169,
    "Step 3.1.2.1.2: Reliability assessment (result 5)": 0.7367868423461914,
    "Step 3.1.2.2.2: Reliability assessment (result 4)": 0.5504581928253174,
    "Step 3.1.2.2.3: Content fetching (result 2)": 7.220408201217651,
    "Step 3.1.2.2.3: Content fetching (result 6)": 6.957696914672852,
    "Step 3.1.2.2.3: Content fetching (result 5)": 6.959904909133911,
    "Step 3.1.2.2.3: Content fetching (result 1)": 6.961496829986572,
    "Step 3.1.2.2.3: Content fetching (result 4)": 6.6807332038879395,
    "Step 3.1.2.2.3: Content fetching (result 3)": 6.966245174407959,
    "Step 3.1.2.2.4: Evidence extraction (result 4)": 2.538538694381714,
    "Step 3.1.2.1.3: Content fetching (result 3)": 9.802919149398804,
    "Step 3.1.2.1.3: Content fetching (result 1)": 9.578640937805176,
    "Step 3.1.2.1.3: Content fetching (result 2)": 9.569939136505127,
    "Step 3.1.2.1.3: Content fetching (result 4)": 9.420055866241455,
    "Step 3.1.2.1.3: Content fetching (result 6)": 9.41307282447815,
    "Step 3.1.2.1.3: Content fetching (result 5)": 9.4117910861969,
    "Step 3.1.2.2.4: Evidence extraction (result 5)": 3.120819091796875,
    "Step 3.1.2.2.4: Evidence extraction (result 6)": 3.186659097671509,
    "Step 3.1.2.2.4: Evidence extraction (result 1)": 3.5090832710266113,
    "Step 3.1.2.2.4: Evidence extraction (result 2)": 3.7601771354675293,
    "Step 3.1.2.2.4: Evidence extraction (result 3)": 3.7594571113586426,
    "Step 3.1.2: Search execution for claim 1 query 2": 16.85452699661255,
    "Step 3.1.2.1.4: Evidence extraction (result 1)": 3.5544631481170654,
    "Step 3.1.2.1.4: Evidence extraction (result 3)": 3.622792959213257,
    "Step 3.1.2.1.4: Evidence extraction (result 2)": 3.637462854385376,
    "Step 3.1.2.1.4: Evidence extraction (result 6)": 3.785768985748291,
    "Step 3.1.2.1.4: Evidence extraction (result 4)": 3.890064239501953,
    "Step 3.1.2.1.4: Evidence extraction (result 5)": 3.9109346866607666,
    "Step 3.1.2: Search execution for claim 1 query 1": 19.676831007003784,
    "Step 3.1.3: Verdict generation for claim 1": 1.9184412956237793,
    "Step 3: Query generation + search + verdicts for all claims (PARALLEL)": 24.40832209587097,
    "Step 4: Sort and assemble final output": 0.0001049041748046875
  },
  "llm": {
    "total_calls": 15,
    "total_cost_usd": 0.00316065,
    "total_latency_seconds": 55.35
  },
  "claims_extracted": 1,
  "success": true,
  "error": null
}
