{
  "timing": {
    "total_seconds": 120.0813820362091,
    "Step 1: Transcript extraction": 1.0402989387512207,
    "Step 2: Claim extraction": 23.246672868728638,
    "Step 3.2.1: Query generation for claim 2": 2.161895990371704,
    "Step 3.4.1: Query generation for claim 4": 2.281048059463501,
    "Step 3.1.1: Query generation for claim 1": 2.283515691757202,
    "Step 3.3.1: Query generation for claim 3": 2.449841022491455,
    "Step 3.1.2.2.1.1: Google Search API (batch 1)": 0.9646458625793457,
    "Step 3.3.2.1.1.1: Google Search API (batch 1)": 0.9225788116455078,
    "Step 3.1.2.1.1.1: Google Search API (batch 1)": 1.0696401596069336,
    "Step 3.4.2.1.1.1: Google Search API (batch 1)": 1.1660590171813965,
    "Step 3.4.2.2.1.1: Google Search API (batch 1)": 1.1681840419769287,
    "Step 3.2.2.1.1.1: Google Search API (batch 1)": 1.36220383644104,
    "Step 3.3.2.2.1.1: Google Search API (batch 1)": 1.1160812377929688,
    "Step 3.2.2.2.1.1: Google Search API (batch 1)": 1.4703481197357178,
    "Step 3.3.2.2.2: Reliability assessment (result 3)": 0.0007779598236083984,
    "Step 3.3.2.2.2: Reliability assessment (result 5)": 0.0008509159088134766,
    "Step 3.3.2.2.2: Reliability assessment (result 1)": 0.6416440010070801,
    "Step 3.3.2.2.2: Reliability assessment (result 2)": 0.641671895980835,
    "Step 3.4.2.1.2: Reliability assessment (result 2)": 0.31675291061401367,
    "Step 3.4.2.1.2: Reliability assessment (result 4)": 0.3168778419494629,
    "Step 3.3.2.2.2: Reliability assessment (result 4)": 0.642859935760498,
    "Step 3.4.2.1.2: Reliability assessment (result 1)": 0.3174312114715576,
    "Step 3.4.2.1.2: Reliability assessment (result 5)": 0.6656448841094971,
    "Step 3.4.2.1.2: Reliability assessment (result 3)": 0.6657638549804688,
    "Step 3.3.2.1.2: Reliability assessment (result 2)": 0.3502488136291504,
    "Step 3.3.2.1.2: Reliability assessment (result 4)": 0.35083699226379395,
    "Step 3.3.2.2.2: Reliability assessment (result 6)": 0.9929220676422119,
    "Step 3.3.2.1.2: Reliability assessment (result 5)": 0.3512082099914551,
    "Step 3.3.2.1.2: Reliability assessment (result 6)": 0.3512430191040039,
    "Step 3.3.2.1.2: Reliability assessment (result 3)": 0.35155725479125977,
    "Step 3.3.2.1.2: Reliability assessment (result 1)": 0.3515968322753906,
    "Step 3.1.2.2.2: Reliability assessment (result 3)": 0.32532501220703125,
    "Step 3.1.2.2.2: Reliability assessment (result 4)": 0.32547903060913086,
    "Step 3.1.2.2.2: Reliability assessment (result 5)": 1.005497932434082,
    "Step 3.1.2.2.2: Reliability assessment (result 2)": 1.0496211051940918,
    "Step 3.1.2.2.2: Reliability assessment (result 6)": 1.2962417602539062,
    "Step 3.1.2.2.2: Reliability assessment (result 1)": 2.0035181045532227,
    "Step 3.2.2.1.2: Reliability assessment (result 1)": 3.7391040325164795,
    "Step 3.2.2.1.2: Reliability assessment (result 2)": 3.739260196685791,
    "Step 3.2.2.1.2: Reliability assessment (result 3)": 4.876534938812256,
    "Step 3.2.2.1.2: Reliability assessment (result 4)": 5.542675256729126,
    "Step 3.2.2.1.2: Reliability assessment (result 5)": 5.543050050735474,
    "Step 3.2.2.1.2: Reliability assessment (result 6)": 6.3589699268341064,
    "Step 3.1.2.2.3: Content fetching (result 3)": 8.851444005966187,
    "Step 3.1.2.2.3: Content fetching (result 4)": 11.923149108886719,
    "Step 3.5.1: Query generation for claim 5": 20.13378882408142,
    "Step 3.4.2.1.3: Content fetching (result 2)": 13.518409013748169,
    "Step 3.4.2.2.2: Reliability assessment (result 2)": 12.164612770080566,
    "Step 3.4.2.2.2: Reliability assessment (result 3)": 12.164628028869629,
    "Step 3.4.2.1.3: Content fetching (result 4)": 13.520014762878418,
    "Step 3.4.2.1.3: Content fetching (result 1)": 13.521446943283081,
    "Step 3.4.2.1.3: Content fetching (result 3)": 13.175209999084473,
    "Step 3.4.2.1.3: Content fetching (result 5)": 13.1772141456604,
    "Step 3.2.2.2.2: Reliability assessment (result 2)": 12.17203688621521,
    "Step 3.4.2.2.2: Reliability assessment (result 1)": 12.515578031539917,
    "Step 3.2.2.2.2: Reliability assessment (result 4)": 12.515369176864624,
    "Step 3.4.2.2.2: Reliability assessment (result 5)": 12.984333992004395,
    "Step 3.2.2.2.2: Reliability assessment (result 3)": 13.336338758468628,
    "Step 3.2.2.2.2: Reliability assessment (result 1)": 13.355566024780273,
    "Step 3.4.2.2.2: Reliability assessment (result 4)": 13.367492914199829,
    "Step 3.4.2.2.2: Reliability assessment (result 6)": 13.437617063522339,
    "Step 3.2.2.2.2: Reliability assessment (result 5)": 13.692573070526123,
    "Step 3.3.2.2.3: Content fetching (result 3)": 16.293360710144043,
    "Step 3.1.2.1.2: Reliability assessment (result 2)": 11.88950514793396,
    "Step 3.2.2.2.2: Reliability assessment (result 6)": 14.3060941696167,
    "Step 3.3.2.2.3: Content fetching (result 4)": 15.665078163146973,
    "Step 3.3.2.2.3: Content fetching (result 1)": 15.669326066970825,
    "Step 3.3.2.2.3: Content fetching (result 5)": 16.312386989593506,
    "Step 3.3.2.2.3: Content fetching (result 2)": 15.676262140274048,
    "Step 3.3.2.2.3: Content fetching (result 6)": 15.327406167984009,
    "Step 3.1.2.1.2: Reliability assessment (result 5)": 12.481405019760132,
    "Step 3.1.2.1.2: Reliability assessment (result 1)": 12.51237678527832,
    "Step 3.3.2.1.3: Content fetching (result 2)": 16.439958095550537,
    "Step 3.3.2.1.3: Content fetching (result 4)": 16.442184925079346,
    "Step 3.3.2.1.3: Content fetching (result 5)": 16.443937063217163,
    "Step 3.3.2.1.3: Content fetching (result 6)": 16.446648836135864,
    "Step 3.3.2.1.3: Content fetching (result 3)": 16.448634147644043,
    "Step 3.3.2.1.3: Content fetching (result 1)": 16.45088505744934,
    "Step 3.1.2.1.2: Reliability assessment (result 3)": 13.078468799591064,
    "Step 3.1.2.1.2: Reliability assessment (result 4)": 13.137221097946167,
    "Step 3.1.2.2.3: Content fetching (result 5)": 19.86409091949463,
    "Step 3.1.2.2.3: Content fetching (result 2)": 19.821836233139038,
    "Step 3.1.2.2.3: Content fetching (result 6)": 19.577389001846313,
    "Step 3.1.2.2.3: Content fetching (result 1)": 18.87401795387268,
    "Step 3.1.2.1.3: Content fetching (result 2)": 10.082970142364502,
    "Step 3.2.2.1.3: Content fetching (result 1)": 25.073601961135864,
    "Step 3.2.2.1.3: Content fetching (result 2)": 25.07657814025879,
    "Step 3.2.2.1.3: Content fetching (result 3)": 23.942217350006104,
    "Step 3.2.2.1.3: Content fetching (result 4)": 23.28758978843689,
    "Step 3.2.2.1.3: Content fetching (result 5)": 23.289700269699097,
    "Step 3.2.2.1.3: Content fetching (result 6)": 22.476671934127808,
    "Step 3.4.2.1.4: Evidence extraction (result 5)": 16.35409688949585,
    "Step 3.3.2.2.4: Evidence extraction (result 3)": 14.782101154327393,
    "Step 3.3.2.2.4: Evidence extraction (result 5)": 14.870699644088745,
    "Step 3.3.2.2.4: Evidence extraction (result 4)": 14.923480987548828,
    "Step 3.4.2.1.4: Evidence extraction (result 3)": 17.80054473876953,
    "Step 3.3.2.1.4: Evidence extraction (result 6)": 14.543766021728516,
    "Step 3.4.2.1.4: Evidence extraction (result 1)": 17.870999813079834,
    "Step 3.4.2.1.4: Evidence extraction (result 2)": 18.046613931655884,
    "Step 3.4.2.1.4: Evidence extraction (result 4)": 18.146876096725464,
    "Step 3.4.2: Search execution for claim 4 query 1": 36.97865676879883,
    "Step 3.1.2.2.4: Evidence extraction (result 5)": 10.605220794677734,
    "Step 3.3.2.1.4: Evidence extraction (result 3)": 15.05995488166809,
    "Step 3.1.2.2.4: Evidence extraction (result 6)": 10.671369791030884,
    "Step 3.1.2.2.4: Evidence extraction (result 4)": 19.5943660736084,
    "Step 3.1.2.2.4: Evidence extraction (result 3)": 23.431764841079712,
    "Step 3.1.2.2.4: Evidence extraction (result 2)": 11.93267011642456,
    "Step 3.3.2.1.4: Evidence extraction (result 5)": 16.519704818725586,