{
  "timing": {
    "total_seconds": 52.61752724647522,
    "Step 1: Transcript extraction": 1.09322190284729,
    "Step 2: Claim extraction": 13.49443507194519,
    "Step 3.1.1: Query generation for claim 1": 1.7567408084869385,
    "Step 3.3.1: Query generation for claim 3": 2.0223548412323,
    "Step 3.2.1: Query generation for claim 2": 2.121941089630127,
    "Step 3.1.2.1.1.1: Google Search API (batch 1)": 0.9877262115478516,
    "Step 3.1.2.2.1.1: Google Search API (batch 1)": 0.9806411266326904,
    "Step 3.2.2.2.1.1: Google Search API (batch 1)": 0.9734430313110352,
    "Step 3.3.2.1.1.1: Google Search API (batch 1)": 1.1389219760894775,
    "Step 3.3.2.2.1.1: Google Search API (batch 1)": 1.1092841625213623,
    "Step 3.2.2.1.1.1: Google Search API (batch 1)": 1.14005708694458,
    "Step 3.3.2.1.2: Reliability assessment (result 1)": 0.0003452301025390625,
    "Step 3.3.2.1.2: Reliability assessment (result 2)": 0.0003788471221923828,
    "Step 3.3.2.1.2: Reliability assessment (result 3)": 0.0005791187286376953,
    "Step 3.3.2.2.2: Reliability assessment (result 2)": 0.0002567768096923828,
    "Step 3.3.2.2.2: Reliability assessment (result 5)": 0.0006830692291259766,
    "Step 3.1.2.2.2: Reliability assessment (result 5)": 0.0005941390991210938,
    "Step 3.3.2.2.2: Reliability assessment (result 4)": 0.6769561767578125,
    "Step 3.1.2.2.2: Reliability assessment (result 4)": 0.3272593021392822,
    "Step 3.1.2.2.2: Reliability assessment (result 6)": 0.3273472785949707,
    "Step 3.1.2.1.2: Reliability assessment (result 6)": 0.3357827663421631,
    "Step 3.3.2.2.2: Reliability assessment (result 1)": 1.0328960418701172,
    "Step 3.3.2.2.2: Reliability assessment (result 3)": 1.0393249988555908,
    "Step 3.1.2.2.2: Reliability assessment (result 1)": 0.722092866897583,
    "Step 3.2.2.2.2: Reliability assessment (result 1)": 0.3304769992828369,
    "Step 3.1.2.2.2: Reliability assessment (result 2)": 1.0220022201538086,
    "Step 3.1.2.1.2: Reliability assessment (result 5)": 0.6951911449432373,
    "Step 3.1.2.2.2: Reliability assessment (result 3)": 1.0585577487945557,
    "Step 3.1.2.1.2: Reliability assessment (result 2)": 0.7357418537139893,
    "Step 3.2.2.2.2: Reliability assessment (result 2)": 0.6004900932312012,
    "Step 3.2.2.2.2: Reliability assessment (result 3)": 0.6410808563232422,
    "Step 3.2.2.2.2: Reliability assessment (result 4)": 0.642662763595581,
    "Step 3.2.2.2.2: Reliability assessment (result 5)": 0.6461770534515381,
    "Step 3.2.2.2.2: Reliability assessment (result 6)": 0.674314022064209,
    "Step 3.1.2.1.2: Reliability assessment (result 1)": 1.159715175628662,
    "Step 3.1.2.1.2: Reliability assessment (result 4)": 1.1645948886871338,
    "Step 3.1.2.1.2: Reliability assessment (result 3)": 1.171247959136963,
    "Step 3.2.2.2.3: Content fetching (result 1)": 2.2196907997131348,
    "Step 3.2.2.2.3: Content fetching (result 2)": 3.0142009258270264,
    "Step 3.2.2.2.3: Content fetching (result 3)": 4.754733085632324,
    "Step 3.1.2.1.3: Content fetching (result 6)": 6.374794006347656,
    "Step 3.1.2.1.3: Content fetching (result 5)": 6.017323017120361,
    "Step 3.1.2.1.3: Content fetching (result 2)": 5.978886842727661,
    "Step 3.3.2.1.3: Content fetching (result 1)": 9.816351413726807,
    "Step 3.3.2.1.3: Content fetching (result 2)": 9.81967282295227,
    "Step 3.3.2.1.3: Content fetching (result 3)": 9.822408199310303,
    "Step 3.2.2.1.2: Reliability assessment (result 1)": 0.0013501644134521484,
    "Step 3.2.2.2.3: Content fetching (result 4)": 8.448264122009277,
    "Step 3.2.2.1.2: Reliability assessment (result 3)": 0.04965400695800781,
    "Step 3.3.2.2.3: Content fetching (result 2)": 10.435532093048096,
    "Step 3.3.2.2.3: Content fetching (result 4)": 9.77581787109375,
    "Step 3.2.2.1.2: Reliability assessment (result 6)": 0.39993810653686523,
    "Step 3.3.2.2.3: Content fetching (result 3)": 9.416085004806519,
    "Step 3.3.2.2.3: Content fetching (result 1)": 9.424141883850098,
    "Step 3.3.2.2.3: Content fetching (result 5)": 10.458280086517334,
    "Step 3.2.2.1.2: Reliability assessment (result 2)": 0.7597520351409912,
    "Step 3.2.2.2.3: Content fetching (result 5)": 9.467292070388794,
    "Step 3.2.2.2.3: Content fetching (result 6)": 9.443122863769531,
    "Step 3.3.2.1.4: Evidence extraction (result 1)": 3.0311663150787354,
    "Step 3.3.2.2.4: Evidence extraction (result 1)": 1.3015217781066895,
    "Step 3.3.2.2.4: Evidence extraction (result 4)": 1.3077776432037354,
    "Step 3.3.2.2.4: Evidence extraction (result 3)": 1.3079109191894531,
    "Step 3.3.2.2.4: Evidence extraction (result 5)": 1.3062260150909424,
    "Step 3.2.2.1.2: Reliability assessment (result 5)": 1.750028133392334,
    "Step 3.3.2.1.4: Evidence extraction (result 2)": 4.35617208480835,
    "Step 3.1.2.1.4: Evidence extraction (result 2)": 5.32633113861084,
    "Step 3.2.2.2.4: Evidence extraction (result 5)": 1.623495101928711,
    "Step 3.2.2.2.4: Evidence extraction (result 6)": 1.6922998428344727,
    "Step 3.1.2.1.4: Evidence extraction (result 5)": 5.452108860015869,
    "Step 3.1.2.1.4: Evidence extraction (result 6)": 5.554704904556274,
    "Step 3.3.2.1.4: Evidence extraction (result 3)": 4.617033958435059,
    "Step 3.3.2: Search execution for claim 3 query 1": 18.24240279197693,
    "Step 3.2.2.2.4: Evidence extraction (result 4)": 2.9486310482025146,
    "Step 3.3.2.2.4: Evidence extraction (result 2)": 2.6166372299194336,
    "Step 3.3.2: Search execution for claim 3 query 2": 18.27955722808838,
    "Step 3.2.2.2.4: Evidence extraction (result 3)": 6.737927198410034,
    "Step 3.2.2.2.4: Evidence extraction (result 2)": 8.736295938491821,
    "Step 3.2.2.2.4: Evidence extraction (result 1)": 10.106412887573242,
    "Step 3.2.2: Search execution for claim 2 query 2": 18.806080102920532,
    "Step 3.1.2.1.3: Content fetching (result 1)": 12.936321020126343,
    "Step 3.1.2.1.3: Content fetching (result 4)": 12.933171033859253,
    "Step 3.1.2.1.3: Content fetching (result 3)": 12.928837776184082,
    "Step 3.1.2.2.3: Content fetching (result 5)": 14.603078842163086,
    "Step 3.1.2.2.3: Content fetching (result 4)": 14.284649848937988,
    "Step 3.1.2.2.3: Content fetching (result 6)": 14.286458015441895,
    "Step 3.1.2.2.3: Content fetching (result 1)": 13.89336609840393,
    "Step 3.1.2.2.3: Content fetching (result 2)": 13.59539008140564,
    "Step 3.1.2.2.3: Content fetching (result 3)": 13.56088399887085,
    "Step 3.1.2.2.4: Evidence extraction (result 3)": 1.6085638999938965,
    "Step 3.3.3: Verdict generation for claim 3": 3.6415700912475586,
    "Step 3.1.2.2.4: Evidence extraction (result 6)": 1.8650188446044922,
    "Step 3.1.2.2.4: Evidence extraction (result 5)": 1.9007978439331055,
    "Step 3.1.2.1.4: Evidence extraction (result 1)": 2.088592052459717,
    "Step 3.1.2.2.4: Evidence extraction (result 1)": 1.990757942199707,
    "Step 3.1.2.1.4: Evidence extraction (result 4)": 2.200334072113037,
    "Step 3.1.2.2.4: Evidence extraction (result 4)": 2.019960880279541,
    "Step 3.1.2.2.4: Evidence extraction (result 2)": 2.1135847568511963,
    "Step 3.1.2: Search execution for claim 1 query 2": 22.546261072158813,
    "Step 3.1.2.1.4: Evidence extraction (result 3)": 2.394329071044922,
    "Step 3.1.2: Search execution for claim 1 query 1": 22.72834300994873,
    "Step 3.2.2.1.2: Reliability assessment (result 4)": 7.215366840362549,
    "Step 3.1.3: Verdict generation for claim 1": 1.5830719470977783,
    "Step 3.2.2.1.3: Content fetching (result 1)": 13.582005977630615,
    "Step 3.2.2.1.3: Content fetching (result 3)": 13.53556203842163,
    "Step 3.2.2.1.3: Content fetching (result 6)": 13.189131021499634,
    "Step 3.2.2.1.3: Content fetching (result 2)": 12.831954956054688,
    "Step 3.2.2.1.3: Content fetching (result 5)": 11.84319806098938,
    "Step 3.2.2.1.3: Content fetching (result 4)": 6.379900217056274,