{
  "timing": {
    "total_seconds": 100.74276995658875,
    "Step 1: Transcript extraction": 1.1183481216430664,
    "Step 2: Claim extraction": 12.97079086303711,
    "Step 3.1.1: Query generation for claim 1": 11.418250799179077,
    "Step 3.3.1: Query generation for claim 3": 11.537805080413818,
    "Step 3.3.2.1.1.1: Google Search API (batch 1)": 1.0738229751586914,
    "Step 3.1.2.1.1.1: Google Search API (batch 1)": 1.1632158756256104,
    "Step 3.1.2.2.1.1: Google Search API (batch 1)": 1.1233868598937988,
    "Step 3.3.2.2.1.1: Google Search API (batch 1)": 1.0402019023895264,
    "Step 3.1.2.2.2: Reliability assessment (result 2)": 0.0006511211395263672,
    "Step 3.1.2.2.2: Reliability assessment (result 4)": 0.0011870861053466797,
    "Step 3.1.2.2.2: Reliability assessment (result 6)": 0.0013048648834228516,
    "Step 3.1.2.2.2: Reliability assessment (result 3)": 0.6034059524536133,
    "Step 3.1.2.2.2: Reliability assessment (result 5)": 0.7050387859344482,
    "Step 3.1.2.2.2: Reliability assessment (result 1)": 1.048799991607666,
    "Step 3.3.2.2.2: Reliability assessment (result 2)": 0.0004947185516357422,
    "Step 3.3.2.2.2: Reliability assessment (result 4)": 0.0006682872772216797,
    "Step 3.1.2.1.2: Reliability assessment (result 2)": 0.00043010711669921875,
    "Step 3.1.2.1.2: Reliability assessment (result 1)": 0.3204810619354248,
    "Step 3.1.2.1.2: Reliability assessment (result 4)": 0.5967810153961182,
    "Step 3.3.2.2.2: Reliability assessment (result 3)": 1.047896146774292,
    "Step 3.3.2.2.2: Reliability assessment (result 1)": 1.063999891281128,
    "Step 3.3.2.2.2: Reliability assessment (result 5)": 1.0639588832855225,
    "Step 3.3.2.2.2: Reliability assessment (result 6)": 1.1083521842956543,
    "Step 3.1.2.1.2: Reliability assessment (result 3)": 0.9221620559692383,
    "Step 3.1.2.1.2: Reliability assessment (result 5)": 0.9249858856201172,
    "Step 3.2.1: Query generation for claim 2": 20.86587429046631,
    "Step 3.1.2.1.3: Content fetching (result 2)": 8.85309910774231,
    "Step 3.1.2.1.3: Content fetching (result 5)": 8.052077054977417,
    "Step 3.1.2.1.3: Content fetching (result 1)": 8.7463219165802,
    "Step 3.1.2.1.3: Content fetching (result 4)": 8.561967134475708,
    "Step 3.1.2.1.3: Content fetching (result 3)": 8.328027248382568,
    "Step 3.2.2.2.1.1: Google Search API (batch 1)": 6.483633279800415,
    "Step 3.2.2.1.1.1: Google Search API (batch 1)": 6.93073296546936,
    "Step 3.3.2.1.2: Reliability assessment (result 1)": 0.001043081283569336,
    "Step 3.3.2.1.2: Reliability assessment (result 3)": 0.0011281967163085938,
    "Step 3.1.2.2.3: Content fetching (result 2)": 12.324849843978882,
    "Step 3.1.2.2.3: Content fetching (result 4)": 12.3295259475708,
    "Step 3.1.2.2.3: Content fetching (result 6)": 12.331445932388306,
    "Step 3.1.2.2.3: Content fetching (result 3)": 11.731702089309692,
    "Step 3.1.2.2.3: Content fetching (result 5)": 11.632580041885376,
    "Step 3.1.2.2.3: Content fetching (result 1)": 11.291306972503662,
    "Step 3.3.2.1.2: Reliability assessment (result 6)": 0.9555301666259766,
    "Step 3.3.2.1.2: Reliability assessment (result 4)": 1.043330192565918,
    "Step 3.3.2.1.2: Reliability assessment (result 2)": 1.0846338272094727,
    "Step 3.1.2.1.4: Evidence extraction (result 3)": 1.9864227771759033,
    "Step 3.1.2.1.4: Evidence extraction (result 5)": 2.8177530765533447,
    "Step 3.2.2.2.2: Reliability assessment (result 1)": 0.0029201507568359375,
    "Step 3.2.2.2.2: Reliability assessment (result 2)": 0.003030061721801758,
    "Step 3.2.2.2.2: Reliability assessment (result 3)": 0.0032300949096679688,
    "Step 3.2.2.2.2: Reliability assessment (result 4)": 0.0034949779510498047,
    "Step 3.1.2.1.4: Evidence extraction (result 1)": 3.0752570629119873,
    "Step 3.1.2.1.4: Evidence extraction (result 4)": 3.366647958755493,
    "Step 3.2.2.2.2: Reliability assessment (result 6)": 1.0192010402679443,
    "Step 3.2.2.2.2: Reliability assessment (result 5)": 1.0504608154296875,
    "Step 3.3.2.2.3: Content fetching (result 2)": 14.543550968170166,
    "Step 3.3.2.2.3: Content fetching (result 4)": 14.72029423713684,
    "Step 3.3.2.2.3: Content fetching (result 3)": 13.84109091758728,
    "Step 3.3.2.2.3: Content fetching (result 1)": 13.987408876419067,
    "Step 3.3.2.2.3: Content fetching (result 5)": 14.151979923248291,
    "Step 3.3.2.2.3: Content fetching (result 6)": 14.264398097991943,
    "Step 3.3.2.1.2: Reliability assessment (result 5)": 10.488869190216064,
    "Step 3.2.2.1.2: Reliability assessment (result 1)": 0.0006289482116699219,
    "Step 3.2.2.1.2: Reliability assessment (result 2)": 0.0006232261657714844,
    "Step 3.2.2.1.2: Reliability assessment (result 3)": 0.0006511211395263672,
    "Step 3.2.2.1.2: Reliability assessment (result 5)": 0.0006449222564697266,
    "Step 3.2.2.1.2: Reliability assessment (result 4)": 1.224226951599121,
    "Step 3.3.2.1.3: Content fetching (result 1)": 15.460271120071411,
    "Step 3.3.2.1.3: Content fetching (result 3)": 15.819708824157715,
    "Step 3.3.2.1.3: Content fetching (result 6)": 14.867558240890503,
    "Step 3.3.2.1.3: Content fetching (result 4)": 14.781543254852295,
    "Step 3.3.2.1.3: Content fetching (result 2)": 14.744310140609741,
    "Step 3.3.2.1.3: Content fetching (result 5)": 5.3424341678619385,
    "Step 3.1.2.1.4: Evidence extraction (result 2)": 18.219594955444336,
    "Step 3.1.2: Search execution for claim 1 query 1": 33.842495918273926,
    "Step 3.1.2.2.4: Evidence extraction (result 2)": 18.122777223587036,
    "Step 3.1.2.2.4: Evidence extraction (result 3)": 18.135768175125122,
    "Step 3.1.2.2.4: Evidence extraction (result 5)": 18.156137943267822,
    "Step 3.1.2.2.4: Evidence extraction (result 6)": 18.212598085403442,
    "Step 3.1.2.2.4: Evidence extraction (result 4)": 18.21559500694275,
    "Step 3.1.2.2.4: Evidence extraction (result 1)": 18.40505599975586,
    "Step 3.1.2: Search execution for claim 1 query 2": 35.433857917785645,
    "Step 3.2.2.1.3: Content fetching (result 1)": 6.765110015869141,
    "Step 3.2.2.1.3: Content fetching (result 2)": 6.777939081192017,
    "Step 3.2.2.1.3: Content fetching (result 3)": 6.780026197433472,
    "Step 3.2.2.1.3: Content fetching (result 5)": 6.781977891921997,
    "Step 3.2.2.1.3: Content fetching (result 4)": 5.560367107391357,
    "Step 3.3.2.2.4: Evidence extraction (result 4)": 18.059624910354614,
    "Step 3.3.2.2.4: Evidence extraction (result 2)": 18.286267042160034,
    "Step 3.3.2.2.4: Evidence extraction (result 3)": 18.018518924713135,
    "Step 3.3.2.2.4: Evidence extraction (result 1)": 18.24347424507141,
    "Step 3.3.2.2.4: Evidence extraction (result 5)": 18.25651717185974,
    "Step 3.3.2.2.4: Evidence extraction (result 6)": 18.154882192611694,
    "Step 3.3.2: Search execution for claim 3 query 2": 39.76279973983765,
    "Step 3.2.2.1.2: Reliability assessment (result 6)": 10.691942930221558,
    "Step 3.2.2.1.3: Content fetching (result 6)": 3.8251290321350098,
    "Step 3.2.2.2.3: Content fetching (result 5)": 25.740068912506104,
    "Step 3.2.2.2.3: Content fetching (result 1)": 27.300058126449585,
    "Step 3.2.2.2.3: Content fetching (result 2)": 27.30486512184143,
    "Step 3.2.2.2.3: Content fetching (result 3)": 27.306761980056763,
    "Step 3.2.2.2.3: Content fetching (result 4)": 27.308459043502808,
    "Step 3.2.2.2.3: Content fetching (result 6)": 26.294645071029663,
    "Step 3.3.2.1.4: Evidence extraction (result 1)": 18.063594102859497,
    "Step 3.3.2.1.4: Evidence extraction (result 4)": 18.049705982208252,
    "Step 3.3.2.1.4: Evidence extraction (result 3)": 18.138557195663452,
    "Step 3.3.2.1.4: Evidence extraction (result 6)": 18.147687911987305,
    "Step 3.1.3: Verdict generation for claim 1": 17.997965812683105,
    "Step 3.2.2.1.4: Evidence extraction (result 3)": 17.874264001846313,
    "Step 3.2.2.1.4: Evidence extraction (result 2)": 17.87932801246643,