{
  "timing": {
    "total_seconds": 97.41291689872742,
    "Step 1: Transcript extraction": 1.3406848907470703,
    "Step 2: Claim extraction": 37.174651861190796,
    "Step 3.1.1: Query generation for claim 1": 3.3968608379364014,
    "Step 3.1.2.2.1.1: Google Search API (batch 1)": 1.0200750827789307,
    "Step 3.1.2.1.1.1: Google Search API (batch 1)": 1.2608680725097656,
    "Step 3.1.2.1.2: Reliability assessment (result 1)": 0.0002849102020263672,
    "Step 3.1.2.1.2: Reliability assessment (result 2)": 0.0005900859832763672,
    "Step 3.1.2.1.2: Reliability assessment (result 3)": 0.0007610321044921875,
    "Step 3.1.2.1.2: Reliability assessment (result 4)": 0.0010008811950683594,
    "Step 3.1.2.1.2: Reliability assessment (result 6)": 0.033119916915893555,
    "Step 3.1.2.2.2: Reliability assessment (result 1)": 0.0005297660827636719,
    "Step 3.1.2.2.2: Reliability assessment (result 2)": 0.0005459785461425781,
    "Step 3.1.2.2.2: Reliability assessment (result 3)": 0.0007491111755371094,
    "Step 3.1.2.2.2: Reliability assessment (result 4)": 0.0010068416595458984,
    "Step 3.1.2.2.2: Reliability assessment (result 6)": 0.0013561248779296875,
    "Step 3.1.2.1.2: Reliability assessment (result 5)": 0.8614060878753662,
    "Step 3.1.2.2.2: Reliability assessment (result 5)": 1.1175479888916016,
    "Step 3.1.2.2.3: Content fetching (result 1)": 10.72983694076538,
    "Step 3.1.2.2.3: Content fetching (result 2)": 10.732156991958618,
    "Step 3.1.2.2.3: Content fetching (result 3)": 10.733471870422363,
    "Step 3.1.2.2.3: Content fetching (result 4)": 10.734799861907959,
    "Step 3.1.2.2.3: Content fetching (result 6)": 10.736628770828247,
    "Step 3.1.2.2.3: Content fetching (result 5)": 9.62263011932373,
    "Step 3.1.2.1.3: Content fetching (result 1)": 12.680469989776611,
    "Step 3.1.2.1.3: Content fetching (result 2)": 12.683773756027222,
    "Step 3.1.2.1.3: Content fetching (result 4)": 12.653276920318604,
    "Step 3.1.2.1.3: Content fetching (result 6)": 12.655181169509888,
    "Step 3.1.2.1.3: Content fetching (result 3)": 12.6896231174469,
    "Step 3.1.2.1.3: Content fetching (result 5)": 11.831371068954468,
    "Step 3.1.2.2.4: Evidence extraction (result 3)": 3.7240302562713623,
    "Step 3.1.2.2.4: Evidence extraction (result 1)": 3.8886871337890625,
    "Step 3.1.2.2.4: Evidence extraction (result 4)": 4.126689910888672,
    "Step 3.1.2.2.4: Evidence extraction (result 2)": 4.234941005706787,
    "Step 3.1.2.2.4: Evidence extraction (result 6)": 4.267682790756226,
    "Step 3.1.2.2.4: Evidence extraction (result 5)": 4.491901159286499,
    "Step 3.1.2: Search execution for claim 1 query 2": 18.838033199310303,
    "Step 3.1.2.1.4: Evidence extraction (result 4)": 18.243655920028687,
    "Step 3.1.2.1.4: Evidence extraction (result 2)": 18.285442113876343,
    "Step 3.1.2.1.4: Evidence extraction (result 1)": 18.290307760238647,
    "Step 3.1.2.1.4: Evidence extraction (result 3)": 18.30515480041504,
    "Step 3.1.2.1.4: Evidence extraction (result 5)": 18.364627838134766,
    "Step 3.1.2.1.4: Evidence extraction (result 6)": 18.397309064865112,
    "Step 3.1.2: Search execution for claim 1 query 1": 34.41444492340088,
    "Step 3.1.3: Verdict generation for claim 1": 20.880275011062622,
    "Step 3: Query generation + search + verdicts for all claims (PARALLEL)": 58.69303607940674,
    "Step 4: Sort and assemble final output": 0.00013685226440429688
  },
  "llm": {
    "total_calls": 9,
    "total_cost_usd": 0.00243915,
    "total_latency_seconds": 76.06
  },
  "claims_extracted": 1,
  "success": true,
  "error": null
}
