{
  "timing": {
    "total_seconds": 78.4932119846344,
    "Step 1: Transcript extraction": 1.012763261795044,
    "Step 2: Claim extraction": 16.859363079071045,
    "Step 3.1.1: Query generation for claim 1": 2.708941698074341,
    "Step 3.1.2.1.1.1: Google Search API (batch 1)": 1.259580135345459,
    "Step 3.1.2.2.1.1: Google Search API (batch 1)": 1.2180211544036865,
    "Step 3.1.2.1.2: Reliability assessment (result 1)": 0.0004611015319824219,
    "Step 3.1.2.1.2: Reliability assessment (result 2)": 0.0005929470062255859,
    "Step 3.1.2.1.2: Reliability assessment (result 5)": 1.1790871620178223,
    "Step 3.1.2.1.2: Reliability assessment (result 3)": 1.1793029308319092,
    "Step 3.1.2.1.2: Reliability assessment (result 4)": 1.1793720722198486,
    "Step 3.1.2.1.2: Reliability assessment (result 6)": 1.4215939044952393,
    "Step 3.1.2.2.2: Reliability assessment (result 2)": 0.0005388259887695312,
    "Step 3.1.2.2.2: Reliability assessment (result 4)": 0.9228489398956299,
    "Step 3.1.2.2.2: Reliability assessment (result 1)": 1.0400309562683105,
    "Step 3.1.2.2.2: Reliability assessment (result 3)": 1.0448813438415527,
    "Step 3.1.2.2.2: Reliability assessment (result 6)": 1.056751012802124,
    "Step 3.1.2.2.2: Reliability assessment (result 5)": 1.057049036026001,
    "Step 3.1.2.2.3: Content fetching (result 2)": 10.629546165466309,
    "Step 3.1.2.2.3: Content fetching (result 4)": 9.709852933883667,
    "Step 3.1.2.2.3: Content fetching (result 1)": 9.590535879135132,
    "Step 3.1.2.2.3: Content fetching (result 3)": 9.59129285812378,
    "Step 3.1.2.2.3: Content fetching (result 6)": 9.581110954284668,
    "Step 3.1.2.2.3: Content fetching (result 5)": 9.582798719406128,
    "Step 3.1.2.1.3: Content fetching (result 1)": 13.769984006881714,
    "Step 3.1.2.1.3: Content fetching (result 2)": 13.771739721298218,
    "Step 3.1.2.1.3: Content fetching (result 5)": 12.595090866088867,
    "Step 3.1.2.1.3: Content fetching (result 3)": 12.597186088562012,
    "Step 3.1.2.1.3: Content fetching (result 4)": 12.599004983901978,
    "Step 3.1.2.1.3: Content fetching (result 6)": 12.358675241470337,
    "Step 3.1.2.2.4: Evidence extraction (result 2)": 3.2365009784698486,
    "Step 3.1.2.1.4: Evidence extraction (result 5)": 2.396085023880005,
    "Step 3.1.2.2.4: Evidence extraction (result 5)": 3.698240041732788,
    "Step 3.1.2.2.4: Evidence extraction (result 4)": 4.156753301620483,
    "Step 3.1.2.2.4: Evidence extraction (result 1)": 5.059004783630371,
    "Step 3.1.2.1.4: Evidence extraction (result 6)": 3.9777441024780273,
    "Step 3.1.2.2.4: Evidence extraction (result 6)": 5.46779990196228,
    "Step 3.1.2.2.4: Evidence extraction (result 3)": 5.960040330886841,
    "Step 3.1.2: Search execution for claim 1 query 2": 25.890363216400146,
    "Step 3.1.2.1.4: Evidence extraction (result 1)": 5.701831817626953,
    "Step 3.1.2.1.4: Evidence extraction (result 4)": 18.19491720199585,
    "Step 3.1.2.1.4: Evidence extraction (result 2)": 18.242899179458618,
    "Step 3.1.2.1.4: Evidence extraction (result 3)": 18.43482995033264,
    "Step 3.1.2: Search execution for claim 1 query 1": 39.54857587814331,
    "Step 3.1.3: Verdict generation for claim 1": 18.17632818222046,
    "Step 3: Query generation + search + verdicts for all claims (PARALLEL)": 60.43531799316406,
    "Step 4: Sort and assemble final output": 0.00013494491577148438
  },
  "llm": {
    "total_calls": 11,
    "total_cost_usd": 0.00229395,
    "total_latency_seconds": 57.88
  },
  "claims_extracted": 1,
  "success": true,
  "error": null
}
