{
  "timing": {
    "total_seconds": 99.81098794937134,
    "Step 1: Transcript extraction": 1.2490191459655762,
    "Step 2: Claim extraction": 12.507559061050415,
    "Step 3.7.1: Query generation for claim 7": 2.883984088897705,
    "Step 3.1.1: Query generation for claim 1": 3.0111610889434814,
    "Step 3.3.1: Query generation for claim 3": 3.0929579734802246,
    "Step 3.5.1: Query generation for claim 5": 3.1761841773986816,
    "Step 3.6.1: Query generation for claim 6": 3.8018510341644287,
    "Step 3.4.1: Query generation for claim 4": 3.9289329051971436,
    "Step 3.1.2.2.1.1: Google Search API (batch 1)": 0.934150218963623,
    "Step 3.5.2.1.1.1: Google Search API (batch 1)": 0.8104252815246582,
    "Step 3.7.2.1.1.1: Google Search API (batch 1)": 1.1347301006317139,
    "Step 3.3.2.2.1.1: Google Search API (batch 1)": 0.9749901294708252,
    "Step 3.2.1: Query generation for claim 2": 4.174640893936157,
    "Step 3.5.2.2.1.1: Google Search API (batch 1)": 1.0277798175811768,
    "Step 3.3.2.1.1.1: Google Search API (batch 1)": 1.153493881225586,
    "Step 3.7.2.2.1.1: Google Search API (batch 1)": 1.2980470657348633,
    "Step 3.1.2.1.1.1: Google Search API (batch 1)": 1.4598350524902344,
    "Step 3.4.2.1.1.1: Google Search API (batch 1)": 0.7962079048156738,
    "Step 3.4.2.2.1.1: Google Search API (batch 1)": 0.9104080200195312,
    "Step 3.6.2.1.1.1: Google Search API (batch 1)": 1.0512239933013916,
    "Step 3.6.2.2.1.1: Google Search API (batch 1)": 1.072972059249878,
    "Step 3.4.2.2.2: Reliability assessment (result 1)": 0.002335071563720703,
    "Step 3.4.2.2.2: Reliability assessment (result 2)": 0.002363920211791992,
    "Step 3.2.2.1.1.1: Google Search API (batch 1)": 1.4454700946807861,
    "Step 3.4.2.2.2: Reliability assessment (result 3)": 0.0028700828552246094,
    "Step 3.4.2.2.2: Reliability assessment (result 4)": 0.0029850006103515625,
    "Step 3.4.2.2.2: Reliability assessment (result 5)": 0.003019094467163086,
    "Step 3.2.2.2.1.1: Google Search API (batch 1)": 1.4032566547393799,
    "Step 3.7.2.2.2: Reliability assessment (result 2)": 0.31653785705566406,
    "Step 3.5.2.2.2: Reliability assessment (result 1)": 0.00048160552978515625,
    "Step 3.5.2.2.2: Reliability assessment (result 3)": 0.011955976486206055,
    "Step 3.5.2.2.2: Reliability assessment (result 4)": 0.012025833129882812,
    "Step 3.7.2.2.2: Reliability assessment (result 4)": 1.3624169826507568,
    "Step 3.7.2.2.2: Reliability assessment (result 3)": 1.362511157989502,
    "Step 3.3.2.1.2: Reliability assessment (result 1)": 0.3263208866119385,
    "Step 3.3.2.1.2: Reliability assessment (result 2)": 0.3264331817626953,
    "Step 3.3.2.1.2: Reliability assessment (result 3)": 0.3264641761779785,
    "Step 3.3.2.1.2: Reliability assessment (result 4)": 0.3264801502227783,
    "Step 3.5.2.2.2: Reliability assessment (result 5)": 1.0475521087646484,
    "Step 3.7.2.2.2: Reliability assessment (result 1)": 1.3641448020935059,
    "Step 3.5.2.2.2: Reliability assessment (result 2)": 1.1064069271087646,
    "Step 3.1.2.1.2: Reliability assessment (result 1)": 0.4223170280456543,
    "Step 3.1.2.1.2: Reliability assessment (result 2)": 0.4228329658508301,
    "Step 3.6.2.1.1.2: Google Search API (batch 2)": 0.8754560947418213,
    "Step 3.3.2.1.2: Reliability assessment (result 5)": 1.2120730876922607,
    "Step 3.3.2.1.2: Reliability assessment (result 6)": 1.5293240547180176,
    "Step 3.1.2.1.2: Reliability assessment (result 3)": 1.3824477195739746,
    "Step 3.4.2.1.1.2: Google Search API (batch 2)": 1.0711538791656494,
    "Step 3.5.2.2.3: Content fetching (result 1)": 4.46467924118042,
    "Step 3.5.2.2.3: Content fetching (result 3)": 4.455575704574585,
    "Step 3.5.2.2.3: Content fetching (result 4)": 4.460137128829956,
    "Step 3.5.2.2.3: Content fetching (result 5)": 4.6253838539123535,
    "Step 3.3.2.2.2: Reliability assessment (result 1)": 4.203114032745361,
    "Step 3.3.2.2.2: Reliability assessment (result 2)": 4.2031450271606445,
    "Step 3.5.2.2.3: Content fetching (result 2)": 4.7152087688446045,
    "Step 3.3.2.2.2: Reliability assessment (result 4)": 4.351783275604248,
    "Step 3.7.2.2.3: Content fetching (result 2)": 6.188607931137085,
    "Step 3.7.2.2.3: Content fetching (result 4)": 5.1492650508880615,
    "Step 3.7.2.1.2: Reliability assessment (result 3)": 4.36047887802124,
    "Step 3.7.2.2.3: Content fetching (result 3)": 5.151479959487915,
    "Step 3.7.2.2.3: Content fetching (result 1)": 5.152225971221924,
    "Step 3.7.2.1.2: Reliability assessment (result 1)": 4.6269567012786865,
    "Step 3.3.2.2.2: Reliability assessment (result 3)": 5.360738277435303,
    "Step 3.7.2.1.2: Reliability assessment (result 5)": 5.023554086685181,
    "Step 3.7.2.1.2: Reliability assessment (result 4)": 5.314353942871094,
    "Step 3.7.2.1.2: Reliability assessment (result 2)": 5.491663932800293,
    "Step 3.4.2.2.3: Content fetching (result 1)": 9.902542114257812,
    "Step 3.4.2.2.3: Content fetching (result 2)": 9.903775930404663,
    "Step 3.4.2.2.3: Content fetching (result 4)": 9.903940916061401,
    "Step 3.4.2.2.3: Content fetching (result 3)": 9.904213905334473,
    "Step 3.4.2.2.3: Content fetching (result 5)": 9.904124975204468,
    "Step 3.1.2.1.3: Content fetching (result 1)": 11.698564052581787,
    "Step 3.1.2.1.3: Content fetching (result 2)": 11.701733827590942,
    "Step 3.1.2.2.2: Reliability assessment (result 2)": 4.333397150039673,
    "Step 3.1.2.1.3: Content fetching (result 3)": 10.743896007537842,
    "Step 3.1.2.2.2: Reliability assessment (result 4)": 5.4437150955200195,
    "Step 3.1.2.2.2: Reliability assessment (result 1)": 5.4478919506073,
    "Step 3.1.2.2.2: Reliability assessment (result 3)": 5.540810823440552,
    "Step 3.1.2.2.2: Reliability assessment (result 5)": 6.629207134246826,
    "Step 3.1.2.2.2: Reliability assessment (result 6)": 6.983435869216919,
    "Step 3.6.2.2.2: Reliability assessment (result 2)": 5.980765104293823,
    "Step 3.3.2.1.3: Content fetching (result 3)": 14.800289154052734,
    "Step 3.3.2.1.3: Content fetching (result 1)": 14.80820107460022,
    "Step 3.6.2.2.2: Reliability assessment (result 5)": 6.01421594619751,
    "Step 3.3.2.1.3: Content fetching (result 2)": 14.812185287475586,
    "Step 3.3.2.1.3: Content fetching (result 4)": 14.814856767654419,
    "Step 3.3.2.1.3: Content fetching (result 6)": 13.615845203399658,
    "Step 3.3.2.1.3: Content fetching (result 5)": 13.935124158859253,
    "Step 3.6.2.2.2: Reliability assessment (result 6)": 6.30855131149292,
    "Step 3.7.2.1.3: Content fetching (result 3)": 10.264720916748047,
    "Step 3.7.2.1.3: Content fetching (result 1)": 10.000090837478638,
    "Step 3.2.2.1.2: Reliability assessment (result 1)": 0.6404452323913574,
    "Step 3.7.2.1.3: Content fetching (result 5)": 9.605244159698486,
    "Step 3.2.2.1.2: Reliability assessment (result 3)": 0.6422936916351318,
    "Step 3.7.2.1.3: Content fetching (result 4)": 9.316250085830688,
    "Step 3.2.2.1.2: Reliability assessment (result 5)": 0.6441390514373779,
    "Step 3.7.2.1.3: Content fetching (result 2)": 9.141436100006104,
    "Step 3.6.2.2.2: Reliability assessment (result 1)": 6.793949842453003,
    "Step 3.6.2.2.2: Reliability assessment (result 3)": 6.910232067108154,
    "Step 3.6.2.2.2: Reliability assessment (result 4)": 7.208428144454956,
    "Step 3.2.2.1.2: Reliability assessment (result 2)": 1.8585379123687744,
    "Step 3.3.2.2.3: Content fetching (result 1)": 13.3917977809906,
    "Step 3.3.2.2.3: Content fetching (result 2)": 13.3958740234375,
    "Step 3.3.2.2.3: Content fetching (result 4)": 13.254672288894653,
    "Step 3.3.2.2.3: Content fetching (result 3)": 12.24757719039917,
    "Step 3.2.2.1.3: Content fetching (result 1)": 3.1569950580596924,
    "Step 3.2.2.1.3: Content fetching (result 3)": 3.159137010574341,
    "Step 3.2.2.1.3: Content fetching (result 5)": 3.158944845199585,