{
  "timing": {
    "total_seconds": 68.83425712585449,
    "Step 1: Transcript extraction": 1.068547010421753,
    "Step 2: Claim extraction": 12.024301052093506,
    "Step 3.1.1: Query generation for claim 1": 2.3715999126434326,
    "Step 3.1.2.2.1.1: Google Search API (batch 1)": 1.0195167064666748,
    "Step 3.1.2.1.1.1: Google Search API (batch 1)": 1.0658378601074219,
    "Step 3.1.2.2.2: Reliability assessment (result 1)": 0.00031113624572753906,
    "Step 3.1.2.2.2: Reliability assessment (result 4)": 0.0006587505340576172,
    "Step 3.1.2.2.2: Reliability assessment (result 2)": 0.8468649387359619,
    "Step 3.1.2.2.2: Reliability assessment (result 3)": 0.8470568656921387,
    "Step 3.1.2.1.2: Reliability assessment (result 1)": 0.0006091594696044922,
    "Step 3.1.2.2.2: Reliability assessment (result 5)": 1.0285589694976807,
    "Step 3.1.2.1.2: Reliability assessment (result 5)": 0.5531139373779297,
    "Step 3.1.2.1.2: Reliability assessment (result 3)": 0.6741430759429932,
    "Step 3.1.2.1.2: Reliability assessment (result 4)": 0.997246265411377,
    "Step 3.1.2.1.2: Reliability assessment (result 2)": 1.1454110145568848,
    "Step 3.1.2.2.3: Content fetching (result 1)": 8.28733205795288,
    "Step 3.1.2.2.3: Content fetching (result 4)": 8.289487838745117,
    "Step 3.1.2.2.3: Content fetching (result 2)": 7.444749116897583,
    "Step 3.1.2.2.3: Content fetching (result 3)": 7.446789979934692,
    "Step 3.1.2.2.3: Content fetching (result 5)": 7.267293930053711,
    "Step 3.1.2.1.3: Content fetching (result 1)": 8.327485799789429,
    "Step 3.1.2.1.3: Content fetching (result 5)": 7.776798963546753,
    "Step 3.1.2.1.3: Content fetching (result 3)": 7.658046007156372,
    "Step 3.1.2.1.3: Content fetching (result 4)": 7.336812973022461,
    "Step 3.1.2.1.3: Content fetching (result 2)": 7.190717935562134,
    "Step 3.1.2.2.4: Evidence extraction (result 4)": 2.0958468914031982,
    "Step 3.1.2.2.4: Evidence extraction (result 5)": 2.204969882965088,
    "Step 3.1.2.2.4: Evidence extraction (result 3)": 2.716073989868164,
    "Step 3.1.2.2.4: Evidence extraction (result 1)": 3.827042579650879,
    "Step 3.1.2.2.4: Evidence extraction (result 2)": 3.891754150390625,
    "Step 3.1.2: Search execution for claim 1 query 2": 17.226561069488525,
    "Step 3.1.2.1.4: Evidence extraction (result 1)": 18.202618837356567,
    "Step 3.1.2.1.4: Evidence extraction (result 5)": 18.312805891036987,
    "Step 3.1.2.1.4: Evidence extraction (result 4)": 18.328141689300537,
    "Step 3.1.2.1.4: Evidence extraction (result 3)": 18.39532494544983,
    "Step 3.1.2.1.4: Evidence extraction (result 2)": 18.39595890045166,
    "Step 3.1.2: Search execution for claim 1 query 1": 32.70989179611206,
    "Step 3.1.3: Verdict generation for claim 1": 20.469974040985107,
    "Step 3: Query generation + search + verdicts for all claims (PARALLEL)": 55.552881956100464,
    "Step 4: Sort and assemble final output": 0.0001418590545654297
  },
  "llm": {
    "total_calls": 8,
    "total_cost_usd": 0.00223815,
    "total_latency_seconds": 44.55
  },
  "claims_extracted": 1,
  "success": true,
  "error": null
}
