{
  "timing": {
    "total_seconds": 60.926681995391846,
    "Step 1: Transcript extraction": 4.8712317943573,
    "Step 2: Claim extraction": 9.531321048736572,
    "Step 3.1.1: Query generation for claim 1": 1.7793519496917725,
    "Step 3.5.1: Query generation for claim 5": 1.8986179828643799,
    "Step 3.7.1: Query generation for claim 7": 1.9838778972625732,
    "Step 3.6.1: Query generation for claim 6": 1.9848098754882812,
    "Step 3.4.1: Query generation for claim 4": 1.986264944076538,
    "Step 3.2.1: Query generation for claim 2": 1.9878637790679932,
    "Step 3.3.1: Query generation for claim 3": 1.9874818325042725,
    "Step 3.6.2.1.1.1: Google Search API (batch 1)": 1.1145029067993164,
    "Step 3.3.2.2.1.1: Google Search API (batch 1)": 0.8224780559539795,
    "Step 3.2.2.1.1.1: Google Search API (batch 1)": 0.9561519622802734,
    "Step 3.4.2.1.1.1: Google Search API (batch 1)": 1.0419590473175049,
    "Step 3.3.2.1.1.1: Google Search API (batch 1)": 0.8734908103942871,
    "Step 3.1.2.2.1.1: Google Search API (batch 1)": 1.3464617729187012,
    "Step 3.1.2.1.1.1: Google Search API (batch 1)": 1.3982558250427246,
    "Step 3.5.2.1.1.1: Google Search API (batch 1)": 1.311621904373169,
    "Step 3.2.2.2.1.1: Google Search API (batch 1)": 0.982205867767334,
    "Step 3.7.2.2.1.1: Google Search API (batch 1)": 1.2569777965545654,
    "Step 3.4.2.2.1.1: Google Search API (batch 1)": 1.0883960723876953,
    "Step 3.6.2.2.1.1: Google Search API (batch 1)": 1.215151071548462,
    "Step 3.5.2.2.1.1: Google Search API (batch 1)": 1.4789061546325684,
    "Step 3.7.2.1.1.1: Google Search API (batch 1)": 1.4540748596191406,
    "Step 3.5.2.2.2: Reliability assessment (result 4)": 0.3215508460998535,
    "Step 3.3.2.2.2: Reliability assessment (result 2)": 0.0009160041809082031,
    "Step 3.3.2.2.2: Reliability assessment (result 4)": 0.0009517669677734375,
    "Step 3.3.2.2.2: Reliability assessment (result 1)": 1.0008230209350586,
    "Step 3.3.2.2.2: Reliability assessment (result 3)": 1.0009880065917969,
    "Step 3.7.2.1.2: Reliability assessment (result 2)": 0.7355818748474121,
    "Step 3.5.2.2.2: Reliability assessment (result 1)": 1.6992590427398682,
    "Step 3.5.2.2.2: Reliability assessment (result 3)": 1.6995000839233398,
    "Step 3.5.2.2.2: Reliability assessment (result 2)": 1.6997630596160889,
    "Step 3.5.2.2.3: Content fetching (result 4)": 1.7237229347229004,
    "Step 3.7.2.1.2: Reliability assessment (result 4)": 1.0825929641723633,
    "Step 3.6.2.1.2: Reliability assessment (result 3)": 0.34845805168151855,
    "Step 3.1.2.2.2: Reliability assessment (result 2)": 0.34849095344543457,
    "Step 3.1.2.2.2: Reliability assessment (result 3)": 0.3485250473022461,
    "Step 3.1.2.2.2: Reliability assessment (result 4)": 0.34854793548583984,
    "Step 3.7.2.1.2: Reliability assessment (result 3)": 1.083556890487671,
    "Step 3.6.2.1.2: Reliability assessment (result 1)": 0.6894960403442383,
    "Step 3.7.2.1.2: Reliability assessment (result 1)": 1.8029019832611084,
    "Step 3.6.2.2.2: Reliability assessment (result 2)": 0.7200949192047119,
    "Step 3.6.2.2.2: Reliability assessment (result 3)": 0.7201039791107178,
    "Step 3.6.2.1.2: Reliability assessment (result 4)": 1.0681159496307373,
    "Step 3.1.2.2.2: Reliability assessment (result 1)": 1.4111459255218506,
    "Step 3.6.2.1.2: Reliability assessment (result 2)": 1.4112880229949951,
    "Step 3.6.2.2.2: Reliability assessment (result 1)": 1.0633559226989746,
    "Step 3.6.2.1.3: Content fetching (result 3)": 5.798849105834961,
    "Step 3.6.2.1.3: Content fetching (result 1)": 5.45978307723999,
    "Step 3.1.2.1.2: Reliability assessment (result 2)": 5.53055477142334,
    "Step 3.1.2.1.2: Reliability assessment (result 3)": 5.530659914016724,
    "Step 3.1.2.2.3: Content fetching (result 2)": 6.338032245635986,
    "Step 3.1.2.2.3: Content fetching (result 4)": 6.340108156204224,
    "Step 3.1.2.2.3: Content fetching (result 3)": 6.342319011688232,
    "Step 3.3.2.2.3: Content fetching (result 2)": 8.072990894317627,
    "Step 3.3.2.2.3: Content fetching (result 4)": 8.075221061706543,
    "Step 3.3.2.2.3: Content fetching (result 1)": 7.077324151992798,
    "Step 3.3.2.2.3: Content fetching (result 3)": 7.07912802696228,
    "Step 3.5.2.1.2: Reliability assessment (result 3)": 5.860680341720581,
    "Step 3.1.2.1.2: Reliability assessment (result 6)": 5.866633892059326,
    "Step 3.1.2.1.2: Reliability assessment (result 1)": 5.943422079086304,
    "Step 3.5.2.1.2: Reliability assessment (result 2)": 6.074756145477295,
    "Step 3.4.2.1.2: Reliability assessment (result 1)": 6.173230886459351,
    "Step 3.1.2.1.2: Reliability assessment (result 4)": 6.5173540115356445,
    "Step 3.5.2.1.2: Reliability assessment (result 1)": 6.517349720001221,
    "Step 3.1.2.1.2: Reliability assessment (result 5)": 6.51748514175415,
    "Step 3.5.2.2.3: Content fetching (result 3)": 8.032253742218018,
    "Step 3.5.2.2.3: Content fetching (result 1)": 8.036214113235474,
    "Step 3.5.2.2.3: Content fetching (result 2)": 8.039499998092651,
    "Step 3.4.2.1.2: Reliability assessment (result 2)": 6.839847803115845,
    "Step 3.1.2.2.3: Content fetching (result 1)": 6.905592918395996,
    "Step 3.4.2.1.2: Reliability assessment (result 3)": 7.025120973587036,
    "Step 3.4.2.1.2: Reliability assessment (result 4)": 7.493468999862671,
    "Step 3.7.2.2.2: Reliability assessment (result 1)": 2.2612342834472656,
    "Step 3.7.2.2.2: Reliability assessment (result 3)": 2.69370698928833,
    "Step 3.7.2.2.2: Reliability assessment (result 4)": 2.6940038204193115,
    "Step 3.7.2.2.2: Reliability assessment (result 5)": 2.694045066833496,
    "Step 3.7.2.1.3: Content fetching (result 2)": 10.41756534576416,
    "Step 3.7.2.1.3: Content fetching (result 4)": 10.072619676589966,
    "Step 3.7.2.1.3: Content fetching (result 3)": 10.075376749038696,
    "Step 3.7.2.1.3: Content fetching (result 1)": 9.359978914260864,
    "Step 3.7.2.2.2: Reliability assessment (result 2)": 2.9109277725219727,
    "Step 3.5.2.1.3: Content fetching (result 3)": 5.44214391708374,
    "Step 3.5.2.1.3: Content fetching (result 2)": 5.233108043670654,
    "Step 3.5.2.1.3: Content fetching (result 1)": 4.793385028839111,
    "Step 3.3.2.1.2: Reliability assessment (result 4)": 3.4739389419555664,
    "Step 3.3.2.1.2: Reliability assessment (result 1)": 3.479448080062866,
    "Step 3.1.2.2.4: Evidence extraction (result 1)": 4.5898449420928955,
    "Step 3.3.2.1.2: Reliability assessment (result 3)": 4.260940790176392,
    "Step 3.1.2.2.4: Evidence extraction (result 4)": 6.68537974357605,
    "Step 3.3.2.1.2: Reliability assessment (result 5)": 4.485168933868408,
    "Step 3.4.2.2.2: Reliability assessment (result 1)": 3.5442280769348145,
    "Step 3.4.2.2.2: Reliability assessment (result 2)": 3.544179916381836,
    "Step 3.3.2.1.2: Reliability assessment (result 6)": 4.830300807952881,
    "Step 3.3.2.1.2: Reliability assessment (result 2)": 4.857216119766235,
    "Step 3.6.2.2.3: Content fetching (result 2)": 12.768960952758789,
    "Step 3.6.2.2.3: Content fetching (result 3)": 12.771034717559814,
    "Step 3.6.2.2.3: Content fetching (result 1)": 12.430150985717773,
    "Step 3.1.2.2.4: Evidence extraction (result 3)": 7.238598108291626,
    "Step 3.1.2.2.4: Evidence extraction (result 2)": 7.293323993682861,
    "Step 3.1.2: Search execution for claim 1 query 2": 18.738182306289673,
    "Step 3.4.2.2.2: Reliability assessment (result 3)": 4.773755073547363,
    "Step 3.3.2.2.4: Evidence extraction (result 4)": 8.730203866958618,
    "Step 3.3.2.2.4: Evidence extraction (result 1)": 8.807775974273682,
    "Step 3.5.2.2.4: Evidence extraction (result 4)": 15.212339162826538,
    "Step 3.5.2.2.4: Evidence extraction (result 1)": 7.944833993911743,
    "Step 3.3.2.2.4: Evidence extraction (result 2)": 9.377562999725342,
    "Step 3.3.2.2.4: Evidence extraction (result 3)": 9.957901954650879,