{
  "timing": {
    "total_seconds": 65.98658585548401,
    "Step 1: Transcript extraction": 1.3072221279144287,
    "Step 2: Claim extraction": 5.521192789077759,
    "Step 3.4.1: Query generation for claim 4": 1.5611178874969482,
    "Step 3.5.1: Query generation for claim 5": 1.6900100708007812,
    "Step 3.1.1: Query generation for claim 1": 1.8597960472106934,
    "Step 3.3.1: Query generation for claim 3": 2.1875460147857666,
    "Step 3.2.1: Query generation for claim 2": 2.336353063583374,
    "Step 3.4.2.1.1.1: Google Search API (batch 1)": 0.8863217830657959,
    "Step 3.5.2.1.1.1: Google Search API (batch 1)": 0.825509786605835,
    "Step 3.1.2.2.1.1: Google Search API (batch 1)": 0.8307909965515137,
    "Step 3.4.2.2.1.1: Google Search API (batch 1)": 1.098479986190796,
    "Step 3.1.2.1.1.1: Google Search API (batch 1)": 0.9702610969543457,
    "Step 3.5.2.2.1.1: Google Search API (batch 1)": 1.2626299858093262,
    "Step 3.3.2.2.1.1: Google Search API (batch 1)": 0.8673808574676514,
    "Step 3.2.2.2.1.1: Google Search API (batch 1)": 0.9044942855834961,
    "Step 3.2.2.1.1.1: Google Search API (batch 1)": 1.185135841369629,
    "Step 3.3.2.1.1.1: Google Search API (batch 1)": 1.4539968967437744,
    "Step 3.5.2.1.2: Reliability assessment (result 2)": 0.0006151199340820312,
    "Step 3.5.2.1.2: Reliability assessment (result 3)": 0.9698202610015869,
    "Step 3.5.2.1.2: Reliability assessment (result 1)": 1.6112990379333496,
    "Step 3.4.2.1.2: Reliability assessment (result 1)": 0.3216080665588379,
    "Step 3.4.2.1.2: Reliability assessment (result 2)": 0.32160520553588867,
    "Step 3.1.2.2.1.2: Google Search API (batch 2)": 2.0090911388397217,
    "Step 3.2.2.2.2: Reliability assessment (result 2)": 0.32196998596191406,
    "Step 3.2.2.2.2: Reliability assessment (result 3)": 0.32204198837280273,
    "Step 3.2.2.2.2: Reliability assessment (result 5)": 0.32206177711486816,
    "Step 3.5.2.2.2: Reliability assessment (result 1)": 0.32208895683288574,
    "Step 3.4.2.2.2: Reliability assessment (result 1)": 0.001336812973022461,
    "Step 3.4.2.1.2: Reliability assessment (result 6)": 0.45607995986938477,
    "Step 3.4.2.1.2: Reliability assessment (result 4)": 0.45661187171936035,
    "Step 3.5.2.2.2: Reliability assessment (result 4)": 0.4571070671081543,
    "Step 3.5.2.2.2: Reliability assessment (result 2)": 0.4572410583496094,
    "Step 3.4.2.1.2: Reliability assessment (result 3)": 0.5307519435882568,
    "Step 3.5.2.2.2: Reliability assessment (result 3)": 0.5308389663696289,
    "Step 3.4.2.2.2: Reliability assessment (result 2)": 0.33335399627685547,
    "Step 3.4.2.2.2: Reliability assessment (result 3)": 0.33397412300109863,
    "Step 3.4.2.2.2: Reliability assessment (result 4)": 0.3990459442138672,
    "Step 3.2.2.2.2: Reliability assessment (result 4)": 0.930527925491333,
    "Step 3.5.2.2.2: Reliability assessment (result 5)": 0.9305770397186279,
    "Step 3.4.2.1.2: Reliability assessment (result 5)": 1.0651309490203857,
    "Step 3.1.2.1.1.2: Google Search API (batch 2)": 1.015152931213379,
    "Step 3.4.2.2.3: Content fetching (result 1)": 8.023011207580566,
    "Step 3.4.2.2.3: Content fetching (result 2)": 7.692773818969727,
    "Step 3.2.2.2.3: Content fetching (result 2)": 8.45661187171936,
    "Step 3.2.2.2.3: Content fetching (result 3)": 8.458561897277832,
    "Step 3.2.2.2.3: Content fetching (result 5)": 8.46154499053955,
    "Step 3.2.2.2.2: Reliability assessment (result 1)": 10.561902046203613,
    "Step 3.2.2.2.3: Content fetching (result 4)": 10.07723093032837,
    "Step 3.4.2.2.3: Content fetching (result 3)": 11.47978925704956,
    "Step 3.4.2.2.3: Content fetching (result 4)": 11.416518211364746,
    "Step 3.5.2.1.3: Content fetching (result 2)": 13.890640020370483,
    "Step 3.5.2.1.3: Content fetching (result 3)": 12.923342943191528,
    "Step 3.3.2.2.2: Reliability assessment (result 2)": 3.867966890335083,
    "Step 3.5.2.1.3: Content fetching (result 1)": 12.283725023269653,
    "Step 3.3.2.2.2: Reliability assessment (result 3)": 4.665821075439453,
    "Step 3.3.2.2.2: Reliability assessment (result 4)": 4.699411153793335,
    "Step 3.3.2.2.2: Reliability assessment (result 1)": 4.95344090461731,
    "Step 3.2.2.1.2: Reliability assessment (result 1)": 1.2242200374603271,
    "Step 3.2.2.2.3: Content fetching (result 1)": 4.420889854431152,
    "Step 3.5.2.2.3: Content fetching (result 1)": 14.788833141326904,
    "Step 3.5.2.2.3: Content fetching (result 4)": 14.655684232711792,
    "Step 3.5.2.2.3: Content fetching (result 2)": 14.659670114517212,
    "Step 3.5.2.2.3: Content fetching (result 3)": 14.588383913040161,
    "Step 3.5.2.2.3: Content fetching (result 5)": 14.190898180007935,
    "Step 3.2.2.1.2: Reliability assessment (result 3)": 2.270076036453247,
    "Step 3.2.2.1.2: Reliability assessment (result 2)": 2.44321608543396,
    "Step 3.2.2.1.2: Reliability assessment (result 4)": 3.2526540756225586,
    "Step 3.2.2.1.2: Reliability assessment (result 5)": 3.6071019172668457,
    "Step 3.4.2.2.4: Evidence extraction (result 1)": 8.570204973220825,
    "Step 3.4.2.2.4: Evidence extraction (result 3)": 4.806145906448364,
    "Step 3.4.2.2.4: Evidence extraction (result 4)": 4.814845085144043,
    "Step 3.2.2.1.2: Reliability assessment (result 6)": 4.001392126083374,
    "Step 3.5.2.2.4: Evidence extraction (result 2)": 2.5891473293304443,
    "Step 3.5.2.2.4: Evidence extraction (result 3)": 2.5884218215942383,
    "Step 3.5.2.2.4: Evidence extraction (result 1)": 2.602358818054199,
    "Step 3.5.2.2.4: Evidence extraction (result 4)": 2.6010701656341553,
    "Step 3.5.2.2.4: Evidence extraction (result 5)": 2.6007590293884277,
    "Step 3.5.2: Search execution for claim 5 query 2": 23.23072099685669,
    "Step 3.5.2.1.4: Evidence extraction (result 2)": 5.3332507610321045,
    "Step 3.5.2.1.4: Evidence extraction (result 1)": 5.623111009597778,
    "Step 3.4.2.2.4: Evidence extraction (result 2)": 10.498609781265259,
    "Step 3.4.2: Search execution for claim 4 query 2": 24.44528889656067,
    "Step 3.2.2.2.4: Evidence extraction (result 3)": 10.1999671459198,
    "Step 3.5.2.1.4: Evidence extraction (result 3)": 6.424032926559448,
    "Step 3.5.2: Search execution for claim 5 query 1": 24.578120946884155,
    "Step 3.2.2.2.4: Evidence extraction (result 5)": 10.513036012649536,
    "Step 3.4.2.1.3: Content fetching (result 1)": 18.99318289756775,
    "Step 3.4.2.1.3: Content fetching (result 2)": 18.997589826583862,
    "Step 3.4.2.1.3: Content fetching (result 6)": 18.86867380142212,
    "Step 3.4.2.1.3: Content fetching (result 4)": 18.872632026672363,
    "Step 3.4.2.1.3: Content fetching (result 3)": 18.80015993118286,
    "Step 3.4.2.1.3: Content fetching (result 5)": 18.267852067947388,
    "Step 3.2.2.2.4: Evidence extraction (result 2)": 10.583715200424194,
    "Step 3.2.2.2.4: Evidence extraction (result 4)": 8.59128713607788,
    "Step 3.2.2.2.4: Evidence extraction (result 1)": 4.860558986663818,
    "Step 3.2.2: Search execution for claim 2 query 2": 24.724485158920288,
    "Step 3.3.2.1.2: Reliability assessment (result 2)": 0.7058119773864746,
    "Step 3.5.3: Verdict generation for claim 5": 3.512805938720703,
    "Step 3.3.2.1.2: Reliability assessment (result 3)": 0.9132013320922852,
    "Step 3.3.2.1.2: Reliability assessment (result 1)": 0.9333927631378174,
    "Step 3.3.2.1.2: Reliability assessment (result 4)": 0.9334807395935059,
    "Step 3.4.2.1.4: Evidence extraction (result 5)": 3.8338310718536377,
    "Step 3.1.2.2.2: Reliability assessment (result 1)": 0.6939311027526855,
    "Step 3.4.2.1.4: Evidence extraction (result 3)": 4.543208837509155,
    "Step 3.1.2.2.2: Reliability assessment (result 2)": 0.7144861221313477,
    "Step 3.4.2.1.4: Evidence extraction (result 4)": 4.645855903625488,
    "Step 3.1.2.2.2: Reliability assessment (result 3)": 0.8785550594329834,
    "Step 3.4.2.1.4: Evidence extraction (result 2)": 5.062779903411865,