{
  "timing": {
    "total_seconds": 51.07931923866272,
    "Step 1: Transcript extraction": 1.129307746887207,
    "Step 2: Claim extraction": 6.149232864379883,
    "Step 3.5.1: Query generation for claim 5": 2.200673818588257,
    "Step 3.2.1: Query generation for claim 2": 2.327831983566284,
    "Step 3.1.1: Query generation for claim 1": 2.329223155975342,
    "Step 3.4.1: Query generation for claim 4": 2.327277660369873,
    "Step 3.3.1: Query generation for claim 3": 2.5743870735168457,
    "Step 3.5.2.1.1.1: Google Search API (batch 1)": 1.1573059558868408,
    "Step 3.5.2.2.1.1: Google Search API (batch 1)": 1.1194348335266113,
    "Step 3.3.2.1.1.1: Google Search API (batch 1)": 0.8296678066253662,
    "Step 3.4.2.1.1.1: Google Search API (batch 1)": 0.929481029510498,
    "Step 3.2.2.1.1.1: Google Search API (batch 1)": 1.1133058071136475,
    "Step 3.1.2.1.1.1: Google Search API (batch 1)": 1.042043924331665,
    "Step 3.1.2.2.1.1: Google Search API (batch 1)": 1.023216962814331,
    "Step 3.2.2.2.1.1: Google Search API (batch 1)": 1.1077041625976562,
    "Step 3.4.2.2.1.1: Google Search API (batch 1)": 0.9649250507354736,
    "Step 3.3.2.2.1.1: Google Search API (batch 1)": 0.9810638427734375,
    "Step 3.5.2.1.2: Reliability assessment (result 1)": 0.00034809112548828125,
    "Step 3.5.2.1.2: Reliability assessment (result 2)": 0.0005249977111816406,
    "Step 3.4.2.1.2: Reliability assessment (result 1)": 0.000453948974609375,
    "Step 3.4.2.1.2: Reliability assessment (result 4)": 0.0005841255187988281,
    "Step 3.5.2.1.2: Reliability assessment (result 3)": 0.9783732891082764,
    "Step 3.4.2.1.2: Reliability assessment (result 5)": 0.6360578536987305,
    "Step 3.4.2.1.2: Reliability assessment (result 3)": 0.6366510391235352,
    "Step 3.4.2.1.2: Reliability assessment (result 2)": 0.6370699405670166,
    "Step 3.2.2.2.2: Reliability assessment (result 3)": 0.675894021987915,
    "Step 3.2.2.2.2: Reliability assessment (result 5)": 0.6759669780731201,
    "Step 3.2.2.2.2: Reliability assessment (result 6)": 0.676124095916748,
    "Step 3.5.2.2.2: Reliability assessment (result 1)": 0.3586537837982178,
    "Step 3.2.2.2.2: Reliability assessment (result 2)": 0.6770119667053223,
    "Step 3.2.2.2.2: Reliability assessment (result 4)": 0.6774101257324219,
    "Step 3.5.2.2.2: Reliability assessment (result 2)": 0.3591949939727783,
    "Step 3.5.2.2.2: Reliability assessment (result 3)": 0.35921287536621094,
    "Step 3.5.2.2.2: Reliability assessment (result 4)": 0.3592262268066406,
    "Step 3.4.2.2.2: Reliability assessment (result 1)": 0.37641406059265137,
    "Step 3.4.2.2.2: Reliability assessment (result 2)": 0.37662601470947266,
    "Step 3.5.2.2.2: Reliability assessment (result 5)": 0.7348330020904541,
    "Step 3.2.2.2.2: Reliability assessment (result 1)": 1.0532898902893066,
    "Step 3.4.2.2.2: Reliability assessment (result 3)": 0.3770003318786621,
    "Step 3.4.2.2.2: Reliability assessment (result 5)": 0.3769981861114502,
    "Step 3.4.2.2.2: Reliability assessment (result 4)": 0.377025842666626,
    "Step 3.4.2.2.3: Content fetching (result 1)": 2.947348117828369,
    "Step 3.5.2.1.3: Content fetching (result 1)": 4.836487054824829,
    "Step 3.5.2.1.3: Content fetching (result 2)": 4.838379144668579,
    "Step 3.3.2.2.2: Reliability assessment (result 2)": 3.1255080699920654,
    "Step 3.5.2.1.3: Content fetching (result 3)": 3.862475872039795,
    "Step 3.3.2.2.2: Reliability assessment (result 4)": 3.661466121673584,
    "Step 3.3.2.2.2: Reliability assessment (result 3)": 3.67809796333313,
    "Step 3.4.2.2.3: Content fetching (result 2)": 3.711028814315796,
    "Step 3.3.2.2.2: Reliability assessment (result 1)": 3.9443912506103516,
    "Step 3.2.2.2.3: Content fetching (result 5)": 5.076559066772461,
    "Step 3.2.2.2.3: Content fetching (result 6)": 5.077701807022095,
    "Step 3.2.2.2.3: Content fetching (result 2)": 5.077704906463623,
    "Step 3.2.2.2.3: Content fetching (result 4)": 5.475449085235596,
    "Step 3.2.2.2.3: Content fetching (result 3)": 5.47841477394104,
    "Step 3.2.2.2.3: Content fetching (result 1)": 5.12760591506958,
    "Step 3.1.2.1.2: Reliability assessment (result 1)": 3.0799670219421387,
    "Step 3.1.2.1.2: Reliability assessment (result 2)": 3.439286947250366,
    "Step 3.1.2.1.2: Reliability assessment (result 3)": 4.089666843414307,
    "Step 3.3.2.2.3: Content fetching (result 4)": 5.716278791427612,
    "Step 3.3.2.2.3: Content fetching (result 2)": 6.254178047180176,
    "Step 3.3.2.2.3: Content fetching (result 3)": 5.705864191055298,
    "Step 3.3.2.2.3: Content fetching (result 1)": 5.441483974456787,
    "Step 3.2.2.1.2: Reliability assessment (result 1)": 3.3206708431243896,
    "Step 3.2.2.1.2: Reliability assessment (result 3)": 3.477487087249756,
    "Step 3.2.2.1.2: Reliability assessment (result 4)": 3.641697883605957,
    "Step 3.5.2.1.4: Evidence extraction (result 3)": 7.622241020202637,
    "Step 3.5.2.1.4: Evidence extraction (result 1)": 7.626510143280029,
    "Step 3.5.2.1.4: Evidence extraction (result 2)": 7.624782085418701,
    "Step 3.2.2.1.2: Reliability assessment (result 5)": 4.406537055969238,
    "Step 3.2.2.1.2: Reliability assessment (result 2)": 4.408409118652344,
    "Step 3.5.2: Search execution for claim 5 query 1": 15.501558065414429,
    "Step 3.2.2.2.4: Evidence extraction (result 5)": 6.56766939163208,
    "Step 3.2.2.2.4: Evidence extraction (result 6)": 7.011431932449341,
    "Step 3.2.2.2.4: Evidence extraction (result 2)": 7.846911907196045,
    "Step 3.1.2.1.3: Content fetching (result 1)": 4.494060039520264,
    "Step 3.1.2.1.3: Content fetching (result 2)": 4.137344598770142,
    "Step 3.1.2.1.3: Content fetching (result 3)": 3.4898009300231934,
    "Step 3.4.2.2.4: Evidence extraction (result 2)": 9.14657998085022,
    "Step 3.2.2.2.4: Evidence extraction (result 3)": 7.959019184112549,
    "Step 3.3.2.1.2: Reliability assessment (result 2)": 2.704746961593628,
    "Step 3.2.2.2.4: Evidence extraction (result 4)": 8.010854244232178,
    "Step 3.3.2.1.2: Reliability assessment (result 1)": 2.9267232418060303,
    "Step 3.4.2.2.4: Evidence extraction (result 1)": 10.55870509147644,
    "Step 3.2.2.1.3: Content fetching (result 1)": 4.121559143066406,
    "Step 3.2.2.1.3: Content fetching (result 3)": 3.969496726989746,
    "Step 3.2.2.1.3: Content fetching (result 4)": 3.8086299896240234,
    "Step 3.3.2.1.2: Reliability assessment (result 4)": 3.6294238567352295,
    "Step 3.3.2.1.2: Reliability assessment (result 5)": 3.688072919845581,
    "Step 3.1.2.2.2: Reliability assessment (result 2)": 3.516256093978882,
    "Step 3.2.2.2.4: Evidence extraction (result 1)": 9.17793083190918,
    "Step 3.2.2: Search execution for claim 2 query 2": 18.911803007125854,
    "Step 3.3.2.1.2: Reliability assessment (result 3)": 4.030796051025391,
    "Step 3.1.2.2.2: Reliability assessment (result 3)": 3.664965867996216,
    "Step 3.1.2.2.2: Reliability assessment (result 4)": 3.898005962371826,
    "Step 3.3.2.2.4: Evidence extraction (result 3)": 5.319173097610474,
    "Step 3.1.2.2.2: Reliability assessment (result 5)": 4.169419050216675,
    "Step 3.3.2.2.4: Evidence extraction (result 4)": 5.6173460483551025,
    "Step 3.3.2.2.4: Evidence extraction (result 2)": 5.856999158859253,
    "Step 3.1.2.1.4: Evidence extraction (result 1)": 2.7075068950653076,
    "Step 3.1.2.1.4: Evidence extraction (result 3)": 3.1424357891082764,
    "Step 3.1.2.1.4: Evidence extraction (result 2)": 3.163003921508789,
    "Step 3.1.2: Search execution for claim 1 query 1": 20.37472414970398,
    "Step 3.2.2.1.3: Content fetching (result 5)": 5.260834217071533,
    "Step 3.2.2.1.3: Content fetching (result 2)": 5.261494874954224,
    "Step 3.2.2.1.4: Evidence extraction (result 4)": 3.5590708255767822,
    "Step 3.2.2.1.4: Evidence extraction (result 1)": 3.5698959827423096,
    "Step 3.2.2.1.4: Evidence extraction (result 3)": 3.83359432220459,