{
  "timing": {
    "total_seconds": 103.19301700592041,
    "Step 1: Transcript extraction": 1.170773983001709,
    "Step 2: Claim extraction": 10.04302716255188,
    "Step 3.2.1: Query generation for claim 2": 2.357269048690796,
    "Step 3.4.1: Query generation for claim 4": 2.510380983352661,
    "Step 3.6.1: Query generation for claim 6": 2.509669780731201,
    "Step 3.7.1: Query generation for claim 7": 2.675929069519043,
    "Step 3.1.1: Query generation for claim 1": 2.6813580989837646,
    "Step 3.2.2.2.1.1: Google Search API (batch 1)": 1.134342908859253,
    "Step 3.2.2.1.1.1: Google Search API (batch 1)": 1.3295397758483887,
    "Step 3.7.2.1.1.1: Google Search API (batch 1)": 1.047598123550415,
    "Step 3.4.2.2.1.1: Google Search API (batch 1)": 1.2130951881408691,
    "Step 3.6.2.2.1.1: Google Search API (batch 1)": 1.140024185180664,
    "Step 3.6.2.2.2: Reliability assessment (result 1)": 0.002343893051147461,
    "Step 3.6.2.2.2: Reliability assessment (result 2)": 0.0023429393768310547,
    "Step 3.7.2.2.1.1: Google Search API (batch 1)": 1.5453298091888428,
    "Step 3.6.2.2.2: Reliability assessment (result 3)": 0.0027577877044677734,
    "Step 3.6.2.2.2: Reliability assessment (result 4)": 0.0027518272399902344,
    "Step 3.6.2.2.2: Reliability assessment (result 5)": 0.00273895263671875,
    "Step 3.6.2.1.1.1: Google Search API (batch 1)": 1.6725952625274658,
    "Step 3.4.2.1.1.1: Google Search API (batch 1)": 1.7557733058929443,
    "Step 3.1.2.2.1.1: Google Search API (batch 1)": 1.4626381397247314,
    "Step 3.1.2.1.1.1: Google Search API (batch 1)": 1.5043959617614746,
    "Step 3.7.2.2.2: Reliability assessment (result 1)": 0.0011820793151855469,
    "Step 3.7.2.2.2: Reliability assessment (result 2)": 0.0011887550354003906,
    "Step 3.7.2.2.2: Reliability assessment (result 3)": 0.0013167858123779297,
    "Step 3.7.2.2.2: Reliability assessment (result 4)": 0.0013718605041503906,
    "Step 3.6.2.1.2: Reliability assessment (result 1)": 0.0013928413391113281,
    "Step 3.6.2.1.2: Reliability assessment (result 2)": 0.00140380859375,
    "Step 3.6.2.1.2: Reliability assessment (result 3)": 0.0016770362854003906,
    "Step 3.6.2.1.2: Reliability assessment (result 4)": 0.002251863479614258,
    "Step 3.6.2.1.2: Reliability assessment (result 5)": 0.002290964126586914,
    "Step 3.7.2.1.2: Reliability assessment (result 1)": 0.0003571510314941406,
    "Step 3.7.2.1.2: Reliability assessment (result 2)": 0.0004811286926269531,
    "Step 3.7.2.1.2: Reliability assessment (result 3)": 0.0006871223449707031,
    "Step 3.7.2.1.2: Reliability assessment (result 4)": 0.0007138252258300781,
    "Step 3.7.2.1.2: Reliability assessment (result 5)": 0.9772861003875732,
    "Step 3.7.2.1.3: Content fetching (result 1)": 9.246573209762573,
    "Step 3.7.2.1.3: Content fetching (result 2)": 9.249810218811035,
    "Step 3.7.2.1.3: Content fetching (result 3)": 9.251606941223145,
    "Step 3.7.2.2.3: Content fetching (result 1)": 10.695061922073364,
    "Step 3.7.2.2.3: Content fetching (result 3)": 10.697112083435059,
    "Step 3.7.2.2.3: Content fetching (result 4)": 10.699761152267456,
    "Step 3.7.2.2.3: Content fetching (result 2)": 10.702239036560059,
    "Step 3.5.1: Query generation for claim 5": 16.077005624771118,
    "Step 3.3.1: Query generation for claim 3": 16.078733682632446,
    "Step 3.6.2.2.3: Content fetching (result 1)": 12.208280086517334,
    "Step 3.6.2.2.3: Content fetching (result 2)": 12.210442066192627,
    "Step 3.6.2.2.3: Content fetching (result 5)": 12.212005138397217,
    "Step 3.6.2.2.3: Content fetching (result 4)": 12.214092016220093,
    "Step 3.6.2.2.3: Content fetching (result 3)": 12.21623706817627,
    "Step 3.1.2.2.2: Reliability assessment (result 1)": 0.3416881561279297,
    "Step 3.1.2.2.2: Reliability assessment (result 2)": 0.3417189121246338,
    "Step 3.2.2.1.2: Reliability assessment (result 1)": 0.0035109519958496094,
    "Step 3.1.2.2.2: Reliability assessment (result 4)": 1.0957529544830322,
    "Step 3.1.2.2.2: Reliability assessment (result 3)": 1.0958600044250488,
    "Step 3.6.2.1.3: Content fetching (result 3)": 13.392826318740845,
    "Step 3.6.2.1.3: Content fetching (result 2)": 13.394530057907104,
    "Step 3.6.2.1.3: Content fetching (result 1)": 13.395036220550537,
    "Step 3.6.2.1.3: Content fetching (result 4)": 13.39506483078003,
    "Step 3.6.2.1.3: Content fetching (result 5)": 13.395704746246338,
    "Step 3.1.2.2.2: Reliability assessment (result 5)": 1.099471092224121,
    "Step 3.4.2.1.2: Reliability assessment (result 1)": 0.38604211807250977,
    "Step 3.4.2.1.2: Reliability assessment (result 2)": 0.3861699104309082,
    "Step 3.4.2.1.2: Reliability assessment (result 4)": 0.38620686531066895,
    "Step 3.2.2.1.2: Reliability assessment (result 5)": 1.1403090953826904,
    "Step 3.4.2.1.2: Reliability assessment (result 3)": 0.3864572048187256,
    "Step 3.4.2.1.2: Reliability assessment (result 5)": 0.3865022659301758,
    "Step 3.2.2.1.2: Reliability assessment (result 2)": 1.1424691677093506,
    "Step 3.2.2.1.2: Reliability assessment (result 4)": 1.1424782276153564,
    "Step 3.2.2.1.2: Reliability assessment (result 3)": 1.142526388168335,
    "Step 3.4.2.2.2: Reliability assessment (result 3)": 0.35778284072875977,
    "Step 3.4.2.2.2: Reliability assessment (result 4)": 0.35790586471557617,
    "Step 3.4.2.2.2: Reliability assessment (result 5)": 0.6931872367858887,
    "Step 3.4.2.2.2: Reliability assessment (result 2)": 1.1775181293487549,
    "Step 3.4.2.2.2: Reliability assessment (result 1)": 1.1776740550994873,
    "Step 3.4.2.2.2: Reliability assessment (result 6)": 1.394394874572754,
    "Step 3.7.2.1.3: Content fetching (result 4)": 15.954859972000122,
    "Step 3.1.2.1.2: Reliability assessment (result 2)": 2.2085869312286377,
    "Step 3.7.2.1.3: Content fetching (result 5)": 15.075346946716309,
    "Step 3.1.2.1.2: Reliability assessment (result 1)": 2.4697859287261963,
    "Step 3.1.2.1.2: Reliability assessment (result 5)": 3.1893270015716553,
    "Step 3.1.2.1.2: Reliability assessment (result 4)": 3.3326292037963867,
    "Step 3.1.2.1.2: Reliability assessment (result 3)": 3.337007999420166,
    "Step 3.2.2.1.3: Content fetching (result 1)": 9.50201678276062,
    "Step 3.2.2.1.3: Content fetching (result 3)": 8.364861011505127,
    "Step 3.2.2.1.3: Content fetching (result 2)": 8.367089033126831,
    "Step 3.2.2.1.3: Content fetching (result 5)": 8.369496822357178,
    "Step 3.2.2.1.3: Content fetching (result 4)": 8.37149691581726,
    "Step 3.2.2.2.2: Reliability assessment (result 1)": 7.269107103347778,
    "Step 3.2.2.2.2: Reliability assessment (result 3)": 7.269119024276733,
    "Step 3.2.2.2.2: Reliability assessment (result 2)": 7.345765829086304,
    "Step 3.1.2.2.3: Content fetching (result 1)": 11.833795070648193,
    "Step 3.1.2.2.3: Content fetching (result 2)": 11.836551904678345,
    "Step 3.1.2.2.3: Content fetching (result 4)": 11.08610987663269,
    "Step 3.1.2.2.3: Content fetching (result 3)": 11.087890863418579,
    "Step 3.1.2.2.3: Content fetching (result 5)": 11.086120843887329,
    "Step 3.2.2.2.2: Reliability assessment (result 4)": 8.43652606010437,
    "Step 3.2.2.2.2: Reliability assessment (result 5)": 8.443076133728027,
    "Step 3.4.2.1.3: Content fetching (result 1)": 12.076083898544312,
    "Step 3.4.2.1.3: Content fetching (result 2)": 12.078254222869873,
    "Step 3.4.2.1.3: Content fetching (result 3)": 12.081228017807007,
    "Step 3.4.2.1.3: Content fetching (result 4)": 12.085397005081177,
    "Step 3.4.2.1.3: Content fetching (result 5)": 12.086119174957275,
    "Step 3.2.2.2.2: Reliability assessment (result 6)": 11.735738277435303,
    "Step 3.7.2.1.4: Evidence extraction (result 3)": 19.34940195083618,
    "Step 3.7.2.1.4: Evidence extraction (result 2)": 19.394821882247925,
    "Step 3.7.2.1.4: Evidence extraction (result 1)": 19.510170936584473,