{
  "timing": {
    "total_seconds": 52.741913080215454,
    "Step 1: Transcript extraction": 0.8469388484954834,
    "Step 2: Claim extraction": 4.699120044708252,
    "Step 3.4.1: Query generation for claim 4": 1.5918858051300049,
    "Step 3.3.1: Query generation for claim 3": 1.7160580158233643,
    "Step 3.2.1: Query generation for claim 2": 1.8018338680267334,
    "Step 3.1.1: Query generation for claim 1": 1.888031005859375,
    "Step 3.5.1: Query generation for claim 5": 1.8848278522491455,
    "Step 3.4.2.2.1.1: Google Search API (batch 1)": 1.100836992263794,
    "Step 3.2.2.1.1.1: Google Search API (batch 1)": 0.9816610813140869,
    "Step 3.1.2.2.1.1: Google Search API (batch 1)": 0.861501932144165,
    "Step 3.5.2.2.1.1: Google Search API (batch 1)": 0.793874979019165,
    "Step 3.3.2.2.1.1: Google Search API (batch 1)": 1.0579850673675537,
    "Step 3.3.2.1.1.1: Google Search API (batch 1)": 1.1337242126464844,
    "Step 3.1.2.1.1.1: Google Search API (batch 1)": 0.9897928237915039,
    "Step 3.2.2.2.1.1: Google Search API (batch 1)": 1.075631856918335,
    "Step 3.5.2.1.1.1: Google Search API (batch 1)": 1.0036320686340332,
    "Step 3.4.2.1.1.1: Google Search API (batch 1)": 1.4892711639404297,
    "Step 3.1.2.1.2: Reliability assessment (result 3)": 0.9588949680328369,
    "Step 3.1.2.1.2: Reliability assessment (result 4)": 0.9590251445770264,
    "Step 3.1.2.1.2: Reliability assessment (result 2)": 1.979433298110962,
    "Step 3.1.2.1.2: Reliability assessment (result 1)": 1.979597806930542,
    "Step 3.4.2.1.2: Reliability assessment (result 2)": 1.021575927734375,
    "Step 3.4.2.1.2: Reliability assessment (result 5)": 1.0218548774719238,
    "Step 3.5.2.1.2: Reliability assessment (result 2)": 1.021920919418335,
    "Step 3.5.2.1.2: Reliability assessment (result 4)": 1.0219459533691406,
    "Step 3.3.2.1.2: Reliability assessment (result 1)": 1.0221869945526123,
    "Step 3.3.2.1.2: Reliability assessment (result 2)": 1.0222971439361572,
    "Step 3.3.2.1.2: Reliability assessment (result 3)": 1.0223166942596436,
    "Step 3.5.2.1.2: Reliability assessment (result 1)": 1.0227127075195312,
    "Step 3.3.2.1.2: Reliability assessment (result 5)": 1.0226538181304932,
    "Step 3.5.2.1.2: Reliability assessment (result 3)": 1.022777795791626,
    "Step 3.4.2.1.2: Reliability assessment (result 4)": 1.0228910446166992,
    "Step 3.3.2.1.2: Reliability assessment (result 6)": 1.022740364074707,
    "Step 3.3.2.1.2: Reliability assessment (result 4)": 1.0228660106658936,
    "Step 3.4.2.1.2: Reliability assessment (result 1)": 1.0233159065246582,
    "Step 3.5.2.1.2: Reliability assessment (result 5)": 1.0232880115509033,
    "Step 3.4.2.1.2: Reliability assessment (result 3)": 1.0236289501190186,
    "Step 3.1.2.2.2: Reliability assessment (result 3)": 0.3515923023223877,
    "Step 3.1.2.2.2: Reliability assessment (result 5)": 0.3517000675201416,
    "Step 3.2.2.1.2: Reliability assessment (result 1)": 0.3517112731933594,
    "Step 3.2.2.1.2: Reliability assessment (result 3)": 0.3517749309539795,
    "Step 3.2.2.1.2: Reliability assessment (result 5)": 0.35166430473327637,
    "Step 3.5.2.2.2: Reliability assessment (result 2)": 0.35166382789611816,
    "Step 3.5.2.2.2: Reliability assessment (result 3)": 0.3516809940338135,
    "Step 3.5.2.2.2: Reliability assessment (result 1)": 0.3518030643463135,
    "Step 3.1.2.2.2: Reliability assessment (result 6)": 0.35207700729370117,
    "Step 3.1.2.2.2: Reliability assessment (result 4)": 0.6137628555297852,
    "Step 3.5.2.2.2: Reliability assessment (result 4)": 0.9351167678833008,
    "Step 3.1.2.2.2: Reliability assessment (result 2)": 0.955049991607666,
    "Step 3.2.2.1.2: Reliability assessment (result 4)": 0.9651310443878174,
    "Step 3.2.2.1.2: Reliability assessment (result 2)": 1.026857852935791,
    "Step 3.1.2.2.2: Reliability assessment (result 1)": 1.0321810245513916,
    "Step 3.1.2.1.3: Content fetching (result 3)": 3.455009698867798,
    "Step 3.1.2.1.3: Content fetching (result 4)": 3.461223840713501,
    "Step 3.1.2.1.3: Content fetching (result 2)": 2.443477153778076,
    "Step 3.1.2.1.3: Content fetching (result 1)": 2.4455771446228027,
    "Step 3.1.2.2.3: Content fetching (result 3)": 4.163753032684326,
    "Step 3.1.2.2.3: Content fetching (result 5)": 4.166250944137573,
    "Step 3.2.2.1.3: Content fetching (result 1)": 8.461113214492798,
    "Step 3.2.2.1.3: Content fetching (result 3)": 8.463176965713501,
    "Step 3.3.2.1.3: Content fetching (result 1)": 10.127384901046753,
    "Step 3.3.2.1.3: Content fetching (result 2)": 10.137398958206177,
    "Step 3.3.2.1.3: Content fetching (result 3)": 10.1389319896698,
    "Step 3.3.2.1.3: Content fetching (result 5)": 10.140671014785767,
    "Step 3.3.2.1.3: Content fetching (result 6)": 10.142462253570557,
    "Step 3.2.2.2.2: Reliability assessment (result 4)": 9.792570114135742,
    "Step 3.3.2.1.3: Content fetching (result 4)": 10.144343852996826,
    "Step 3.2.2.2.2: Reliability assessment (result 2)": 10.233936071395874,
    "Step 3.2.2.2.2: Reliability assessment (result 6)": 10.457775115966797,
    "Step 3.2.2.2.2: Reliability assessment (result 5)": 10.49918007850647,
    "Step 3.2.2.2.2: Reliability assessment (result 1)": 10.679813146591187,
    "Step 3.2.2.2.2: Reliability assessment (result 3)": 10.757009983062744,
    "Step 3.4.2.1.3: Content fetching (result 2)": 12.473467111587524,
    "Step 3.4.2.1.3: Content fetching (result 5)": 12.477777004241943,
    "Step 3.4.2.1.3: Content fetching (result 4)": 12.482290983200073,
    "Step 3.4.2.1.3: Content fetching (result 1)": 12.48415994644165,
    "Step 3.4.2.1.3: Content fetching (result 3)": 12.811752080917358,
    "Step 3.4.2.2.2: Reliability assessment (result 1)": 11.301597118377686,
    "Step 3.4.2.2.2: Reliability assessment (result 3)": 11.301903247833252,
    "Step 3.4.2.2.2: Reliability assessment (result 2)": 11.312329053878784,
    "Step 3.4.2.2.2: Reliability assessment (result 4)": 11.809394121170044,
    "Step 3.5.2.1.3: Content fetching (result 2)": 14.439525842666626,
    "Step 3.5.2.1.3: Content fetching (result 4)": 14.44352102279663,
    "Step 3.5.2.1.3: Content fetching (result 1)": 14.447602033615112,
    "Step 3.5.2.1.3: Content fetching (result 3)": 14.449580192565918,
    "Step 3.5.2.1.3: Content fetching (result 5)": 14.451085090637207,
    "Step 3.4.2.2.2: Reliability assessment (result 5)": 12.195852041244507,
    "Step 3.1.2.2.3: Content fetching (result 6)": 14.383023977279663,
    "Step 3.1.2.2.3: Content fetching (result 4)": 14.12318730354309,
    "Step 3.1.2.2.3: Content fetching (result 2)": 13.786150217056274,
    "Step 3.3.2.2.2: Reliability assessment (result 4)": 1.927428960800171,
    "Step 3.1.2.2.3: Content fetching (result 1)": 13.711120128631592,
    "Step 3.2.2.1.3: Content fetching (result 5)": 14.978413820266724,
    "Step 3.2.2.1.3: Content fetching (result 4)": 14.371343851089478,
    "Step 3.2.2.1.3: Content fetching (result 2)": 14.312233924865723,
    "Step 3.3.2.2.2: Reliability assessment (result 5)": 2.5379910469055176,
    "Step 3.3.2.2.2: Reliability assessment (result 1)": 2.59907603263855,
    "Step 3.3.2.2.2: Reliability assessment (result 3)": 2.8344008922576904,
    "Step 3.3.2.2.2: Reliability assessment (result 2)": 2.834496021270752,
    "Step 3.4.2.1.4: Evidence extraction (result 5)": 5.2520952224731445,
    "Step 3.5.2.1.4: Evidence extraction (result 2)": 3.304948091506958,
    "Step 3.1.2.2.4: Evidence extraction (result 5)": 13.30460000038147,
    "Step 3.5.2.1.4: Evidence extraction (result 5)": 3.4022300243377686,
    "Step 3.5.2.1.4: Evidence extraction (result 4)": 3.4444518089294434,
    "Step 3.1.2.1.4: Evidence extraction (result 3)": 15.510363817214966,
    "Step 3.3.2.1.4: Evidence extraction (result 2)": 7.898535251617432,
    "Step 3.1.2.2.4: Evidence extraction (result 1)": 3.3115410804748535,
    "Step 3.1.2.2.4: Evidence extraction (result 3)": 13.740708827972412,