{
  "timing": {
    "total_seconds": 75.6316020488739,
    "Step 1: Transcript extraction": 0.9049670696258545,
    "Step 2: Claim extraction": 4.824849843978882,
    "Step 3.4.1: Query generation for claim 4": 1.8018572330474854,
    "Step 3.1.1: Query generation for claim 1": 1.9289860725402832,
    "Step 3.2.1: Query generation for claim 2": 1.9284589290618896,
    "Step 3.3.1: Query generation for claim 3": 2.092919111251831,
    "Step 3.5.1: Query generation for claim 5": 2.177168130874634,
    "Step 3.1.2.1.1.1: Google Search API (batch 1)": 1.379392147064209,
    "Step 3.3.2.1.1.1: Google Search API (batch 1)": 1.2139320373535156,
    "Step 3.2.2.2.1.1: Google Search API (batch 1)": 1.2699840068817139,
    "Step 3.1.2.2.1.1: Google Search API (batch 1)": 1.3529558181762695,
    "Step 3.5.2.1.1.1: Google Search API (batch 1)": 1.1435737609863281,
    "Step 3.2.2.1.1.1: Google Search API (batch 1)": 1.3129549026489258,
    "Step 3.4.2.2.1.1: Google Search API (batch 1)": 1.438838005065918,
    "Step 3.5.2.2.1.1: Google Search API (batch 1)": 1.1076438426971436,
    "Step 3.4.2.1.1.1: Google Search API (batch 1)": 1.4872870445251465,
    "Step 3.3.2.2.1.1: Google Search API (batch 1)": 1.1936910152435303,
    "Step 3.3.2.1.2: Reliability assessment (result 1)": 0.32483482360839844,
    "Step 3.3.2.1.2: Reliability assessment (result 2)": 0.324857234954834,
    "Step 3.1.2.1.2: Reliability assessment (result 2)": 0.330765962600708,
    "Step 3.1.2.1.2: Reliability assessment (result 4)": 0.33046507835388184,
    "Step 3.1.2.1.2: Reliability assessment (result 3)": 0.3305349349975586,
    "Step 3.3.2.1.2: Reliability assessment (result 3)": 0.6555178165435791,
    "Step 3.4.2.1.2: Reliability assessment (result 2)": 0.30890703201293945,
    "Step 3.4.2.1.2: Reliability assessment (result 3)": 0.3089718818664551,
    "Step 3.1.2.1.2: Reliability assessment (result 5)": 0.7932291030883789,
    "Step 3.3.2.1.2: Reliability assessment (result 4)": 1.157177209854126,
    "Step 3.2.2.1.2: Reliability assessment (result 1)": 0.25077295303344727,
    "Step 3.4.2.1.2: Reliability assessment (result 4)": 0.61185622215271,
    "Step 3.2.2.1.2: Reliability assessment (result 3)": 0.3029060363769531,
    "Step 3.2.2.1.2: Reliability assessment (result 2)": 0.5129458904266357,
    "Step 3.2.2.1.2: Reliability assessment (result 5)": 0.5132160186767578,
    "Step 3.4.2.1.2: Reliability assessment (result 6)": 0.831989049911499,
    "Step 3.1.2.1.2: Reliability assessment (result 1)": 1.1873478889465332,
    "Step 3.2.2.1.2: Reliability assessment (result 4)": 0.5926427841186523,
    "Step 3.2.2.1.2: Reliability assessment (result 6)": 0.9570727348327637,
    "Step 3.4.2.1.2: Reliability assessment (result 5)": 1.597703218460083,
    "Step 3.4.2.1.2: Reliability assessment (result 1)": 2.339303970336914,
    "Step 3.3.2.1.3: Content fetching (result 1)": 6.803369998931885,
    "Step 3.3.2.1.3: Content fetching (result 2)": 6.805234909057617,
    "Step 3.3.2.1.3: Content fetching (result 3)": 6.480676174163818,
    "Step 3.3.2.1.3: Content fetching (result 4)": 5.980912208557129,
    "Step 3.1.2.2.2: Reliability assessment (result 1)": 6.198392629623413,
    "Step 3.1.2.2.2: Reliability assessment (result 3)": 6.198446989059448,
    "Step 3.1.2.2.2: Reliability assessment (result 4)": 6.198476076126099,
    "Step 3.1.2.2.2: Reliability assessment (result 2)": 6.209827184677124,
    "Step 3.1.2.2.2: Reliability assessment (result 5)": 7.363954067230225,
    "Step 3.3.2.2.2: Reliability assessment (result 1)": 6.848442792892456,
    "Step 3.3.2.2.2: Reliability assessment (result 2)": 7.475995063781738,
    "Step 3.3.2.2.2: Reliability assessment (result 3)": 8.129520893096924,
    "Step 3.3.2.2.2: Reliability assessment (result 4)": 8.129605770111084,
    "Step 3.3.2.2.2: Reliability assessment (result 5)": 8.65401005744934,
    "Step 3.3.2.2.2: Reliability assessment (result 6)": 9.441075086593628,
    "Step 3.5.2.1.2: Reliability assessment (result 1)": 9.866117000579834,
    "Step 3.5.2.1.2: Reliability assessment (result 2)": 9.866183042526245,
    "Step 3.4.2.1.3: Content fetching (result 2)": 15.990210056304932,
    "Step 3.4.2.1.3: Content fetching (result 3)": 15.99246096611023,
    "Step 3.4.2.1.3: Content fetching (result 4)": 15.695823669433594,
    "Step 3.4.2.1.3: Content fetching (result 6)": 15.477744102478027,
    "Step 3.4.2.1.3: Content fetching (result 5)": 14.7152578830719,
    "Step 3.4.2.1.3: Content fetching (result 1)": 13.975886821746826,
    "Step 3.5.2.1.2: Reliability assessment (result 3)": 10.96577525138855,
    "Step 3.2.2.1.3: Content fetching (result 1)": 16.304014205932617,
    "Step 3.5.2.2.2: Reliability assessment (result 1)": 8.709632873535156,
    "Step 3.2.2.1.3: Content fetching (result 3)": 16.253562927246094,
    "Step 3.2.2.1.3: Content fetching (result 2)": 16.050143003463745,
    "Step 3.5.2.2.2: Reliability assessment (result 4)": 8.717893838882446,
    "Step 3.2.2.1.3: Content fetching (result 5)": 16.053492069244385,
    "Step 3.2.2.1.3: Content fetching (result 4)": 15.975969076156616,
    "Step 3.2.2.1.3: Content fetching (result 6)": 15.613233089447021,
    "Step 3.5.2.1.2: Reliability assessment (result 5)": 11.383957147598267,
    "Step 3.5.2.1.2: Reliability assessment (result 6)": 11.505897045135498,
    "Step 3.4.2.2.2: Reliability assessment (result 3)": 6.989567995071411,
    "Step 3.5.2.1.2: Reliability assessment (result 4)": 11.794036865234375,
    "Step 3.4.2.2.2: Reliability assessment (result 4)": 7.305310964584351,
    "Step 3.4.2.2.2: Reliability assessment (result 5)": 7.542225360870361,
    "Step 3.4.2.2.2: Reliability assessment (result 6)": 7.580856084823608,
    "Step 3.5.2.2.2: Reliability assessment (result 5)": 9.648869037628174,
    "Step 3.4.2.2.2: Reliability assessment (result 1)": 8.139494895935059,
    "Step 3.5.2.2.2: Reliability assessment (result 3)": 10.025880813598633,
    "Step 3.4.2.2.2: Reliability assessment (result 2)": 8.1456618309021,
    "Step 3.5.2.2.2: Reliability assessment (result 6)": 10.043556928634644,
    "Step 3.5.2.1.3: Content fetching (result 1)": 4.9170591831207275,
    "Step 3.5.2.1.3: Content fetching (result 2)": 8.759660005569458,
    "Step 3.5.2.2.2: Reliability assessment (result 2)": 19.184456825256348,
    "Step 3.5.2.2.3: Content fetching (result 1)": 12.191377878189087,
    "Step 3.1.2.2.3: Content fetching (result 1)": 22.28093719482422,
    "Step 3.1.2.2.3: Content fetching (result 3)": 22.28312921524048,
    "Step 3.1.2.2.3: Content fetching (result 4)": 22.28521704673767,
    "Step 3.1.2.2.3: Content fetching (result 2)": 22.27534294128418,
    "Step 3.1.2.2.3: Content fetching (result 5)": 21.12377119064331,
    "Step 3.5.2.2.3: Content fetching (result 4)": 13.844832181930542,
    "Step 3.1.2.1.3: Content fetching (result 2)": 30.721706867218018,
    "Step 3.1.2.1.3: Content fetching (result 4)": 30.72564721107483,
    "Step 3.1.2.1.3: Content fetching (result 3)": 30.72717785835266,
    "Step 3.1.2.1.3: Content fetching (result 5)": 30.266876220703125,
    "Step 3.1.2.1.3: Content fetching (result 1)": 29.875285148620605,
    "Step 3.3.2.1.4: Evidence extraction (result 3)": 26.00848412513733,
    "Step 3.3.2.1.4: Evidence extraction (result 2)": 26.178324937820435,
    "Step 3.3.2.1.4: Evidence extraction (result 1)": 26.21381902694702,
    "Step 3.3.2.1.4: Evidence extraction (result 4)": 26.280677318572998,
    "Step 3.3.2: Search execution for claim 3 query 1": 37.697407960891724,
    "Step 3.3.2.2.3: Content fetching (result 1)": 21.160255908966064,
    "Step 3.3.2.2.3: Content fetching (result 2)": 20.533004999160767,
    "Step 3.3.2.2.3: Content fetching (result 3)": 19.88056206703186,
    "Step 3.3.2.2.3: Content fetching (result 4)": 19.88076901435852,
    "Step 3.3.2.2.3: Content fetching (result 5)": 19.356690168380737,
    "Step 3.3.2.2.3: Content fetching (result 6)": 18.569904088974,