{
  "timing": {
    "total_seconds": 93.77643275260925,
    "Step 1: Transcript extraction": 1.0795068740844727,
    "Step 2: Claim extraction": 9.731630802154541,
    "Step 3.5.1: Query generation for claim 5": 2.860908031463623,
    "Step 3.1.1: Query generation for claim 1": 2.987468957901001,
    "Step 3.3.1: Query generation for claim 3": 3.070435047149658,
    "Step 3.4.1: Query generation for claim 4": 3.07027006149292,
    "Step 3.2.1: Query generation for claim 2": 3.238407850265503,
    "Step 3.5.2.2.1.1: Google Search API (batch 1)": 1.1141672134399414,
    "Step 3.3.2.1.1.1: Google Search API (batch 1)": 0.997596025466919,
    "Step 3.1.2.2.1.1: Google Search API (batch 1)": 1.0415689945220947,
    "Step 3.1.2.1.1.1: Google Search API (batch 1)": 1.0836029052734375,
    "Step 3.4.2.1.1.1: Google Search API (batch 1)": 0.917543888092041,
    "Step 3.2.2.1.1.1: Google Search API (batch 1)": 0.8336451053619385,
    "Step 3.3.2.2.1.1: Google Search API (batch 1)": 0.9619488716125488,
    "Step 3.5.2.1.1.1: Google Search API (batch 1)": 1.2241909503936768,
    "Step 3.4.2.2.1.1: Google Search API (batch 1)": 0.9520771503448486,
    "Step 3.2.2.2.1.1: Google Search API (batch 1)": 1.056549072265625,
    "Step 3.5.2.2.2: Reliability assessment (result 1)": 0.00032901763916015625,
    "Step 3.5.2.2.2: Reliability assessment (result 3)": 0.0006110668182373047,
    "Step 3.5.2.2.2: Reliability assessment (result 2)": 0.6663250923156738,
    "Step 3.5.2.1.2: Reliability assessment (result 1)": 0.00045609474182128906,
    "Step 3.5.2.1.2: Reliability assessment (result 3)": 0.0006818771362304688,
    "Step 3.3.2.2.2: Reliability assessment (result 2)": 0.001149892807006836,
    "Step 3.3.2.2.2: Reliability assessment (result 3)": 0.001188039779663086,
    "Step 3.3.2.2.2: Reliability assessment (result 4)": 0.0013930797576904297,
    "Step 3.3.2.2.2: Reliability assessment (result 5)": 0.0014071464538574219,
    "Step 3.5.2.2.2: Reliability assessment (result 4)": 0.9701869487762451,
    "Step 3.5.2.1.2: Reliability assessment (result 2)": 0.5641648769378662,
    "Step 3.3.2.2.2: Reliability assessment (result 1)": 1.0260281562805176,
    "Step 3.4.2.1.2: Reliability assessment (result 2)": 0.5271618366241455,
    "Step 3.4.2.1.2: Reliability assessment (result 3)": 0.5274319648742676,
    "Step 3.4.2.1.2: Reliability assessment (result 4)": 0.5274908542633057,
    "Step 3.4.2.1.2: Reliability assessment (result 5)": 0.5275249481201172,
    "Step 3.3.2.2.2: Reliability assessment (result 6)": 2.3088011741638184,
    "Step 3.4.2.1.2: Reliability assessment (result 1)": 1.2830562591552734,
    "Step 3.4.2.1.2: Reliability assessment (result 6)": 1.283667802810669,
    "Step 3.2.2.2.2: Reliability assessment (result 1)": 0.9342188835144043,
    "Step 3.5.2.2.3: Content fetching (result 1)": 3.6781859397888184,
    "Step 3.5.2.2.3: Content fetching (result 3)": 3.6825830936431885,
    "Step 3.2.2.2.2: Reliability assessment (result 4)": 1.4648659229278564,
    "Step 3.5.2.2.3: Content fetching (result 2)": 3.0201821327209473,
    "Step 3.5.2.2.3: Content fetching (result 4)": 2.718903064727783,
    "Step 3.1.2.2.2: Reliability assessment (result 2)": 1.278601884841919,
    "Step 3.1.2.2.2: Reliability assessment (result 3)": 1.2787330150604248,
    "Step 3.2.2.2.2: Reliability assessment (result 2)": 1.8493759632110596,
    "Step 3.1.2.2.2: Reliability assessment (result 1)": 1.5076708793640137,
    "Step 3.2.2.2.2: Reliability assessment (result 3)": 1.9086329936981201,
    "Step 3.2.2.2.2: Reliability assessment (result 6)": 2.0379350185394287,
    "Step 3.5.2.1.3: Content fetching (result 1)": 3.5929791927337646,
    "Step 3.4.2.2.2: Reliability assessment (result 1)": 1.2850067615509033,
    "Step 3.4.2.2.2: Reliability assessment (result 2)": 1.2850420475006104,
    "Step 3.4.2.2.2: Reliability assessment (result 3)": 1.285032033920288,
    "Step 3.5.2.1.3: Content fetching (result 3)": 3.59511399269104,
    "Step 3.5.2.1.3: Content fetching (result 2)": 3.034069061279297,
    "Step 3.1.2.2.2: Reliability assessment (result 4)": 1.7130248546600342,
    "Step 3.2.2.2.2: Reliability assessment (result 5)": 2.2713911533355713,
    "Step 3.1.2.2.2: Reliability assessment (result 5)": 2.031554698944092,
    "Step 3.4.2.2.2: Reliability assessment (result 6)": 2.0861799716949463,
    "Step 3.4.2.2.2: Reliability assessment (result 5)": 2.0865230560302734,
    "Step 3.1.2.2.3: Content fetching (result 2)": 2.082782030105591,
    "Step 3.1.2.2.3: Content fetching (result 3)": 2.084813117980957,
    "Step 3.1.2.2.3: Content fetching (result 1)": 2.340632200241089,
    "Step 3.2.2.2.3: Content fetching (result 1)": 5.575833082199097,
    "Step 3.2.2.2.3: Content fetching (result 4)": 5.050692081451416,
    "Step 3.2.2.2.3: Content fetching (result 2)": 4.671009063720703,
    "Step 3.2.2.2.3: Content fetching (result 3)": 4.6142871379852295,
    "Step 3.2.2.2.3: Content fetching (result 6)": 4.48749303817749,
    "Step 3.1.2.2.3: Content fetching (result 4)": 6.601731061935425,
    "Step 3.4.2.2.2: Reliability assessment (result 4)": 9.126859903335571,
    "Step 3.4.2.2.3: Content fetching (result 1)": 8.257808923721313,
    "Step 3.4.2.2.3: Content fetching (result 2)": 8.331297159194946,
    "Step 3.1.2.1.2: Reliability assessment (result 2)": 7.530332088470459,
    "Step 3.4.2.2.3: Content fetching (result 3)": 8.333070993423462,
    "Step 3.1.2.1.2: Reliability assessment (result 1)": 8.017757892608643,
    "Step 3.1.2.1.2: Reliability assessment (result 3)": 8.017822027206421,
    "Step 3.1.2.1.2: Reliability assessment (result 4)": 8.099207878112793,
    "Step 3.1.2.2.3: Content fetching (result 5)": 9.09841513633728,
    "Step 3.1.2.1.3: Content fetching (result 2)": 1.4974088668823242,
    "Step 3.3.2.1.2: Reliability assessment (result 1)": 1.010634183883667,
    "Step 3.3.2.1.2: Reliability assessment (result 2)": 1.0109279155731201,
    "Step 3.3.2.1.2: Reliability assessment (result 3)": 1.0109751224517822,
    "Step 3.3.2.1.2: Reliability assessment (result 4)": 1.0110020637512207,
    "Step 3.3.2.1.2: Reliability assessment (result 6)": 1.7682888507843018,
    "Step 3.3.2.1.2: Reliability assessment (result 5)": 1.824415922164917,
    "Step 3.5.2.1.4: Evidence extraction (result 1)": 11.491813898086548,
    "Step 3.1.2.1.3: Content fetching (result 1)": 3.46121883392334,
    "Step 3.1.2.1.3: Content fetching (result 3)": 3.4645140171051025,
    "Step 3.5.2.2.4: Evidence extraction (result 2)": 12.873002052307129,
    "Step 3.5.2.1.4: Evidence extraction (result 2)": 12.717715978622437,
    "Step 3.5.2.2.4: Evidence extraction (result 4)": 13.876801013946533,
    "Step 3.5.2.1.4: Evidence extraction (result 3)": 13.640760898590088,
    "Step 3.5.2: Search execution for claim 5 query 1": 20.684191942214966,
    "Step 3.5.2.2.4: Evidence extraction (result 1)": 14.489336013793945,
    "Step 3.3.2.1.3: Content fetching (result 1)": 4.2792980670928955,
    "Step 3.1.2.2.4: Evidence extraction (result 4)": 7.716162204742432,
    "Step 3.5.2.2.4: Evidence extraction (result 3)": 14.998874187469482,
    "Step 3.5.2: Search execution for claim 5 query 2": 21.365312814712524,
    "Step 3.3.2.1.3: Content fetching (result 2)": 5.018155097961426,
    "Step 3.4.2.2.4: Evidence extraction (result 2)": 6.671305179595947,
    "Step 3.3.2.1.3: Content fetching (result 3)": 5.991156816482544,
    "Step 3.2.2.2.4: Evidence extraction (result 3)": 11.493738889694214,
    "Step 3.4.2.2.4: Evidence extraction (result 1)": 8.116935014724731,
    "Step 3.1.2.2.4: Evidence extraction (result 3)": 14.694994926452637,
    "Step 3.4.2.2.4: Evidence extraction (result 3)": 8.226167917251587,
    "Step 3.2.2.2.4: Evidence extraction (result 4)": 12.170663833618164,
    "Step 3.1.2.2.4: Evidence extraction (result 1)": 14.617578983306885,
    "Step 3.3.2.1.3: Content fetching (result 4)": 7.156858921051025,