{
  "timing": {
    "total_seconds": 64.0448226928711,
    "Step 1: Transcript extraction": 0.8282921314239502,
    "Step 2: Claim extraction": 8.411914110183716,
    "Step 3.5.1: Query generation for claim 5": 2.3379456996917725,
    "Step 3.3.1: Query generation for claim 3": 2.462830066680908,
    "Step 3.1.1: Query generation for claim 1": 2.5484399795532227,
    "Step 3.2.1: Query generation for claim 2": 2.6333189010620117,
    "Step 3.4.1: Query generation for claim 4": 2.6324758529663086,
    "Step 3.2.2.1.1.1: Google Search API (batch 1)": 0.9634449481964111,
    "Step 3.4.2.2.1.1: Google Search API (batch 1)": 0.8721990585327148,
    "Step 3.4.2.1.1.1: Google Search API (batch 1)": 0.9389219284057617,
    "Step 3.1.2.1.1.1: Google Search API (batch 1)": 1.1147747039794922,
    "Step 3.2.2.2.1.1: Google Search API (batch 1)": 0.9880251884460449,
    "Step 3.3.2.1.1.1: Google Search API (batch 1)": 1.2068040370941162,
    "Step 3.1.2.2.1.1: Google Search API (batch 1)": 1.1394238471984863,
    "Step 3.5.2.1.1.1: Google Search API (batch 1)": 1.379802942276001,
    "Step 3.5.2.2.1.1: Google Search API (batch 1)": 1.392697811126709,
    "Step 3.3.2.2.1.1: Google Search API (batch 1)": 1.4479999542236328,
    "Step 3.3.2.2.2: Reliability assessment (result 1)": 0.311901330947876,
    "Step 3.3.2.2.2: Reliability assessment (result 3)": 0.3115556240081787,
    "Step 3.3.2.2.2: Reliability assessment (result 4)": 0.3116030693054199,
    "Step 3.3.2.2.2: Reliability assessment (result 5)": 0.31198906898498535,
    "Step 3.3.2.2.2: Reliability assessment (result 2)": 0.3129308223724365,
    "Step 3.4.2.2.2: Reliability assessment (result 1)": 0.0012352466583251953,
    "Step 3.4.2.2.2: Reliability assessment (result 2)": 0.0014340877532958984,
    "Step 3.4.2.2.2: Reliability assessment (result 3)": 0.0014541149139404297,
    "Step 3.4.2.2.2: Reliability assessment (result 4)": 0.0014679431915283203,
    "Step 3.3.2.1.2: Reliability assessment (result 1)": 0.9808130264282227,
    "Step 3.3.2.1.2: Reliability assessment (result 2)": 0.9809238910675049,
    "Step 3.3.2.1.2: Reliability assessment (result 3)": 0.980975866317749,
    "Step 3.3.2.1.2: Reliability assessment (result 4)": 0.9809939861297607,
    "Step 3.3.2.2.2: Reliability assessment (result 6)": 1.610875129699707,
    "Step 3.3.2.1.2: Reliability assessment (result 6)": 0.9810230731964111,
    "Step 3.4.2.2.2: Reliability assessment (result 5)": 1.967851161956787,
    "Step 3.4.2.2.2: Reliability assessment (result 6)": 1.967928171157837,
    "Step 3.4.2.1.2: Reliability assessment (result 1)": 1.0043723583221436,
    "Step 3.4.2.1.2: Reliability assessment (result 3)": 1.0041248798370361,
    "Step 3.2.2.1.2: Reliability assessment (result 4)": 1.0041389465332031,
    "Step 3.3.2.1.2: Reliability assessment (result 5)": 1.9848108291625977,
    "Step 3.2.2.1.2: Reliability assessment (result 2)": 1.0043599605560303,
    "Step 3.5.2.2.2: Reliability assessment (result 1)": 1.004305124282837,
    "Step 3.5.2.2.2: Reliability assessment (result 3)": 1.0043108463287354,
    "Step 3.5.2.2.2: Reliability assessment (result 2)": 1.0043818950653076,
    "Step 3.2.2.1.2: Reliability assessment (result 3)": 1.004500150680542,
    "Step 3.4.2.1.2: Reliability assessment (result 2)": 1.0050549507141113,
    "Step 3.2.2.1.2: Reliability assessment (result 1)": 1.00459885597229,
    "Step 3.5.2.2.2: Reliability assessment (result 4)": 1.0044538974761963,
    "Step 3.2.2.1.2: Reliability assessment (result 5)": 1.0045676231384277,
    "Step 3.4.2.1.2: Reliability assessment (result 5)": 1.00510573387146,
    "Step 3.4.2.1.2: Reliability assessment (result 4)": 1.0397400856018066,
    "Step 3.5.2.2.2: Reliability assessment (result 5)": 1.6459767818450928,
    "Step 3.4.2.1.3: Content fetching (result 1)": 3.336528778076172,
    "Step 3.4.2.1.3: Content fetching (result 3)": 6.876720905303955,
    "Step 3.1.2.1.2: Reliability assessment (result 1)": 7.445185661315918,
    "Step 3.4.2.2.3: Content fetching (result 1)": 10.11180591583252,
    "Step 3.1.2.1.2: Reliability assessment (result 3)": 7.8106019496917725,
    "Step 3.4.2.2.3: Content fetching (result 3)": 10.117785930633545,
    "Step 3.4.2.2.3: Content fetching (result 2)": 10.119962692260742,
    "Step 3.4.2.2.3: Content fetching (result 4)": 10.121888160705566,
    "Step 3.4.2.2.3: Content fetching (result 5)": 8.157405853271484,
    "Step 3.2.2.2.2: Reliability assessment (result 3)": 7.822464942932129,
    "Step 3.4.2.2.3: Content fetching (result 6)": 8.159407138824463,
    "Step 3.1.2.1.2: Reliability assessment (result 2)": 8.00340485572815,
    "Step 3.2.2.2.2: Reliability assessment (result 6)": 8.26988434791565,
    "Step 3.2.2.2.2: Reliability assessment (result 4)": 8.427961826324463,
    "Step 3.1.2.2.2: Reliability assessment (result 2)": 8.427990913391113,
    "Step 3.2.2.2.2: Reliability assessment (result 1)": 8.454626083374023,
    "Step 3.1.2.2.2: Reliability assessment (result 1)": 8.528260946273804,
    "Step 3.1.2.1.2: Reliability assessment (result 5)": 8.589310884475708,
    "Step 3.1.2.1.2: Reliability assessment (result 4)": 8.589410781860352,
    "Step 3.1.2.2.2: Reliability assessment (result 3)": 8.685295104980469,
    "Step 3.2.2.2.2: Reliability assessment (result 2)": 8.896526098251343,
    "Step 3.2.2.2.2: Reliability assessment (result 5)": 8.940004110336304,
    "Step 3.1.2.2.2: Reliability assessment (result 4)": 9.045237064361572,
    "Step 3.1.2.2.2: Reliability assessment (result 5)": 9.313858032226562,
    "Step 3.3.2.2.3: Content fetching (result 1)": 11.708242893218994,
    "Step 3.3.2.2.3: Content fetching (result 3)": 11.709787130355835,
    "Step 3.3.2.2.3: Content fetching (result 4)": 11.711355924606323,
    "Step 3.3.2.2.3: Content fetching (result 5)": 11.713469982147217,
    "Step 3.3.2.2.3: Content fetching (result 2)": 11.715584993362427,
    "Step 3.3.2.2.3: Content fetching (result 6)": 10.41895318031311,
    "Step 3.1.2.2.2: Reliability assessment (result 6)": 9.651053190231323,
    "Step 3.3.2.1.3: Content fetching (result 1)": 14.5541250705719,
    "Step 3.3.2.1.3: Content fetching (result 2)": 14.55590009689331,
    "Step 3.3.2.1.3: Content fetching (result 3)": 14.929026126861572,
    "Step 3.3.2.1.3: Content fetching (result 4)": 14.930085897445679,
    "Step 3.3.2.1.3: Content fetching (result 6)": 14.931235074996948,
    "Step 3.3.2.1.3: Content fetching (result 5)": 13.928184032440186,
    "Step 3.4.2.1.3: Content fetching (result 2)": 17.79815983772278,
    "Step 3.4.2.1.3: Content fetching (result 5)": 17.800496101379395,
    "Step 3.4.2.1.3: Content fetching (result 4)": 17.768326997756958,
    "Step 3.1.2.1.3: Content fetching (result 1)": 11.613738059997559,
    "Step 3.1.2.1.3: Content fetching (result 3)": 11.252299070358276,
    "Step 3.1.2.1.3: Content fetching (result 2)": 11.06174921989441,
    "Step 3.2.2.1.3: Content fetching (result 4)": 20.012199878692627,
    "Step 3.2.2.1.3: Content fetching (result 2)": 20.014127016067505,
    "Step 3.2.2.1.3: Content fetching (result 3)": 20.01616382598877,
    "Step 3.2.2.1.3: Content fetching (result 1)": 20.018113136291504,
    "Step 3.2.2.1.3: Content fetching (result 5)": 20.02009868621826,
    "Step 3.1.2.1.3: Content fetching (result 5)": 14.064759016036987,
    "Step 3.1.2.1.3: Content fetching (result 4)": 14.067417860031128,
    "Step 3.5.2.1.2: Reliability assessment (result 1)": 8.733370780944824,
    "Step 3.5.2.1.2: Reliability assessment (result 2)": 10.055503129959106,
    "Step 3.5.2.1.2: Reliability assessment (result 3)": 10.055574178695679,
    "Step 3.5.2.1.2: Reliability assessment (result 4)": 12.047255992889404,
    "Step 3.1.2.2.3: Content fetching (result 2)": 17.759649753570557,
    "Step 3.5.2.1.2: Reliability assessment (result 5)": 12.799673795700073,
    "Step 3.1.2.2.3: Content fetching (result 1)": 18.67374897003174,
    "Step 3.1.2.2.3: Content fetching (result 3)": 18.525752067565918,