{
  "timing": {
    "total_seconds": 39.71887683868408,
    "Step 1: Transcript extraction": 5.495654821395874,
    "Step 2: Claim extraction": 9.463864803314209,
    "Step 3.1.1: Query generation for claim 1": 2.270263671875,
    "Step 3.1.2.2.1.1: Google Search API (batch 1)": 0.8017711639404297,
    "Step 3.1.2.1.1.1: Google Search API (batch 1)": 1.0673718452453613,
    "Step 3.1.2.2.2: Reliability assessment (result 1)": 0.00037407875061035156,
    "Step 3.1.2.2.2: Reliability assessment (result 2)": 0.00037217140197753906,
    "Step 3.1.2.1.2: Reliability assessment (result 1)": 0.00039386749267578125,
    "Step 3.1.2.2.2: Reliability assessment (result 3)": 0.7197749614715576,
    "Step 3.1.2.1.2: Reliability assessment (result 4)": 0.654839038848877,
    "Step 3.1.2.1.2: Reliability assessment (result 3)": 0.9206411838531494,
    "Step 3.1.2.1.2: Reliability assessment (result 2)": 0.9704959392547607,
    "Step 3.1.2.2.3: Content fetching (result 1)": 5.0270819664001465,
    "Step 3.1.2.2.3: Content fetching (result 2)": 5.032160043716431,
    "Step 3.1.2.2.3: Content fetching (result 3)": 4.3162841796875,
    "Step 3.1.2.2.4: Evidence extraction (result 1)": 0.9008452892303467,
    "Step 3.1.2.2.4: Evidence extraction (result 3)": 0.9003767967224121,
    "Step 3.1.2.2.4: Evidence extraction (result 2)": 1.0324711799621582,
    "Step 3.1.2: Search execution for claim 1 query 2": 9.723653078079224,
    "Step 3.1.2.1.3: Content fetching (result 4)": 11.389165163040161,
    "Step 3.1.2.1.3: Content fetching (result 1)": 12.046773910522461,
    "Step 3.1.2.1.3: Content fetching (result 3)": 11.129452228546143,
    "Step 3.1.2.1.3: Content fetching (result 2)": 11.082484006881714,
    "Step 3.1.2.1.4: Evidence extraction (result 4)": 0.8588709831237793,
    "Step 3.1.2.1.4: Evidence extraction (result 2)": 2.2217018604278564,
    "Step 3.1.2.1.4: Evidence extraction (result 1)": 2.7917349338531494,
    "Step 3.1.2.1.4: Evidence extraction (result 3)": 3.2537453174591064,
    "Step 3.1.2: Search execution for claim 1 query 1": 19.552807807922363,
    "Step 3.1.3: Verdict generation for claim 1": 2.79451584815979,
    "Step 3: Query generation + search + verdicts for all claims (PARALLEL)": 24.618928909301758,
    "Step 4: Sort and assemble final output": 0.0003790855407714844
  },
  "llm": {
    "total_calls": 10,
    "total_cost_usd": 0.00104235,
    "total_latency_seconds": 24.330000000000002
  },
  "claims_extracted": 1,
  "success": true,
  "error": null
}
