{
  "timing": {
    "total_seconds": 78.92685389518738,
    "Step 1: Transcript extraction": 1.1909990310668945,
    "Step 2: Claim extraction": 20.87401509284973,
    "Step 3.1.1: Query generation for claim 1": 2.2940328121185303,
    "Step 3.1.2.1.1.1: Google Search API (batch 1)": 1.4683609008789062,
    "Step 3.1.2.1.2: Reliability assessment (result 1)": 0.00038504600524902344,
    "Step 3.1.2.1.2: Reliability assessment (result 2)": 0.00039196014404296875,
    "Step 3.1.2.1.2: Reliability assessment (result 3)": 0.0004100799560546875,
    "Step 3.1.2.1.2: Reliability assessment (result 4)": 0.0004191398620605469,
    "Step 3.1.2.1.2: Reliability assessment (result 5)": 0.00043010711669921875,
    "Step 3.1.2.1.2: Reliability assessment (result 6)": 0.0004298686981201172,
    "Step 3.1.2.2.1.1: Google Search API (batch 1)": 2.253887891769409,
    "Step 3.1.2.2.2: Reliability assessment (result 1)": 0.00047588348388671875,
    "Step 3.1.2.2.2: Reliability assessment (result 2)": 0.0006549358367919922,
    "Step 3.1.2.2.2: Reliability assessment (result 6)": 0.5726962089538574,
    "Step 3.1.2.2.2: Reliability assessment (result 5)": 0.580359935760498,
    "Step 3.1.2.2.2: Reliability assessment (result 3)": 0.716562032699585,
    "Step 3.1.2.2.2: Reliability assessment (result 4)": 0.908721923828125,
    "Step 3.1.2.2.3: Content fetching (result 1)": 10.467795133590698,
    "Step 3.1.2.2.3: Content fetching (result 2)": 10.471529960632324,
    "Step 3.1.2.2.3: Content fetching (result 6)": 9.901865005493164,
    "Step 3.1.2.2.3: Content fetching (result 5)": 9.896443128585815,
    "Step 3.1.2.2.3: Content fetching (result 3)": 9.76260495185852,
    "Step 3.1.2.2.3: Content fetching (result 4)": 9.572954893112183,
    "Step 3.1.2.1.3: Content fetching (result 1)": 15.220562934875488,
    "Step 3.1.2.1.3: Content fetching (result 2)": 15.22251296043396,
    "Step 3.1.2.1.3: Content fetching (result 5)": 15.224591970443726,
    "Step 3.1.2.1.3: Content fetching (result 4)": 15.226999759674072,
    "Step 3.1.2.1.3: Content fetching (result 3)": 15.229078769683838,
    "Step 3.1.2.1.3: Content fetching (result 6)": 15.231072902679443,
    "Step 3.1.2.2.4: Evidence extraction (result 5)": 1.0067217350006104,
    "Step 3.1.2.2.4: Evidence extraction (result 1)": 1.0210061073303223,
    "Step 3.1.2.2.4: Evidence extraction (result 6)": 1.0337412357330322,
    "Step 3.1.2.2.4: Evidence extraction (result 2)": 1.049799919128418,
    "Step 3.1.2.2.4: Evidence extraction (result 4)": 1.056427001953125,
    "Step 3.1.2.2.4: Evidence extraction (result 3)": 1.0881307125091553,
    "Step 3.1.2: Search execution for claim 1 query 2": 17.84409499168396,
    "Step 3.1.2.1.4: Evidence extraction (result 5)": 4.2868428230285645,
    "Step 3.1.2.1.4: Evidence extraction (result 4)": 4.2914252281188965,
    "Step 3.1.2.1.4: Evidence extraction (result 1)": 4.302081108093262,
    "Step 3.1.2.1.4: Evidence extraction (result 2)": 5.326850175857544,
    "Step 3.1.2.1.4: Evidence extraction (result 6)": 18.286523818969727,
    "Step 3.1.2.1.4: Evidence extraction (result 3)": 18.380244970321655,
    "Step 3.1.2: Search execution for claim 1 query 1": 35.71888589859009,
    "Step 3.1.3: Verdict generation for claim 1": 18.654825925827026,
    "Step 3: Query generation + search + verdicts for all claims (PARALLEL)": 56.669037103652954,
    "Step 4: Sort and assemble final output": 0.0001308917999267578
  },
  "llm": {
    "total_calls": 12,
    "total_cost_usd": 0.00230535,
    "total_latency_seconds": 44.08
  },
  "claims_extracted": 1,
  "success": true,
  "error": null
}
