{
  "timing": {
    "total_seconds": 83.22669696807861,
    "Step 1: Transcript extraction": 5.914167165756226,
    "Step 2: Claim extraction": 5.6223790645599365,
    "Step 3.3.1: Query generation for claim 3": 2.046071767807007,
    "Step 3.1.1: Query generation for claim 1": 2.171515703201294,
    "Step 3.2.1: Query generation for claim 2": 2.171046018600464,
    "Step 3.3.2.2.1.1: Google Search API (batch 1)": 1.1143112182617188,
    "Step 3.2.2.1.1.1: Google Search API (batch 1)": 0.9948022365570068,
    "Step 3.3.2.1.1.1: Google Search API (batch 1)": 1.1629772186279297,
    "Step 3.1.2.2.1.1: Google Search API (batch 1)": 1.0390472412109375,
    "Step 3.2.2.2.1.1: Google Search API (batch 1)": 1.0936169624328613,
    "Step 3.1.2.2.2: Reliability assessment (result 1)": 0.3078131675720215,
    "Step 3.1.2.2.2: Reliability assessment (result 2)": 0.30793309211730957,
    "Step 3.1.2.1.1.1: Google Search API (batch 1)": 2.934616804122925,
    "Step 3.1.2.2.2: Reliability assessment (result 3)": 0.30867576599121094,
    "Step 3.1.2.2.2: Reliability assessment (result 4)": 0.30872583389282227,
    "Step 3.1.2.2.2: Reliability assessment (result 6)": 0.3092641830444336,
    "Step 3.2.2.2.2: Reliability assessment (result 1)": 0.0018689632415771484,
    "Step 3.2.2.2.2: Reliability assessment (result 2)": 0.001981973648071289,
    "Step 3.2.2.2.2: Reliability assessment (result 3)": 0.0021550655364990234,
    "Step 3.2.2.2.2: Reliability assessment (result 4)": 0.0024509429931640625,
    "Step 3.2.2.1.2: Reliability assessment (result 1)": 0.00031185150146484375,
    "Step 3.2.2.1.2: Reliability assessment (result 2)": 0.0004570484161376953,
    "Step 3.2.2.1.2: Reliability assessment (result 3)": 0.0009458065032958984,
    "Step 3.2.2.1.2: Reliability assessment (result 4)": 0.000982046127319336,
    "Step 3.1.2.2.2: Reliability assessment (result 5)": 0.8512771129608154,
    "Step 3.2.2.2.2: Reliability assessment (result 5)": 0.9108569622039795,
    "Step 3.2.2.1.2: Reliability assessment (result 5)": 0.7271139621734619,
    "Step 3.2.2.1.2: Reliability assessment (result 6)": 0.954871654510498,
    "Step 3.3.2.2.2: Reliability assessment (result 1)": 1.0775377750396729,
    "Step 3.3.2.2.2: Reliability assessment (result 2)": 1.5419797897338867,
    "Step 3.3.2.2.2: Reliability assessment (result 3)": 2.29754376411438,
    "Step 3.3.2.2.2: Reliability assessment (result 4)": 2.6953728199005127,
    "Step 3.3.2.2.2: Reliability assessment (result 5)": 3.1756041049957275,
    "Step 3.2.2.2.3: Content fetching (result 1)": 6.671022176742554,
    "Step 3.2.2.2.3: Content fetching (result 2)": 6.672996997833252,
    "Step 3.2.2.2.3: Content fetching (result 3)": 6.674939155578613,
    "Step 3.2.2.2.3: Content fetching (result 4)": 6.677072763442993,
    "Step 3.2.2.2.3: Content fetching (result 5)": 5.7714009284973145,
    "Step 3.3.2.1.2: Reliability assessment (result 5)": 3.278217077255249,
    "Step 3.3.2.1.2: Reliability assessment (result 2)": 3.278543710708618,
    "Step 3.3.2.1.2: Reliability assessment (result 3)": 3.287022829055786,
    "Step 3.3.2.1.2: Reliability assessment (result 1)": 3.6742441654205322,
    "Step 3.3.2.1.2: Reliability assessment (result 4)": 3.6741487979888916,
    "Step 3.3.2.1.3: Content fetching (result 5)": 3.858564853668213,
    "Step 3.3.2.1.3: Content fetching (result 2)": 4.147950887680054,
    "Step 3.3.2.1.3: Content fetching (result 3)": 5.6650941371917725,
    "Step 3.1.2.1.2: Reliability assessment (result 1)": 5.278861999511719,
    "Step 3.1.2.1.2: Reliability assessment (result 2)": 5.278854131698608,
    "Step 3.1.2.1.2: Reliability assessment (result 3)": 6.159409284591675,
    "Step 3.1.2.1.2: Reliability assessment (result 4)": 6.748589038848877,
    "Step 3.1.2.1.2: Reliability assessment (result 5)": 7.624871730804443,
    "Step 3.1.2.1.2: Reliability assessment (result 6)": 8.09333610534668,
    "Step 3.3.2.1.3: Content fetching (result 1)": 9.45572304725647,
    "Step 3.2.2.1.3: Content fetching (result 1)": 16.973870277404785,
    "Step 3.2.2.1.3: Content fetching (result 2)": 16.97634482383728,
    "Step 3.2.2.1.3: Content fetching (result 3)": 16.97863221168518,
    "Step 3.2.2.1.3: Content fetching (result 4)": 16.981102228164673,
    "Step 3.2.2.1.3: Content fetching (result 5)": 16.256966829299927,
    "Step 3.2.2.1.3: Content fetching (result 6)": 16.03145408630371,
    "Step 3.3.2.1.3: Content fetching (result 4)": 10.37035322189331,
    "Step 3.2.2.2.4: Evidence extraction (result 3)": 12.595147132873535,
    "Step 3.2.2.2.4: Evidence extraction (result 1)": 13.678128004074097,
    "Step 3.2.2.2.4: Evidence extraction (result 4)": 13.703012943267822,
    "Step 3.2.2.2.4: Evidence extraction (result 2)": 14.005108118057251,
    "Step 3.2.2.1.4: Evidence extraction (result 1)": 3.5419809818267822,
    "Step 3.1.2.2.3: Content fetching (result 1)": 21.4410457611084,
    "Step 3.2.2.1.4: Evidence extraction (result 5)": 4.125149965286255,
    "Step 3.1.2.2.3: Content fetching (result 2)": 21.454336881637573,
    "Step 3.1.2.2.3: Content fetching (result 4)": 21.455927848815918,
    "Step 3.1.2.2.3: Content fetching (result 3)": 21.458713054656982,
    "Step 3.1.2.2.3: Content fetching (result 6)": 21.460159063339233,
    "Step 3.1.2.2.3: Content fetching (result 5)": 20.9204421043396,
    "Step 3.3.2.2.3: Content fetching (result 1)": 17.510194301605225,
    "Step 3.3.2.2.3: Content fetching (result 2)": 17.0952308177948,
    "Step 3.3.2.2.3: Content fetching (result 3)": 16.391891956329346,
    "Step 3.3.2.2.3: Content fetching (result 4)": 16.043301820755005,
    "Step 3.3.2.2.3: Content fetching (result 5)": 15.613671779632568,
    "Step 3.2.2.2.4: Evidence extraction (result 5)": 20.210422039031982,
    "Step 3.2.2: Search execution for claim 2 query 2": 29.821845054626465,
    "Step 3.1.2.1.3: Content fetching (result 1)": 16.53457999229431,
    "Step 3.1.2.1.3: Content fetching (result 2)": 16.53647804260254,
    "Step 3.1.2.1.3: Content fetching (result 4)": 15.06851601600647,
    "Step 3.1.2.1.3: Content fetching (result 3)": 15.659632205963135,
    "Step 3.1.2.1.3: Content fetching (result 6)": 13.731502056121826,
    "Step 3.1.2.1.3: Content fetching (result 5)": 14.202136039733887,
    "Step 3.3.2.1.4: Evidence extraction (result 3)": 23.427261114120483,
    "Step 3.3.2.1.4: Evidence extraction (result 1)": 19.25832986831665,
    "Step 3.3.2.1.4: Evidence extraction (result 2)": 25.065430879592896,
    "Step 3.2.2.1.4: Evidence extraction (result 4)": 19.069926023483276,
    "Step 3.3.2.1.4: Evidence extraction (result 4)": 18.6682870388031,
    "Step 3.3.2.1.4: Evidence extraction (result 5)": 25.57906222343445,
    "Step 3.3.2: Search execution for claim 3 query 1": 39.791027307510376,
    "Step 3.2.2.1.4: Evidence extraction (result 3)": 19.3840229511261,
    "Step 3.2.2.1.4: Evidence extraction (result 6)": 19.377625226974487,
    "Step 3.2.2.1.4: Evidence extraction (result 2)": 19.410746097564697,
    "Step 3.2.2: Search execution for claim 2 query 1": 39.73531174659729,
    "Step 3.1.2.2.4: Evidence extraction (result 1)": 18.025661945343018,
    "Step 3.1.2.2.4: Evidence extraction (result 6)": 18.094911813735962,
    "Step 3.1.2.2.4: Evidence extraction (result 3)": 18.100127935409546,
    "Step 3.1.2.2.4: Evidence extraction (result 2)": 18.110891103744507,
    "Step 3.1.2.2.4: Evidence extraction (result 5)": 18.18816304206848,
    "Step 3.3.2.2.4: Evidence extraction (result 1)": 17.85284399986267,
    "Step 3.1.2.2.4: Evidence extraction (result 4)": 18.25881028175354,
    "Step 3.1.2: Search execution for claim 1 query 2": 42.76827812194824,
    "Step 3.3.2.2.4: Evidence extraction (result 3)": 18.068103075027466,
    "Step 3.3.2.2.4: Evidence extraction (result 4)": 18.054084062576294,
    "Step 3.3.2.2.4: Evidence extraction (result 2)": 18.27037000656128,
    "Step 3.3.2.2.4: Evidence extraction (result 5)": 18.216774940490723,