{
  "timing": {
    "total_seconds": 70.40563821792603,
    "Step 1: Transcript extraction": 0.8903670310974121,
    "Step 2: Claim extraction": 16.902568101882935,
    "Step 3.1.1: Query generation for claim 1": 2.1633119583129883,
    "Step 3.1.2.1.1.1: Google Search API (batch 1)": 1.0240020751953125,
    "Step 3.1.2.2.1.1: Google Search API (batch 1)": 1.083014965057373,
    "Step 3.1.2.2.2: Reliability assessment (result 3)": 0.0005321502685546875,
    "Step 3.1.2.2.2: Reliability assessment (result 4)": 0.0006051063537597656,
    "Step 3.1.2.2.2: Reliability assessment (result 5)": 0.5614891052246094,
    "Step 3.1.2.1.2: Reliability assessment (result 2)": 0.0004990100860595703,
    "Step 3.1.2.2.2: Reliability assessment (result 1)": 1.0330641269683838,
    "Step 3.1.2.2.2: Reliability assessment (result 2)": 1.0380091667175293,
    "Step 3.1.2.2.2: Reliability assessment (result 6)": 1.054046869277954,
    "Step 3.1.2.1.2: Reliability assessment (result 6)": 0.45045900344848633,
    "Step 3.1.2.1.2: Reliability assessment (result 5)": 0.7948176860809326,
    "Step 3.1.2.1.2: Reliability assessment (result 3)": 1.0477368831634521,
    "Step 3.1.2.1.2: Reliability assessment (result 4)": 1.0788118839263916,
    "Step 3.1.2.1.2: Reliability assessment (result 1)": 1.0789601802825928,
    "Step 3.1.2.1.3: Content fetching (result 2)": 6.1362128257751465,
    "Step 3.1.2.1.3: Content fetching (result 6)": 5.6886210441589355,
    "Step 3.1.2.1.3: Content fetching (result 5)": 5.345937967300415,
    "Step 3.1.2.1.3: Content fetching (result 3)": 5.094594955444336,
    "Step 3.1.2.1.3: Content fetching (result 4)": 5.065555810928345,
    "Step 3.1.2.1.3: Content fetching (result 1)": 5.067623853683472,
    "Step 3.1.2.2.3: Content fetching (result 3)": 7.858837842941284,
    "Step 3.1.2.2.3: Content fetching (result 4)": 7.867332935333252,
    "Step 3.1.2.2.3: Content fetching (result 5)": 7.308265924453735,
    "Step 3.1.2.2.3: Content fetching (result 1)": 6.838534832000732,
    "Step 3.1.2.2.3: Content fetching (result 2)": 6.835327863693237,
    "Step 3.1.2.2.3: Content fetching (result 6)": 6.821135997772217,
    "Step 3.1.2.1.4: Evidence extraction (result 4)": 2.114649772644043,
    "Step 3.1.2.1.4: Evidence extraction (result 3)": 2.1282641887664795,
    "Step 3.1.2.1.4: Evidence extraction (result 2)": 2.22567081451416,
    "Step 3.1.2.1.4: Evidence extraction (result 5)": 2.2314207553863525,
    "Step 3.1.2.2.4: Evidence extraction (result 3)": 1.7828330993652344,
    "Step 3.1.2.2.4: Evidence extraction (result 4)": 1.8908460140228271,
    "Step 3.1.2.2.4: Evidence extraction (result 1)": 1.9915437698364258,
    "Step 3.1.2.2.4: Evidence extraction (result 5)": 2.2735440731048584,
    "Step 3.1.2.1.4: Evidence extraction (result 6)": 3.7770729064941406,
    "Step 3.1.2.1.4: Evidence extraction (result 1)": 18.819711923599243,
    "Step 3.1.2: Search execution for claim 1 query 1": 31.688724994659424,
    "Step 3.1.2.2.4: Evidence extraction (result 2)": 18.200608015060425,
    "Step 3.1.2.2.4: Evidence extraction (result 6)": 18.311434030532837,
    "Step 3.1.2: Search execution for claim 1 query 2": 31.8304340839386,
    "Step 3.1.3: Verdict generation for claim 1": 18.378066062927246,
    "Step 3: Query generation + search + verdicts for all claims (PARALLEL)": 52.451252937316895,
    "Step 4: Sort and assemble final output": 0.00010395050048828125
  },
  "llm": {
    "total_calls": 11,
    "total_cost_usd": 0.00314145,
    "total_latency_seconds": 38.49
  },
  "claims_extracted": 1,
  "success": true,
  "error": null
}
