{
  "timing": {
    "total_seconds": 78.93071293830872,
    "Step 1: Transcript extraction": 1.2505629062652588,
    "Step 2: Claim extraction": 6.5049638748168945,
    "Step 3.3.1: Query generation for claim 3": 2.1565351486206055,
    "Step 3.2.1: Query generation for claim 2": 2.162558078765869,
    "Step 3.5.1: Query generation for claim 5": 2.162121057510376,
    "Step 3.4.1: Query generation for claim 4": 2.16357421875,
    "Step 3.1.1: Query generation for claim 1": 2.166785955429077,
    "Step 3.3.2.2.1.1: Google Search API (batch 1)": 1.0999889373779297,
    "Step 3.5.2.1.1.1: Google Search API (batch 1)": 1.04929780960083,
    "Step 3.1.2.1.1.1: Google Search API (batch 1)": 0.9110138416290283,
    "Step 3.4.2.2.1.1: Google Search API (batch 1)": 0.9966669082641602,
    "Step 3.2.2.1.1.1: Google Search API (batch 1)": 1.2077250480651855,
    "Step 3.2.2.2.1.1: Google Search API (batch 1)": 1.1725718975067139,
    "Step 3.1.2.2.1.1: Google Search API (batch 1)": 0.9221451282501221,
    "Step 3.4.2.1.1.1: Google Search API (batch 1)": 1.0498311519622803,
    "Step 3.5.2.2.1.1: Google Search API (batch 1)": 1.134397029876709,
    "Step 3.3.2.1.1.1: Google Search API (batch 1)": 1.3481709957122803,
    "Step 3.4.2.1.2: Reliability assessment (result 2)": 0.3369319438934326,
    "Step 3.4.2.1.2: Reliability assessment (result 3)": 0.33748292922973633,
    "Step 3.4.2.1.2: Reliability assessment (result 4)": 0.33752989768981934,
    "Step 3.1.2.1.2: Reliability assessment (result 2)": 0.0007982254028320312,
    "Step 3.1.2.1.2: Reliability assessment (result 3)": 0.0011069774627685547,
    "Step 3.1.2.1.2: Reliability assessment (result 5)": 0.0019991397857666016,
    "Step 3.1.2.1.2: Reliability assessment (result 4)": 0.31910085678100586,
    "Step 3.1.2.2.2: Reliability assessment (result 2)": 0.00033211708068847656,
    "Step 3.1.2.2.2: Reliability assessment (result 3)": 0.000579833984375,
    "Step 3.1.2.2.2: Reliability assessment (result 4)": 0.0005998611450195312,
    "Step 3.1.2.2.2: Reliability assessment (result 6)": 0.0005970001220703125,
    "Step 3.4.2.1.2: Reliability assessment (result 1)": 1.111604928970337,
    "Step 3.1.2.1.2: Reliability assessment (result 1)": 1.4225339889526367,
    "Step 3.4.2.2.2: Reliability assessment (result 1)": 0.3946681022644043,
    "Step 3.1.2.2.2: Reliability assessment (result 5)": 1.1639506816864014,
    "Step 3.4.2.2.2: Reliability assessment (result 3)": 0.39667463302612305,
    "Step 3.1.2.2.2: Reliability assessment (result 1)": 1.2015948295593262,
    "Step 3.4.2.2.2: Reliability assessment (result 2)": 1.5176970958709717,
    "Step 3.4.2.2.2: Reliability assessment (result 4)": 1.5209550857543945,
    "Step 3.4.2.2.3: Content fetching (result 1)": 6.880566120147705,
    "Step 3.4.2.2.3: Content fetching (result 3)": 6.8820788860321045,
    "Step 3.1.2.1.3: Content fetching (result 2)": 10.28360390663147,
    "Step 3.1.2.1.3: Content fetching (result 5)": 10.284607887268066,
    "Step 3.1.2.1.3: Content fetching (result 3)": 10.287060022354126,
    "Step 3.1.2.1.3: Content fetching (result 4)": 9.971885681152344,
    "Step 3.1.2.1.3: Content fetching (result 1)": 8.87096905708313,
    "Step 3.4.2.1.3: Content fetching (result 2)": 10.320176124572754,
    "Step 3.4.2.1.3: Content fetching (result 4)": 10.321912050247192,
    "Step 3.4.2.1.3: Content fetching (result 3)": 10.323829889297485,
    "Step 3.4.2.1.3: Content fetching (result 1)": 9.551858901977539,
    "Step 3.3.2.2.1.2: Google Search API (batch 2)": 5.711917161941528,
    "Step 3.1.2.2.3: Content fetching (result 2)": 11.715617656707764,
    "Step 3.1.2.2.3: Content fetching (result 3)": 11.71619200706482,
    "Step 3.1.2.2.3: Content fetching (result 4)": 11.716700792312622,
    "Step 3.1.2.2.3: Content fetching (result 6)": 11.717283010482788,
    "Step 3.1.2.2.3: Content fetching (result 5)": 10.554198980331421,
    "Step 3.1.2.2.3: Content fetching (result 1)": 10.517619371414185,
    "Step 3.5.2.2.2: Reliability assessment (result 2)": 0.3358290195465088,
    "Step 3.3.2.1.1.2: Google Search API (batch 2)": 1.123466968536377,
    "Step 3.5.2.2.2: Reliability assessment (result 4)": 0.3364269733428955,
    "Step 3.5.2.1.2: Reliability assessment (result 2)": 0.0018401145935058594,
    "Step 3.2.2.1.1.2: Google Search API (batch 2)": 1.0948097705841064,
    "Step 3.5.2.1.2: Reliability assessment (result 6)": 0.25583624839782715,
    "Step 3.5.2.2.2: Reliability assessment (result 5)": 0.6031439304351807,
    "Step 3.5.2.1.2: Reliability assessment (result 5)": 0.2722768783569336,
    "Step 3.5.2.1.2: Reliability assessment (result 4)": 0.27266693115234375,
    "Step 3.4.2.2.3: Content fetching (result 2)": 10.233761072158813,
    "Step 3.4.2.2.3: Content fetching (result 4)": 10.316495180130005,
    "Step 3.5.2.2.2: Reliability assessment (result 6)": 1.345369815826416,
    "Step 3.2.2.2.1.2: Google Search API (batch 2)": 0.9878718852996826,
    "Step 3.5.2.1.2: Reliability assessment (result 1)": 2.9987857341766357,
    "Step 3.5.2.2.2: Reliability assessment (result 1)": 3.342941999435425,
    "Step 3.5.2.2.2: Reliability assessment (result 3)": 3.4260737895965576,
    "Step 3.5.2.1.2: Reliability assessment (result 3)": 3.090440273284912,
    "Step 3.2.2.1.2: Reliability assessment (result 2)": 1.0412638187408447,
    "Step 3.2.2.1.2: Reliability assessment (result 3)": 1.0414161682128906,
    "Step 3.2.2.1.2: Reliability assessment (result 1)": 1.3918228149414062,
    "Step 3.3.2.2.2: Reliability assessment (result 3)": 1.1411688327789307,
    "Step 3.3.2.2.2: Reliability assessment (result 1)": 1.3550920486450195,
    "Step 3.3.2.1.2: Reliability assessment (result 1)": 1.4441697597503662,
    "Step 3.3.2.1.2: Reliability assessment (result 2)": 2.4983222484588623,
    "Step 3.3.2.2.3: Content fetching (result 3)": 3.7509729862213135,
    "Step 3.5.2.2.3: Content fetching (result 2)": 9.55601978302002,
    "Step 3.5.2.2.3: Content fetching (result 4)": 9.557199239730835,
    "Step 3.5.2.2.3: Content fetching (result 5)": 9.297760963439941,
    "Step 3.5.2.2.3: Content fetching (result 6)": 8.558172225952148,
    "Step 3.5.2.2.3: Content fetching (result 1)": 6.564573049545288,
    "Step 3.5.2.2.3: Content fetching (result 3)": 6.482358932495117,
    "Step 3.3.2.2.3: Content fetching (result 1)": 3.6872451305389404,
    "Step 3.1.2.1.4: Evidence extraction (result 1)": 12.7637197971344,
    "Step 3.5.2.1.3: Content fetching (result 2)": 11.471008062362671,
    "Step 3.5.2.1.3: Content fetching (result 5)": 11.214563131332397,
    "Step 3.5.2.1.3: Content fetching (result 4)": 11.22013521194458,
    "Step 3.5.2.1.3: Content fetching (result 6)": 11.23944091796875,
    "Step 3.5.2.1.3: Content fetching (result 1)": 8.498253107070923,
    "Step 3.5.2.1.3: Content fetching (result 3)": 8.408485889434814,
    "Step 3.3.2.1.3: Content fetching (result 1)": 4.450416088104248,
    "Step 3.3.2.1.3: Content fetching (result 2)": 3.398498773574829,
    "Step 3.2.2.2.2: Reliability assessment (result 5)": 0.72560715675354,
    "Step 3.2.2.2.2: Reliability assessment (result 3)": 0.73172926902771,
    "Step 3.2.2.2.2: Reliability assessment (result 4)": 0.7800998687744141,
    "Step 3.4.2.1.4: Evidence extraction (result 2)": 14.078485012054443,
    "Step 3.1.2.1.4: Evidence extraction (result 3)": 14.46240496635437,
    "Step 3.1.2.1.4: Evidence extraction (result 2)": 14.70254373550415,
    "Step 3.1.2.2.4: Evidence extraction (result 1)": 12.698889255523682,
    "Step 3.1.2.2.4: Evidence extraction (result 3)": 12.990718841552734,
    "Step 3.1.2.2.4: Evidence extraction (result 6)": 13.070362091064453,
    "Step 3.2.2.2.2: Reliability assessment (result 2)": 2.6025888919830322,
    "Step 3.2.2.2.2: Reliability assessment (result 1)": 2.635737180709839,
    "Step 3.3.2.2.2: Reliability assessment (result 2)": 10.862564086914062,
    "Step 3.2.2.1.3: Content fetching (result 2)": 11.162998914718628,