{
  "timing": {
    "total_seconds": 74.73463082313538,
    "Step 1: Transcript extraction": 1.1315829753875732,
    "Step 2: Claim extraction": 8.417595863342285,
    "Step 3.3.1: Query generation for claim 3": 2.178755044937134,
    "Step 3.1.1: Query generation for claim 1": 2.38230299949646,
    "Step 3.2.1: Query generation for claim 2": 2.6343958377838135,
    "Step 3.4.1: Query generation for claim 4": 2.730605125427246,
    "Step 3.5.1: Query generation for claim 5": 2.813844919204712,
    "Step 3.3.2.2.1.1: Google Search API (batch 1)": 0.6756720542907715,
    "Step 3.3.2.1.1.1: Google Search API (batch 1)": 0.8687481880187988,
    "Step 3.1.2.2.1.1: Google Search API (batch 1)": 0.8304321765899658,
    "Step 3.2.2.2.1.1: Google Search API (batch 1)": 0.8832399845123291,
    "Step 3.1.2.1.1.1: Google Search API (batch 1)": 1.206968069076538,
    "Step 3.4.2.1.1.1: Google Search API (batch 1)": 0.9100832939147949,
    "Step 3.2.2.1.1.1: Google Search API (batch 1)": 1.0115492343902588,
    "Step 3.5.2.1.1.1: Google Search API (batch 1)": 0.8489980697631836,
    "Step 3.5.2.2.1.1: Google Search API (batch 1)": 0.8117260932922363,
    "Step 3.4.2.2.1.1: Google Search API (batch 1)": 0.933488130569458,
    "Step 3.1.2.2.2: Reliability assessment (result 1)": 0.0003190040588378906,
    "Step 3.1.2.2.2: Reliability assessment (result 2)": 0.0004508495330810547,
    "Step 3.1.2.2.2: Reliability assessment (result 3)": 0.0009860992431640625,
    "Step 3.1.2.2.2: Reliability assessment (result 4)": 0.0009958744049072266,
    "Step 3.1.2.2.2: Reliability assessment (result 6)": 0.7465221881866455,
    "Step 3.1.2.2.2: Reliability assessment (result 5)": 0.7466697692871094,
    "Step 3.3.2.2.2: Reliability assessment (result 1)": 0.00027298927307128906,
    "Step 3.4.2.1.2: Reliability assessment (result 1)": 0.0007750988006591797,
    "Step 3.4.2.1.2: Reliability assessment (result 3)": 0.0007338523864746094,
    "Step 3.4.2.1.2: Reliability assessment (result 4)": 0.0007522106170654297,
    "Step 3.3.2.2.2: Reliability assessment (result 3)": 0.5836811065673828,
    "Step 3.3.2.2.2: Reliability assessment (result 2)": 0.5895700454711914,
    "Step 3.4.2.1.2: Reliability assessment (result 5)": 0.8028049468994141,
    "Step 3.4.2.1.2: Reliability assessment (result 6)": 1.064889907836914,
    "Step 3.1.2.2.3: Content fetching (result 1)": 9.66923975944519,
    "Step 3.1.2.2.3: Content fetching (result 2)": 9.674232006072998,
    "Step 3.1.2.2.3: Content fetching (result 4)": 9.675313949584961,
    "Step 3.1.2.2.3: Content fetching (result 3)": 9.678348064422607,
    "Step 3.1.2.2.3: Content fetching (result 6)": 8.93484091758728,
    "Step 3.1.2.2.3: Content fetching (result 5)": 8.936800003051758,
    "Step 3.3.2.2.3: Content fetching (result 1)": 7.063781023025513,
    "Step 3.3.2.2.3: Content fetching (result 3)": 6.481230735778809,
    "Step 3.3.2.2.3: Content fetching (result 2)": 6.475826978683472,
    "Step 3.1.2.1.2: Reliability assessment (result 1)": 0.0019059181213378906,
    "Step 3.1.2.1.2: Reliability assessment (result 3)": 0.0024788379669189453,
    "Step 3.1.2.1.2: Reliability assessment (result 6)": 0.002538919448852539,
    "Step 3.1.2.1.2: Reliability assessment (result 4)": 0.709733247756958,
    "Step 3.1.2.1.2: Reliability assessment (result 5)": 0.7098519802093506,
    "Step 3.4.2.2.2: Reliability assessment (result 1)": 0.003933906555175781,
    "Step 3.4.2.2.2: Reliability assessment (result 3)": 0.004064798355102539,
    "Step 3.4.2.2.2: Reliability assessment (result 4)": 0.004186153411865234,
    "Step 3.4.2.2.2: Reliability assessment (result 2)": 0.20287632942199707,
    "Step 3.4.2.2.2: Reliability assessment (result 6)": 0.20290803909301758,
    "Step 3.4.2.2.2: Reliability assessment (result 5)": 1.053095817565918,
    "Step 3.1.2.2.4: Evidence extraction (result 4)": 4.3146607875823975,
    "Step 3.1.2.2.4: Evidence extraction (result 3)": 4.3505940437316895,
    "Step 3.1.2.2.4: Evidence extraction (result 6)": 4.75487208366394,
    "Step 3.1.2.2.4: Evidence extraction (result 5)": 4.820643901824951,
    "Step 3.3.2.2.4: Evidence extraction (result 3)": 3.492654800415039,
    "Step 3.4.2.1.2: Reliability assessment (result 2)": 10.210718870162964,
    "Step 3.1.2.2.4: Evidence extraction (result 2)": 5.040935039520264,
    "Step 3.1.2.2.4: Evidence extraction (result 1)": 5.761296272277832,
    "Step 3.1.2: Search execution for claim 1 query 2": 17.952558994293213,
    "Step 3.3.2.2.4: Evidence extraction (result 2)": 5.0491790771484375,
    "Step 3.1.2.1.3: Content fetching (result 1)": 6.333024978637695,
    "Step 3.5.2.1.2: Reliability assessment (result 2)": 4.13556694984436,
    "Step 3.1.2.1.3: Content fetching (result 6)": 6.334035873413086,
    "Step 3.1.2.1.3: Content fetching (result 3)": 6.335993766784668,
    "Step 3.2.2.1.2: Reliability assessment (result 1)": 3.5823748111724854,
    "Step 3.1.2.1.3: Content fetching (result 4)": 5.630552053451538,
    "Step 3.2.2.1.2: Reliability assessment (result 3)": 3.5842061042785645,
    "Step 3.1.2.1.3: Content fetching (result 5)": 5.632414817810059,
    "Step 3.5.2.1.2: Reliability assessment (result 3)": 4.731931209564209,
    "Step 3.5.2.2.1.2: Google Search API (batch 2)": 4.595970869064331,
    "Step 3.3.2.1.1.2: Google Search API (batch 2)": 4.381591796875,
    "Step 3.3.2.2.4: Evidence extraction (result 1)": 7.154758930206299,
    "Step 3.3.2: Search execution for claim 3 query 2": 20.85921311378479,
    "Step 3.5.2.1.3: Content fetching (result 2)": 1.5110998153686523,
    "Step 3.5.2.1.2: Reliability assessment (result 4)": 5.7223732471466064,
    "Step 3.2.2.1.2: Reliability assessment (result 4)": 6.216217041015625,
    "Step 3.5.2.1.3: Content fetching (result 3)": 2.6055989265441895,
    "Step 3.1.2.1.2: Reliability assessment (result 2)": 10.221492052078247,
    "Step 3.1.2.1.4: Evidence extraction (result 1)": 4.261495113372803,
    "Step 3.5.2.1.3: Content fetching (result 4)": 3.3174288272857666,
    "Step 3.5.2.1.4: Evidence extraction (result 2)": 3.6458852291107178,
    "Step 3.1.2.1.4: Evidence extraction (result 3)": 5.154903173446655,
    "Step 3.1.2.1.4: Evidence extraction (result 5)": 5.262066841125488,
    "Step 3.1.2.1.3: Content fetching (result 2)": 1.825143814086914,
    "Step 3.1.2.1.4: Evidence extraction (result 6)": 5.766895055770874,
    "Step 3.2.2.1.3: Content fetching (result 1)": 6.296145915985107,
    "Step 3.2.2.1.3: Content fetching (result 3)": 6.296458005905151,
    "Step 3.2.2.1.3: Content fetching (result 4)": 3.666274070739746,
    "Step 3.4.2.1.3: Content fetching (result 1)": 20.12778115272522,
    "Step 3.2.2.2.1.2: Google Search API (batch 2)": 2.815659761428833,
    "Step 3.1.2.1.4: Evidence extraction (result 4)": 7.5394368171691895,
    "Step 3.5.2.1.2: Reliability assessment (result 1)": 12.46532392501831,
    "Step 3.1.2.1.4: Evidence extraction (result 2)": 3.0901567935943604,
    "Step 3.1.2: Search execution for claim 1 query 1": 28.711736917495728,
    "Step 3.5.2.1.3: Content fetching (result 1)": 1.0108232498168945,
    "Step 3.5.2.1.4: Evidence extraction (result 3)": 6.1407999992370605,
    "Step 3.2.2.1.4: Evidence extraction (result 3)": 3.328139066696167,
    "Step 3.2.2.1.4: Evidence extraction (result 1)": 3.491189956665039,
    "Step 3.5.2.2.2: Reliability assessment (result 3)": 0.5766458511352539,
    "Step 3.5.2.2.2: Reliability assessment (result 2)": 0.5769059658050537,
    "Step 3.5.2.2.2: Reliability assessment (result 1)": 0.5794727802276611,
    "Step 3.2.2.1.2: Reliability assessment (result 2)": 13.788570165634155,
    "Step 3.5.2.1.4: Evidence extraction (result 1)": 1.2289228439331055,
    "Step 3.2.2.1.3: Content fetching (result 2)": 0.8417658805847168,
    "Step 3.5.2.1.4: Evidence extraction (result 4)": 6.173947811126709,
    "Step 3.5.2: Search execution for claim 5 query 1": 30.524229049682617,
    "Step 3.1.3: Verdict generation for claim 1": 2.2475850582122803,