{
  "timing": {
    "total_seconds": 80.5947630405426,
    "Step 1: Transcript extraction": 8.97134017944336,
    "Step 2: Claim extraction": 17.671254873275757,
    "Step 3.1.1: Query generation for claim 1": 2.138223886489868,
    "Step 3.1.2.2.1.1: Google Search API (batch 1)": 1.115480899810791,
    "Step 3.1.2.1.1.1: Google Search API (batch 1)": 1.5148389339447021,
    "Step 3.1.2.1.2: Reliability assessment (result 1)": 0.313431978225708,
    "Step 3.1.2.1.2: Reliability assessment (result 2)": 0.313507080078125,
    "Step 3.1.2.1.2: Reliability assessment (result 3)": 0.31370997428894043,
    "Step 3.1.2.1.2: Reliability assessment (result 5)": 0.3138549327850342,
    "Step 3.1.2.2.2: Reliability assessment (result 1)": 0.0011098384857177734,
    "Step 3.1.2.2.2: Reliability assessment (result 2)": 0.0011179447174072266,
    "Step 3.1.2.2.2: Reliability assessment (result 3)": 0.001138925552368164,
    "Step 3.1.2.2.2: Reliability assessment (result 4)": 0.0011591911315917969,
    "Step 3.1.2.1.2: Reliability assessment (result 4)": 0.5655770301818848,
    "Step 3.1.2.1.2: Reliability assessment (result 6)": 1.0094242095947266,
    "Step 3.1.2.2.2: Reliability assessment (result 5)": 1.033099889755249,
    "Step 3.1.2.2.2: Reliability assessment (result 6)": 1.0331666469573975,
    "Step 3.1.2.2.3: Content fetching (result 1)": 14.515599727630615,
    "Step 3.1.2.2.3: Content fetching (result 3)": 14.521446228027344,
    "Step 3.1.2.2.3: Content fetching (result 4)": 14.523876190185547,
    "Step 3.1.2.2.3: Content fetching (result 2)": 14.526489973068237,
    "Step 3.1.2.2.3: Content fetching (result 5)": 13.496974229812622,
    "Step 3.1.2.2.3: Content fetching (result 6)": 13.49896788597107,
    "Step 3.1.2.2.4: Evidence extraction (result 2)": 2.4848482608795166,
    "Step 3.1.2.2.4: Evidence extraction (result 5)": 2.579761266708374,
    "Step 3.1.2.2.4: Evidence extraction (result 3)": 2.602607250213623,
    "Step 3.1.2.2.4: Evidence extraction (result 1)": 2.684514045715332,
    "Step 3.1.2.2.4: Evidence extraction (result 6)": 3.049344062805176,
    "Step 3.1.2.1.3: Content fetching (result 1)": 17.88028383255005,
    "Step 3.1.2.1.3: Content fetching (result 2)": 17.882073163986206,
    "Step 3.1.2.1.3: Content fetching (result 5)": 17.883267164230347,
    "Step 3.1.2.1.3: Content fetching (result 3)": 17.88528299331665,
    "Step 3.1.2.1.3: Content fetching (result 4)": 17.635508060455322,
    "Step 3.1.2.1.3: Content fetching (result 6)": 17.193373918533325,
    "Step 3.1.2.2.4: Evidence extraction (result 4)": 5.28751802444458,
    "Step 3.1.2: Search execution for claim 1 query 2": 24.108684062957764,
    "Step 3.1.2.1.4: Evidence extraction (result 4)": 18.253865003585815,
    "Step 3.1.2.1.4: Evidence extraction (result 5)": 18.263736963272095,
    "Step 3.1.2.1.4: Evidence extraction (result 1)": 18.27492880821228,
    "Step 3.1.2.1.4: Evidence extraction (result 3)": 18.353092670440674,
    "Step 3.1.2.1.4: Evidence extraction (result 2)": 18.384914875030518,
    "Step 3.1.2.1.4: Evidence extraction (result 6)": 18.4558048248291,
    "Step 3.1.2: Search execution for claim 1 query 1": 40.7365140914917,
    "Step 3.1.3: Verdict generation for claim 1": 10.872532844543457,
    "Step 3: Query generation + search + verdicts for all claims (PARALLEL)": 53.74841284751892,
    "Step 4: Sort and assemble final output": 0.00012302398681640625
  },
  "llm": {
    "total_calls": 9,
    "total_cost_usd": 0.0026448,
    "total_latency_seconds": 45.66
  },
  "claims_extracted": 1,
  "success": true,
  "error": null
}
