{
  "timing": {
    "total_seconds": 47.84797215461731,
    "Step 1: Transcript extraction": 1.030695915222168,
    "Step 2: Claim extraction": 12.258220672607422,
    "Step 3.2.1: Query generation for claim 2": 2.738737106323242,
    "Step 3.3.1: Query generation for claim 3": 2.8851430416107178,
    "Step 3.1.1: Query generation for claim 1": 3.09667706489563,
    "Step 3.4.1: Query generation for claim 4": 3.193593740463257,
    "Step 3.5.1: Query generation for claim 5": 3.2793848514556885,
    "Step 3.2.2.2.1.1: Google Search API (batch 1)": 0.8382642269134521,
    "Step 3.3.2.2.1.1: Google Search API (batch 1)": 0.9919250011444092,
    "Step 3.1.2.1.1.1: Google Search API (batch 1)": 0.8560841083526611,
    "Step 3.2.2.1.1.1: Google Search API (batch 1)": 1.2082362174987793,
    "Step 3.5.2.1.1.1: Google Search API (batch 1)": 0.7252600193023682,
    "Step 3.1.2.2.1.1: Google Search API (batch 1)": 0.9760560989379883,
    "Step 3.4.2.1.1.1: Google Search API (batch 1)": 0.9371991157531738,
    "Step 3.4.2.2.1.1: Google Search API (batch 1)": 0.9130198955535889,
    "Step 3.3.2.1.1.1: Google Search API (batch 1)": 1.289383888244629,
    "Step 3.2.2.2.2: Reliability assessment (result 1)": 0.0014231204986572266,
    "Step 3.2.2.2.2: Reliability assessment (result 2)": 0.0014719963073730469,
    "Step 3.5.2.2.1.1: Google Search API (batch 1)": 1.3693809509277344,
    "Step 3.2.2.2.2: Reliability assessment (result 3)": 0.002205371856689453,
    "Step 3.2.2.2.2: Reliability assessment (result 4)": 0.0022859573364257812,
    "Step 3.2.2.2.2: Reliability assessment (result 5)": 0.002321958541870117,
    "Step 3.2.2.2.2: Reliability assessment (result 6)": 0.6475381851196289,
    "Step 3.3.2.2.2: Reliability assessment (result 1)": 0.36205577850341797,
    "Step 3.3.2.2.2: Reliability assessment (result 2)": 0.3622450828552246,
    "Step 3.3.2.2.2: Reliability assessment (result 3)": 0.3624718189239502,
    "Step 3.3.2.2.2: Reliability assessment (result 4)": 0.3627912998199463,
    "Step 3.3.2.1.2: Reliability assessment (result 1)": 0.0012950897216796875,
    "Step 3.3.2.1.2: Reliability assessment (result 2)": 0.0013289451599121094,
    "Step 3.3.2.1.2: Reliability assessment (result 3)": 0.001348257064819336,
    "Step 3.3.2.2.2: Reliability assessment (result 5)": 0.6994781494140625,
    "Step 3.1.2.2.2: Reliability assessment (result 1)": 0.36071014404296875,
    "Step 3.1.2.2.2: Reliability assessment (result 2)": 0.36077404022216797,
    "Step 3.1.2.2.2: Reliability assessment (result 3)": 0.36081576347351074,
    "Step 3.1.2.2.2: Reliability assessment (result 5)": 0.360706090927124,
    "Step 3.1.2.2.2: Reliability assessment (result 4)": 0.4569671154022217,
    "Step 3.2.2.1.2: Reliability assessment (result 1)": 0.09667301177978516,
    "Step 3.2.2.1.2: Reliability assessment (result 2)": 0.09666037559509277,
    "Step 3.2.2.1.2: Reliability assessment (result 3)": 0.09667301177978516,
    "Step 3.2.2.1.2: Reliability assessment (result 5)": 0.15177607536315918,
    "Step 3.2.2.1.2: Reliability assessment (result 4)": 0.5517001152038574,
    "Step 3.1.2.2.3: Content fetching (result 1)": 4.965881109237671,
    "Step 3.1.2.2.3: Content fetching (result 2)": 5.363584041595459,
    "Step 3.1.2.2.3: Content fetching (result 3)": 5.3649001121521,
    "Step 3.3.2.1.3: Content fetching (result 2)": 6.352018117904663,
    "Step 3.3.2.1.3: Content fetching (result 1)": 6.355316877365112,
    "Step 3.3.2.1.3: Content fetching (result 3)": 6.3899877071380615,
    "Step 3.1.2.2.3: Content fetching (result 5)": 6.247713088989258,
    "Step 3.4.2.2.2: Reliability assessment (result 1)": 5.158307075500488,
    "Step 3.4.2.2.2: Reliability assessment (result 2)": 5.158348083496094,
    "Step 3.1.2.2.3: Content fetching (result 4)": 7.562096118927002,
    "Step 3.1.2.1.2: Reliability assessment (result 1)": 2.2958579063415527,
    "Step 3.1.2.1.2: Reliability assessment (result 2)": 2.295863151550293,
    "Step 3.1.2.1.2: Reliability assessment (result 3)": 2.2961509227752686,
    "Step 3.4.2.2.2: Reliability assessment (result 3)": 5.823056936264038,
    "Step 3.1.2.1.2: Reliability assessment (result 4)": 2.9298691749572754,
    "Step 3.1.2.1.2: Reliability assessment (result 5)": 3.171002149581909,
    "Step 3.2.2.1.3: Content fetching (result 1)": 10.690441131591797,
    "Step 3.2.2.1.3: Content fetching (result 2)": 10.759816884994507,
    "Step 3.4.2.2.3: Content fetching (result 1)": 3.878034830093384,
    "Step 3.4.2.2.3: Content fetching (result 2)": 3.880326986312866,
    "Step 3.2.2.1.3: Content fetching (result 3)": 10.886229991912842,
    "Step 3.2.2.1.3: Content fetching (result 5)": 10.901350736618042,
    "Step 3.2.2.1.3: Content fetching (result 4)": 10.57171893119812,
    "Step 3.3.2.2.3: Content fetching (result 1)": 13.37289309501648,
    "Step 3.5.2.1.2: Reliability assessment (result 1)": 1.5892820358276367,
    "Step 3.3.2.2.3: Content fetching (result 2)": 13.773741006851196,
    "Step 3.3.2.2.3: Content fetching (result 3)": 13.77482795715332,
    "Step 3.3.2.2.3: Content fetching (result 5)": 13.439181089401245,
    "Step 3.3.2.2.3: Content fetching (result 4)": 13.776859760284424,
    "Step 3.4.2.2.3: Content fetching (result 3)": 5.645949840545654,
    "Step 3.4.2.1.2: Reliability assessment (result 1)": 0.2519209384918213,
    "Step 3.4.2.1.2: Reliability assessment (result 2)": 0.2520139217376709,
    "Step 3.4.2.1.2: Reliability assessment (result 3)": 0.2520601749420166,
    "Step 3.4.2.1.2: Reliability assessment (result 4)": 0.2520761489868164,
    "Step 3.5.2.1.2: Reliability assessment (result 2)": 2.0441958904266357,
    "Step 3.5.2.1.2: Reliability assessment (result 3)": 2.0446338653564453,
    "Step 3.2.2.2.3: Content fetching (result 2)": 15.237621068954468,
    "Step 3.2.2.2.3: Content fetching (result 3)": 15.238993883132935,
    "Step 3.2.2.2.3: Content fetching (result 1)": 15.242637872695923,
    "Step 3.2.2.2.3: Content fetching (result 4)": 15.24389386177063,
    "Step 3.2.2.2.3: Content fetching (result 5)": 15.246644973754883,
    "Step 3.2.2.2.3: Content fetching (result 6)": 14.605663061141968,
    "Step 3.5.2.1.2: Reliability assessment (result 4)": 2.068455934524536,
    "Step 3.3.2.1.4: Evidence extraction (result 3)": 7.982774019241333,
    "Step 3.1.2.2.4: Evidence extraction (result 2)": 8.493651866912842,
    "Step 3.1.2.2.4: Evidence extraction (result 3)": 8.527782917022705,
    "Step 3.5.2.1.2: Reliability assessment (result 5)": 2.8194029331207275,
    "Step 3.3.2.1.4: Evidence extraction (result 2)": 8.66112470626831,
    "Step 3.3.2.1.4: Evidence extraction (result 1)": 8.732736110687256,
    "Step 3.3.2: Search execution for claim 3 query 1": 18.059020042419434,
    "Step 3.2.2.1.4: Evidence extraction (result 3)": 3.887085199356079,
    "Step 3.1.2.2.4: Evidence extraction (result 5)": 8.622546911239624,
    "Step 3.5.2.2.2: Reliability assessment (result 2)": 0.6347141265869141,
    "Step 3.5.2.2.2: Reliability assessment (result 4)": 0.6479499340057373,
    "Step 3.5.2.2.2: Reliability assessment (result 3)": 0.6544480323791504,
    "Step 3.2.2.1.4: Evidence extraction (result 1)": 5.045101642608643,
    "Step 3.4.2.2.4: Evidence extraction (result 1)": 5.039567232131958,
    "Step 3.2.2.1.4: Evidence extraction (result 2)": 5.164421796798706,
    "Step 3.2.2.2.4: Evidence extraction (result 5)": 2.490760087966919,
    "Step 3.2.2.2.4: Evidence extraction (result 2)": 2.5190188884735107,
    "Step 3.1.2.2.4: Evidence extraction (result 1)": 11.27819299697876,
    "Step 3.4.2.2.4: Evidence extraction (result 3)": 3.0302648544311523,
    "Step 3.2.2.1.4: Evidence extraction (result 4)": 5.473235845565796,
    "Step 3.2.2.2.4: Evidence extraction (result 1)": 3.122514247894287,
    "Step 3.2.2.2.4: Evidence extraction (result 3)": 3.2737011909484863,
    "Step 3.5.2.2.2: Reliability assessment (result 1)": 2.022045135498047,