{
  "timing": {
    "total_seconds": 98.27349996566772,
    "Step 1: Transcript extraction": 0.9261298179626465,
    "Step 2: Claim extraction": 20.60735011100769,
    "Step 3.2.1: Query generation for claim 2": 2.5266900062561035,
    "Step 3.1.1: Query generation for claim 1": 2.6508259773254395,
    "Step 3.5.1: Query generation for claim 5": 2.7989120483398438,
    "Step 3.3.1: Query generation for claim 3": 3.0105669498443604,
    "Step 3.4.1: Query generation for claim 4": 3.3165440559387207,
    "Step 3.2.2.1.1.1: Google Search API (batch 1)": 1.1150803565979004,
    "Step 3.2.2.2.1.1: Google Search API (batch 1)": 1.1032278537750244,
    "Step 3.1.2.2.1.1: Google Search API (batch 1)": 1.0207390785217285,
    "Step 3.1.2.1.1.1: Google Search API (batch 1)": 1.0653469562530518,
    "Step 3.5.2.2.1.1: Google Search API (batch 1)": 0.878950834274292,
    "Step 3.5.2.1.1.1: Google Search API (batch 1)": 0.9357130527496338,
    "Step 3.3.2.2.1.1: Google Search API (batch 1)": 0.7375712394714355,
    "Step 3.3.2.1.1.1: Google Search API (batch 1)": 1.0607929229736328,
    "Step 3.3.2.1.2: Reliability assessment (result 1)": 0.0021469593048095703,
    "Step 3.3.2.1.2: Reliability assessment (result 2)": 0.0021729469299316406,
    "Step 3.3.2.1.2: Reliability assessment (result 3)": 0.0023088455200195312,
    "Step 3.3.2.1.2: Reliability assessment (result 4)": 0.002321004867553711,
    "Step 3.3.2.1.2: Reliability assessment (result 5)": 0.0023298263549804688,
    "Step 3.4.2.1.1.1: Google Search API (batch 1)": 1.244185209274292,
    "Step 3.4.2.2.1.1: Google Search API (batch 1)": 1.199761152267456,
    "Step 3.3.2.2.2: Reliability assessment (result 1)": 0.0003440380096435547,
    "Step 3.3.2.2.2: Reliability assessment (result 2)": 0.0005059242248535156,
    "Step 3.3.2.2.2: Reliability assessment (result 3)": 0.0007460117340087891,
    "Step 3.3.2.2.2: Reliability assessment (result 4)": 0.0009410381317138672,
    "Step 3.1.2.2.2: Reliability assessment (result 1)": 0.0004322528839111328,
    "Step 3.1.2.2.2: Reliability assessment (result 2)": 0.00045990943908691406,
    "Step 3.1.2.2.2: Reliability assessment (result 3)": 0.0006649494171142578,
    "Step 3.1.2.2.2: Reliability assessment (result 4)": 0.0006780624389648438,
    "Step 3.1.2.2.2: Reliability assessment (result 5)": 0.0006859302520751953,
    "Step 3.1.2.1.2: Reliability assessment (result 1)": 0.3307921886444092,
    "Step 3.1.2.1.2: Reliability assessment (result 2)": 0.3309669494628906,
    "Step 3.1.2.1.2: Reliability assessment (result 3)": 0.3310110569000244,
    "Step 3.1.2.1.2: Reliability assessment (result 4)": 0.33104920387268066,
    "Step 3.1.2.1.2: Reliability assessment (result 5)": 0.33106303215026855,
    "Step 3.2.2.2.2: Reliability assessment (result 1)": 0.0005588531494140625,
    "Step 3.2.2.2.2: Reliability assessment (result 2)": 0.0005676746368408203,
    "Step 3.2.2.2.2: Reliability assessment (result 3)": 0.0005660057067871094,
    "Step 3.2.2.2.2: Reliability assessment (result 4)": 0.0005707740783691406,
    "Step 3.1.2.2.2: Reliability assessment (result 6)": 0.9251739978790283,
    "Step 3.1.2.1.2: Reliability assessment (result 6)": 0.9373037815093994,
    "Step 3.2.2.2.2: Reliability assessment (result 6)": 1.0536458492279053,
    "Step 3.2.2.2.2: Reliability assessment (result 5)": 1.3085498809814453,
    "Step 3.3.2.2.3: Content fetching (result 1)": 5.144065856933594,
    "Step 3.3.2.2.3: Content fetching (result 3)": 5.146528005599976,
    "Step 3.3.2.2.3: Content fetching (result 4)": 5.148059129714966,
    "Step 3.3.2.2.3: Content fetching (result 2)": 5.535948991775513,
    "Step 3.3.2.1.3: Content fetching (result 1)": 8.607604026794434,
    "Step 3.3.2.1.3: Content fetching (result 2)": 8.609904050827026,
    "Step 3.3.2.1.3: Content fetching (result 3)": 8.612076997756958,
    "Step 3.3.2.1.3: Content fetching (result 4)": 8.614134073257446,
    "Step 3.3.2.1.3: Content fetching (result 5)": 8.616546154022217,
    "Step 3.1.2.1.3: Content fetching (result 1)": 13.305606126785278,
    "Step 3.4.2.1.2: Reliability assessment (result 1)": 8.873119831085205,
    "Step 3.4.2.1.2: Reliability assessment (result 2)": 8.873162031173706,
    "Step 3.4.2.1.2: Reliability assessment (result 3)": 8.873178005218506,
    "Step 3.4.2.1.2: Reliability assessment (result 4)": 8.873188972473145,
    "Step 3.1.2.1.3: Content fetching (result 2)": 13.461152076721191,
    "Step 3.2.2.1.2: Reliability assessment (result 1)": 8.263045072555542,
    "Step 3.2.2.1.2: Reliability assessment (result 2)": 8.263099908828735,
    "Step 3.2.2.1.2: Reliability assessment (result 3)": 8.263145923614502,
    "Step 3.1.2.2.3: Content fetching (result 1)": 14.111865282058716,
    "Step 3.1.2.1.3: Content fetching (result 3)": 13.55595588684082,
    "Step 3.1.2.2.3: Content fetching (result 2)": 14.245331048965454,
    "Step 3.1.2.1.3: Content fetching (result 6)": 13.044088125228882,
    "Step 3.1.2.2.3: Content fetching (result 3)": 14.371819972991943,
    "Step 3.1.2.1.3: Content fetching (result 4)": 13.743628025054932,
    "Step 3.1.2.2.3: Content fetching (result 4)": 14.471217155456543,
    "Step 3.1.2.1.3: Content fetching (result 5)": 13.838589906692505,
    "Step 3.1.2.2.3: Content fetching (result 5)": 14.56610894203186,
    "Step 3.4.2.1.2: Reliability assessment (result 5)": 9.538152933120728,
    "Step 3.1.2.2.3: Content fetching (result 6)": 13.735142946243286,
    "Step 3.2.2.1.2: Reliability assessment (result 6)": 8.999269008636475,
    "Step 3.2.2.1.2: Reliability assessment (result 4)": 9.010937929153442,
    "Step 3.2.2.1.2: Reliability assessment (result 5)": 9.713520288467407,
    "Step 3.4.2.2.2: Reliability assessment (result 1)": 0.005589008331298828,
    "Step 3.4.2.2.2: Reliability assessment (result 2)": 0.005945920944213867,
    "Step 3.4.2.2.2: Reliability assessment (result 4)": 0.00624394416809082,
    "Step 3.4.2.2.2: Reliability assessment (result 5)": 1.0946099758148193,
    "Step 3.4.2.2.2: Reliability assessment (result 3)": 1.1332991123199463,
    "Step 3.4.2.2.3: Content fetching (result 1)": 5.207329034805298,
    "Step 3.2.2.2.3: Content fetching (result 1)": 20.23550581932068,
    "Step 3.2.2.2.3: Content fetching (result 2)": 20.242743015289307,
    "Step 3.2.2.2.3: Content fetching (result 3)": 20.244778871536255,
    "Step 3.2.2.2.3: Content fetching (result 4)": 20.246793031692505,
    "Step 3.5.2.1.2: Reliability assessment (result 1)": 2.5754880905151367,
    "Step 3.2.2.2.3: Content fetching (result 6)": 19.5551118850708,
    "Step 3.2.2.2.3: Content fetching (result 5)": 19.301653146743774,
    "Step 3.5.2.1.2: Reliability assessment (result 4)": 3.3410518169403076,
    "Step 3.5.2.1.2: Reliability assessment (result 2)": 3.3412227630615234,
    "Step 3.5.2.1.2: Reliability assessment (result 3)": 3.350520133972168,
    "Step 3.4.2.1.3: Content fetching (result 1)": 8.552259922027588,
    "Step 3.5.2.2.2: Reliability assessment (result 1)": 1.2514572143554688,
    "Step 3.4.2.1.3: Content fetching (result 2)": 8.554412841796875,
    "Step 3.4.2.1.3: Content fetching (result 3)": 8.556727647781372,
    "Step 3.4.2.1.3: Content fetching (result 4)": 8.559087753295898,
    "Step 3.4.2.1.3: Content fetching (result 5)": 7.89628005027771,
    "Step 3.5.2.1.2: Reliability assessment (result 5)": 4.091173887252808,
    "Step 3.5.2.2.2: Reliability assessment (result 5)": 1.5303962230682373,
    "Step 3.5.2.1.2: Reliability assessment (result 6)": 4.416776180267334,
    "Step 3.5.2.2.2: Reliability assessment (result 2)": 2.015705108642578,
    "Step 3.5.2.2.2: Reliability assessment (result 3)": 2.0222220420837402,
    "Step 3.5.2.2.2: Reliability assessment (result 6)": 2.560142993927002,
    "Step 3.5.2.2.3: Content fetching (result 1)": 4.197462558746338,
    "Step 3.5.2.2.3: Content fetching (result 5)": 3.9205191135406494,
    "Step 3.5.2.2.3: Content fetching (result 2)": 4.322859048843384,