{
  "timing": {
    "total_seconds": 50.724053144454956,
    "Step 1: Transcript extraction": 5.820233106613159,
    "Step 2: Claim extraction": 9.665921926498413,
    "Step 3.3.1: Query generation for claim 3": 1.954162836074829,
    "Step 3.2.1: Query generation for claim 2": 1.9568240642547607,
    "Step 3.1.1: Query generation for claim 1": 2.163325071334839,
    "Step 3.1.2.1.1.1: Google Search API (batch 1)": 0.7809498310089111,
    "Step 3.2.2.1.1.1: Google Search API (batch 1)": 0.8696630001068115,
    "Step 3.2.2.2.1.1: Google Search API (batch 1)": 0.9098818302154541,
    "Step 3.1.2.2.1.1: Google Search API (batch 1)": 0.8902642726898193,
    "Step 3.3.2.2.1.1: Google Search API (batch 1)": 1.199570894241333,
    "Step 3.3.2.1.1.1: Google Search API (batch 1)": 1.2590949535369873,
    "Step 3.1.2.2.2: Reliability assessment (result 2)": 0.000308990478515625,
    "Step 3.1.2.2.2: Reliability assessment (result 5)": 0.0008320808410644531,
    "Step 3.1.2.2.2: Reliability assessment (result 1)": 0.9702122211456299,
    "Step 3.1.2.2.2: Reliability assessment (result 3)": 0.9702420234680176,
    "Step 3.1.2.1.2: Reliability assessment (result 2)": 0.323775053024292,
    "Step 3.1.2.2.2: Reliability assessment (result 4)": 0.9710338115692139,
    "Step 3.2.2.1.2: Reliability assessment (result 1)": 0.0009961128234863281,
    "Step 3.2.2.1.2: Reliability assessment (result 2)": 0.0010519027709960938,
    "Step 3.1.2.1.2: Reliability assessment (result 3)": 0.49665188789367676,
    "Step 3.1.2.1.2: Reliability assessment (result 1)": 0.49822092056274414,
    "Step 3.2.2.1.2: Reliability assessment (result 4)": 0.22116398811340332,
    "Step 3.1.2.1.2: Reliability assessment (result 4)": 0.6725859642028809,
    "Step 3.3.2.1.2: Reliability assessment (result 4)": 0.0005562305450439453,
    "Step 3.2.2.1.2: Reliability assessment (result 3)": 1.2489290237426758,
    "Step 3.3.2.1.2: Reliability assessment (result 3)": 0.7445309162139893,
    "Step 3.3.2.1.2: Reliability assessment (result 2)": 0.9415500164031982,
    "Step 3.2.2.2.2: Reliability assessment (result 3)": 0.5599749088287354,
    "Step 3.3.2.1.2: Reliability assessment (result 1)": 0.9549798965454102,
    "Step 3.2.2.2.2: Reliability assessment (result 1)": 0.9714310169219971,
    "Step 3.2.2.2.2: Reliability assessment (result 2)": 1.3188729286193848,
    "Step 3.2.2.2.2: Reliability assessment (result 4)": 1.3411078453063965,
    "Step 3.2.2.2.3: Content fetching (result 3)": 1.1973681449890137,
    "Step 3.2.2.1.3: Content fetching (result 1)": 5.553890943527222,
    "Step 3.2.2.1.3: Content fetching (result 2)": 5.556099891662598,
    "Step 3.2.2.1.3: Content fetching (result 4)": 5.338050127029419,
    "Step 3.2.2.1.3: Content fetching (result 3)": 4.314971923828125,
    "Step 3.1.2.2.3: Content fetching (result 2)": 6.550680875778198,
    "Step 3.1.2.2.3: Content fetching (result 5)": 6.552314281463623,
    "Step 3.1.2.2.3: Content fetching (result 1)": 5.584932804107666,
    "Step 3.1.2.2.3: Content fetching (result 3)": 5.587005853652954,
    "Step 3.1.2.2.3: Content fetching (result 4)": 5.588186264038086,
    "Step 3.1.2.1.3: Content fetching (result 2)": 5.746754169464111,
    "Step 3.1.2.1.3: Content fetching (result 3)": 5.575923919677734,
    "Step 3.1.2.1.3: Content fetching (result 1)": 5.576708078384399,
    "Step 3.1.2.1.3: Content fetching (result 4)": 5.404314994812012,
    "Step 3.3.2.2.2: Reliability assessment (result 5)": 2.829951047897339,
    "Step 3.3.2.2.2: Reliability assessment (result 6)": 2.869610071182251,
    "Step 3.3.2.2.2: Reliability assessment (result 1)": 2.966799259185791,
    "Step 3.3.2.2.2: Reliability assessment (result 3)": 2.986271858215332,
    "Step 3.3.2.2.2: Reliability assessment (result 4)": 2.988759756088257,
    "Step 3.3.2.2.2: Reliability assessment (result 2)": 2.9988789558410645,
    "Step 3.2.2.2.4: Evidence extraction (result 3)": 3.520972967147827,
    "Step 3.2.2.2.3: Content fetching (result 1)": 6.5326268672943115,
    "Step 3.2.2.2.3: Content fetching (result 2)": 6.18696403503418,
    "Step 3.2.2.2.3: Content fetching (result 4)": 6.166379928588867,
    "Step 3.2.2.1.4: Evidence extraction (result 4)": 3.3491978645324707,
    "Step 3.2.2.1.4: Evidence extraction (result 2)": 3.446685791015625,
    "Step 3.1.2.2.4: Evidence extraction (result 5)": 3.599679946899414,
    "Step 3.2.2.1.4: Evidence extraction (result 1)": 3.644663095474243,
    "Step 3.2.2.1.4: Evidence extraction (result 3)": 3.6627256870269775,
    "Step 3.2.2: Search execution for claim 2 query 1": 13.615731954574585,
    "Step 3.1.2.2.4: Evidence extraction (result 1)": 4.858015298843384,
    "Step 3.1.2.2.4: Evidence extraction (result 4)": 5.870139122009277,
    "Step 3.1.2.2.4: Evidence extraction (result 2)": 6.084208011627197,
    "Step 3.1.2.2.4: Evidence extraction (result 3)": 6.956787824630737,
    "Step 3.1.2.1.4: Evidence extraction (result 1)": 6.793446063995361,
    "Step 3.1.2: Search execution for claim 1 query 2": 16.853960275650024,
    "Step 3.1.2.1.4: Evidence extraction (result 4)": 6.915014028549194,
    "Step 3.1.2.1.4: Evidence extraction (result 3)": 7.1601243019104,
    "Step 3.1.2.1.4: Evidence extraction (result 2)": 7.193455934524536,
    "Step 3.1.2: Search execution for claim 1 query 1": 17.27131700515747,
    "Step 3.2.2.2.4: Evidence extraction (result 2)": 4.96689510345459,
    "Step 3.3.2.1.3: Content fetching (result 4)": 13.68537187576294,
    "Step 3.3.2.1.3: Content fetching (result 3)": 12.946933031082153,
    "Step 3.3.2.1.3: Content fetching (result 2)": 12.751976251602173,
    "Step 3.3.2.1.3: Content fetching (result 1)": 12.740803956985474,
    "Step 3.2.2.2.4: Evidence extraction (result 1)": 6.605647087097168,
    "Step 3.2.2.2.4: Evidence extraction (result 4)": 7.1668431758880615,
    "Step 3.2.2: Search execution for claim 2 query 2": 20.281903982162476,
    "Step 3.1.3: Verdict generation for claim 1": 3.2341787815093994,
    "Step 3.3.2.1.4: Evidence extraction (result 1)": 3.1234443187713623,
    "Step 3.3.2.1.4: Evidence extraction (result 3)": 3.7117979526519775,
    "Step 3.3.2.1.4: Evidence extraction (result 2)": 3.8559200763702393,
    "Step 3.2.3: Verdict generation for claim 2": 2.5351250171661377,
    "Step 3.3.2.1.4: Evidence extraction (result 4)": 6.027145862579346,
    "Step 3.3.2: Search execution for claim 3 query 1": 25.130295991897583,
    "Step 3.3.2.2.3: Content fetching (result 5)": 16.136050939559937,
    "Step 3.3.2.2.3: Content fetching (result 6)": 16.098484992980957,
    "Step 3.3.2.2.3: Content fetching (result 1)": 16.003517150878906,
    "Step 3.3.2.2.3: Content fetching (result 4)": 15.98328423500061,
    "Step 3.3.2.2.3: Content fetching (result 3)": 15.985735893249512,
    "Step 3.3.2.2.3: Content fetching (result 2)": 15.977352857589722,
    "Step 3.3.2.2.4: Evidence extraction (result 3)": 0.9093210697174072,
    "Step 3.3.2.2.4: Evidence extraction (result 2)": 0.9289290904998779,
    "Step 3.3.2.2.4: Evidence extraction (result 1)": 0.9447231292724609,
    "Step 3.3.2.2.4: Evidence extraction (result 6)": 1.0425186157226562,
    "Step 3.3.2.2.4: Evidence extraction (result 4)": 1.177969217300415,
    "Step 3.3.2.2.4: Evidence extraction (result 5)": 3.5156240463256836,
    "Step 3.3.2: Search execution for claim 3 query 2": 30.4185528755188,
    "Step 3.3.3: Verdict generation for claim 3": 2.6126887798309326,
    "Step 3: Query generation + search + verdicts for all claims (PARALLEL)": 35.06844902038574,
    "Step 4: Sort and assemble final output": 0.00011491775512695312
  },
  "llm": {
    "total_calls": 34,
    "total_cost_usd": 0.00733545,
    "total_latency_seconds": 138.64000000000001
  },
  "claims_extracted": 3,
  "success": true,
  "error": null
}
