{
  "timing": {
    "total_seconds": 94.6960129737854,
    "Step 1: Transcript extraction": 1.2099988460540771,
    "Step 2: Claim extraction": 20.578644037246704,
    "Step 3.4.1: Query generation for claim 4": 2.001668691635132,
    "Step 3.5.1: Query generation for claim 5": 2.121364116668701,
    "Step 3.2.1: Query generation for claim 2": 2.1233808994293213,
    "Step 3.1.1: Query generation for claim 1": 2.1247451305389404,
    "Step 3.3.1: Query generation for claim 3": 2.3797829151153564,
    "Step 3.3.2.1.1.1: Google Search API (batch 1)": 0.7032418251037598,
    "Step 3.2.2.1.1.1: Google Search API (batch 1)": 1.015329122543335,
    "Step 3.1.2.1.1.1: Google Search API (batch 1)": 0.9402108192443848,
    "Step 3.4.2.1.1.1: Google Search API (batch 1)": 1.2003648281097412,
    "Step 3.5.2.2.1.1: Google Search API (batch 1)": 1.0719895362854004,
    "Step 3.3.2.2.1.1: Google Search API (batch 1)": 0.8824620246887207,
    "Step 3.5.2.1.1.1: Google Search API (batch 1)": 1.1938369274139404,
    "Step 3.1.2.2.1.1: Google Search API (batch 1)": 0.988699197769165,
    "Step 3.2.2.2.1.1: Google Search API (batch 1)": 1.0736100673675537,
    "Step 3.4.2.2.1.1: Google Search API (batch 1)": 1.294018030166626,
    "Step 3.2.2.2.2: Reliability assessment (result 2)": 0.313309907913208,
    "Step 3.2.2.2.2: Reliability assessment (result 4)": 0.3136739730834961,
    "Step 3.2.2.2.2: Reliability assessment (result 3)": 0.9770810604095459,
    "Step 3.2.2.2.2: Reliability assessment (result 1)": 1.2957282066345215,
    "Step 3.2.2.2.2: Reliability assessment (result 5)": 1.2957658767700195,
    "Step 3.4.2.1.2: Reliability assessment (result 1)": 0.9828948974609375,
    "Step 3.4.2.1.2: Reliability assessment (result 4)": 1.3164739608764648,
    "Step 3.4.2.1.2: Reliability assessment (result 3)": 1.3167099952697754,
    "Step 3.2.2.2.2: Reliability assessment (result 6)": 1.6295950412750244,
    "Step 3.4.2.1.2: Reliability assessment (result 5)": 1.317044973373413,
    "Step 3.5.2.1.2: Reliability assessment (result 1)": 0.3346579074859619,
    "Step 3.5.2.1.2: Reliability assessment (result 3)": 0.33466386795043945,
    "Step 3.3.2.2.2: Reliability assessment (result 1)": 0.3346891403198242,
    "Step 3.3.2.2.2: Reliability assessment (result 2)": 0.33471226692199707,
    "Step 3.1.2.1.2: Reliability assessment (result 2)": 0.3346679210662842,
    "Step 3.1.2.1.2: Reliability assessment (result 3)": 0.3347289562225342,
    "Step 3.4.2.1.2: Reliability assessment (result 2)": 1.677130937576294,
    "Step 3.1.2.1.2: Reliability assessment (result 1)": 0.6950061321258545,
    "Step 3.1.2.1.2: Reliability assessment (result 4)": 0.6950490474700928,
    "Step 3.3.2.2.2: Reliability assessment (result 5)": 0.6951737403869629,
    "Step 3.1.2.2.2: Reliability assessment (result 2)": 0.36078310012817383,
    "Step 3.1.2.2.2: Reliability assessment (result 3)": 0.36078310012817383,
    "Step 3.1.2.2.2: Reliability assessment (result 4)": 0.36078596115112305,
    "Step 3.3.2.2.2: Reliability assessment (result 4)": 0.6953051090240479,
    "Step 3.1.2.2.2: Reliability assessment (result 1)": 0.4741182327270508,
    "Step 3.1.2.2.2: Reliability assessment (result 5)": 0.5953757762908936,
    "Step 3.5.2.1.2: Reliability assessment (result 4)": 1.0568821430206299,
    "Step 3.3.2.2.2: Reliability assessment (result 3)": 1.086406946182251,
    "Step 3.5.2.1.2: Reliability assessment (result 2)": 1.0888030529022217,
    "Step 3.5.2.1.2: Reliability assessment (result 5)": 1.1103761196136475,
    "Step 3.3.2.1.2: Reliability assessment (result 1)": 0.4157898426055908,
    "Step 3.3.2.1.2: Reliability assessment (result 2)": 0.41579318046569824,
    "Step 3.3.2.1.2: Reliability assessment (result 3)": 1.35471510887146,
    "Step 3.3.2.1.2: Reliability assessment (result 4)": 2.4774010181427,
    "Step 3.3.2.1.2: Reliability assessment (result 5)": 3.579765796661377,
    "Step 3.1.2.1.3: Content fetching (result 2)": 5.5192461013793945,
    "Step 3.1.2.1.3: Content fetching (result 3)": 5.520045042037964,
    "Step 3.5.2.1.3: Content fetching (result 1)": 6.447019100189209,
    "Step 3.5.2.1.3: Content fetching (result 3)": 6.449605226516724,
    "Step 3.1.2.2.3: Content fetching (result 2)": 7.592752933502197,
    "Step 3.4.2.1.3: Content fetching (result 5)": 9.954713821411133,
    "Step 3.4.2.1.3: Content fetching (result 4)": 9.966744661331177,
    "Step 3.4.2.1.3: Content fetching (result 3)": 9.968821048736572,
    "Step 3.4.2.1.3: Content fetching (result 1)": 10.307404041290283,
    "Step 3.4.2.1.3: Content fetching (result 2)": 9.615566730499268,
    "Step 3.1.2.1.3: Content fetching (result 1)": 9.645752191543579,
    "Step 3.1.2.1.3: Content fetching (result 4)": 9.649703025817871,
    "Step 3.2.2.2.3: Content fetching (result 2)": 12.268628120422363,
    "Step 3.2.2.2.3: Content fetching (result 4)": 12.272347211837769,
    "Step 3.2.2.2.3: Content fetching (result 3)": 11.610846996307373,
    "Step 3.2.2.2.3: Content fetching (result 1)": 11.294618844985962,
    "Step 3.2.2.2.3: Content fetching (result 5)": 11.296563863754272,
    "Step 3.2.2.2.3: Content fetching (result 6)": 10.964305877685547,
    "Step 3.4.2.2.2: Reliability assessment (result 1)": 3.3418259620666504,
    "Step 3.4.2.2.2: Reliability assessment (result 2)": 4.850782871246338,
    "Step 3.3.2.2.3: Content fetching (result 1)": 12.721868991851807,
    "Step 3.4.2.2.2: Reliability assessment (result 3)": 5.7298338413238525,
    "Step 3.4.2.2.2: Reliability assessment (result 4)": 6.294141054153442,
    "Step 3.3.2.2.3: Content fetching (result 2)": 13.948249816894531,
    "Step 3.5.2.2.2: Reliability assessment (result 3)": 4.000781059265137,
    "Step 3.3.2.2.3: Content fetching (result 5)": 13.619193077087402,
    "Step 3.3.2.2.3: Content fetching (result 4)": 13.633863925933838,
    "Step 3.3.2.2.3: Content fetching (result 3)": 13.246881008148193,
    "Step 3.1.2.2.3: Content fetching (result 3)": 13.798442125320435,
    "Step 3.1.2.2.3: Content fetching (result 4)": 13.805508136749268,
    "Step 3.1.2.2.3: Content fetching (result 1)": 13.701153039932251,
    "Step 3.1.2.2.3: Content fetching (result 5)": 13.581680297851562,
    "Step 3.5.2.2.2: Reliability assessment (result 2)": 5.065725803375244,
    "Step 3.5.2.2.2: Reliability assessment (result 4)": 5.7550928592681885,
    "Step 3.5.2.2.2: Reliability assessment (result 1)": 7.13100790977478,
    "Step 3.5.2.1.3: Content fetching (result 4)": 18.510374069213867,
    "Step 3.5.2.1.3: Content fetching (result 2)": 18.481034994125366,
    "Step 3.5.2.1.3: Content fetching (result 5)": 18.46133828163147,
    "Step 3.2.2.1.2: Reliability assessment (result 2)": 0.0006070137023925781,
    "Step 3.3.2.1.3: Content fetching (result 1)": 22.23216485977173,
    "Step 3.3.2.1.3: Content fetching (result 2)": 22.235599756240845,
    "Step 3.3.2.1.3: Content fetching (result 3)": 21.29767870903015,
    "Step 3.3.2.1.3: Content fetching (result 4)": 20.176581859588623,
    "Step 3.3.2.1.3: Content fetching (result 5)": 19.076570749282837,
    "Step 3.2.2.1.2: Reliability assessment (result 1)": 1.2134637832641602,
    "Step 3.2.2.1.2: Reliability assessment (result 3)": 1.2370009422302246,
    "Step 3.2.2.1.2: Reliability assessment (result 4)": 1.2370669841766357,
    "Step 3.5.2.2.3: Content fetching (result 3)": 9.404369115829468,
    "Step 3.5.2.2.3: Content fetching (result 2)": 8.341713905334473,
    "Step 3.5.2.2.3: Content fetching (result 4)": 7.65418004989624,
    "Step 3.5.2.2.3: Content fetching (result 1)": 6.280384063720703,
    "Step 3.3.2.2.4: Evidence extraction (result 3)": 10.636475086212158,
    "Step 3.3.2.2.4: Evidence extraction (result 5)": 11.707163095474243,
    "Step 3.3.2.2.4: Evidence extraction (result 1)": 13.41129183769226,
    "Step 3.4.2.2.3: Content fetching (result 1)": 15.688640117645264,
    "Step 3.4.2.2.3: Content fetching (result 2)": 14.181689023971558,