{
  "timing": {
    "total_seconds": 46.04914402961731,
    "Step 1: Transcript extraction": 1.0176329612731934,
    "Step 2: Claim extraction": 3.6661617755889893,
    "Step 3.1.1: Query generation for claim 1": 2.4382801055908203,
    "Step 3.3.1: Query generation for claim 3": 2.5589921474456787,
    "Step 3.2.1: Query generation for claim 2": 2.6452858448028564,
    "Step 3.1.2.1.1.1: Google Search API (batch 1)": 1.1593589782714844,
    "Step 3.1.2.2.1.1: Google Search API (batch 1)": 1.1186459064483643,
    "Step 3.2.2.2.1.1: Google Search API (batch 1)": 0.9653651714324951,
    "Step 3.3.2.2.1.1: Google Search API (batch 1)": 1.0619211196899414,
    "Step 3.2.2.1.1.1: Google Search API (batch 1)": 1.0733649730682373,
    "Step 3.3.2.1.1.1: Google Search API (batch 1)": 1.162269115447998,
    "Step 3.1.2.2.2: Reliability assessment (result 2)": 0.6390540599822998,
    "Step 3.1.2.2.2: Reliability assessment (result 1)": 0.6392011642456055,
    "Step 3.3.2.2.2: Reliability assessment (result 1)": 0.000637054443359375,
    "Step 3.3.2.1.2: Reliability assessment (result 1)": 0.0007381439208984375,
    "Step 3.3.2.1.2: Reliability assessment (result 2)": 0.0008351802825927734,
    "Step 3.1.2.2.2: Reliability assessment (result 3)": 0.7337672710418701,
    "Step 3.3.2.1.2: Reliability assessment (result 6)": 0.2873060703277588,
    "Step 3.3.2.1.2: Reliability assessment (result 5)": 0.2875692844390869,
    "Step 3.3.2.2.2: Reliability assessment (result 4)": 0.9753439426422119,
    "Step 3.3.2.2.2: Reliability assessment (result 3)": 0.9755439758300781,
    "Step 3.3.2.1.2: Reliability assessment (result 3)": 1.2019658088684082,
    "Step 3.3.2.2.2: Reliability assessment (result 2)": 1.23879075050354,
    "Step 3.3.2.1.2: Reliability assessment (result 4)": 1.2578198909759521,
    "Step 3.2.2.1.2: Reliability assessment (result 3)": 0.9889998435974121,
    "Step 3.2.2.1.2: Reliability assessment (result 1)": 1.0681061744689941,
    "Step 3.2.2.1.2: Reliability assessment (result 2)": 1.140315055847168,
    "Step 3.2.2.1.2: Reliability assessment (result 4)": 1.7243859767913818,
    "Step 3.2.2.2.2: Reliability assessment (result 2)": 0.0012459754943847656,
    "Step 3.2.2.2.2: Reliability assessment (result 1)": 1.5070769786834717,
    "Step 3.2.2.2.2: Reliability assessment (result 3)": 1.539705753326416,
    "Step 3.2.2.2.2: Reliability assessment (result 5)": 2.93133807182312,
    "Step 3.2.2.2.2: Reliability assessment (result 4)": 3.420133113861084,
    "Step 3.2.2.2.2: Reliability assessment (result 6)": 4.132628917694092,
    "Step 3.1.2.2.3: Content fetching (result 2)": 8.354729175567627,
    "Step 3.1.2.2.3: Content fetching (result 1)": 8.35720705986023,
    "Step 3.1.2.2.3: Content fetching (result 3)": 8.265179872512817,
    "Step 3.1.2.1.1.2: Google Search API (batch 2)": 7.082690000534058,
    "Step 3.3.2.2.3: Content fetching (result 1)": 10.777947187423706,
    "Step 3.3.2.2.3: Content fetching (result 4)": 9.804900884628296,
    "Step 3.3.2.2.3: Content fetching (result 3)": 9.806588888168335,
    "Step 3.3.2.2.3: Content fetching (result 2)": 9.545199155807495,
    "Step 3.1.2.2.4: Evidence extraction (result 3)": 3.45821475982666,
    "Step 3.1.2.2.4: Evidence extraction (result 2)": 3.5105979442596436,
    "Step 3.1.2.2.4: Evidence extraction (result 1)": 3.536304235458374,
    "Step 3.1.2: Search execution for claim 1 query 2": 16.98725986480713,
    "Step 3.3.2.1.3: Content fetching (result 1)": 14.50147819519043,
    "Step 3.3.2.1.3: Content fetching (result 2)": 14.507044792175293,
    "Step 3.3.2.1.3: Content fetching (result 6)": 14.22313404083252,
    "Step 3.3.2.1.3: Content fetching (result 5)": 14.225292205810547,
    "Step 3.3.2.1.3: Content fetching (result 3)": 13.31345820426941,
    "Step 3.3.2.1.3: Content fetching (result 4)": 13.259867906570435,
    "Step 3.3.2.2.4: Evidence extraction (result 3)": 4.1398210525512695,
    "Step 3.3.2.2.4: Evidence extraction (result 1)": 4.148388862609863,
    "Step 3.3.2.2.4: Evidence extraction (result 2)": 4.897779941558838,
    "Step 3.3.2.1.4: Evidence extraction (result 4)": 2.5691652297973633,
    "Step 3.3.2.1.4: Evidence extraction (result 6)": 2.7335269451141357,
    "Step 3.3.2.2.4: Evidence extraction (result 4)": 6.971536159515381,
    "Step 3.3.2: Search execution for claim 3 query 2": 22.76567506790161,
    "Step 3.1.2.1.2: Reliability assessment (result 2)": 0.9046931266784668,
    "Step 3.1.2.1.2: Reliability assessment (result 4)": 0.918565034866333,
    "Step 3.3.2.1.4: Evidence extraction (result 2)": 3.561840057373047,
    "Step 3.1.2.1.2: Reliability assessment (result 5)": 1.2365567684173584,
    "Step 3.1.2.1.2: Reliability assessment (result 1)": 1.278536081314087,
    "Step 3.1.2.1.2: Reliability assessment (result 3)": 1.3016409873962402,
    "Step 3.3.2.1.4: Evidence extraction (result 1)": 3.8828001022338867,
    "Step 3.3.2.1.4: Evidence extraction (result 5)": 3.9292328357696533,
    "Step 3.3.2.1.4: Evidence extraction (result 3)": 4.058523893356323,
    "Step 3.3.2: Search execution for claim 3 query 1": 23.6306209564209,
    "Step 3.2.2.1.3: Content fetching (result 3)": 16.90527629852295,
    "Step 3.2.2.1.3: Content fetching (result 1)": 16.828389883041382,
    "Step 3.2.2.1.3: Content fetching (result 2)": 16.758990049362183,
    "Step 3.2.2.1.3: Content fetching (result 4)": 16.177159070968628,
    "Step 3.3.3: Verdict generation for claim 3": 1.6492841243743896,
    "Step 3.2.2.1.4: Evidence extraction (result 3)": 3.177204132080078,
    "Step 3.2.2.1.4: Evidence extraction (result 4)": 3.6323728561401367,
    "Step 3.2.2.1.4: Evidence extraction (result 1)": 4.132816791534424,
    "Step 3.2.2.1.4: Evidence extraction (result 2)": 4.424795150756836,
    "Step 3.2.2: Search execution for claim 2 query 1": 28.3054678440094,
    "Step 3.2.2.2.3: Content fetching (result 2)": 21.20432686805725,
    "Step 3.2.2.2.3: Content fetching (result 1)": 19.83257508277893,
    "Step 3.2.2.2.3: Content fetching (result 3)": 19.913490295410156,
    "Step 3.2.2.2.3: Content fetching (result 5)": 18.630040884017944,
    "Step 3.2.2.2.3: Content fetching (result 4)": 18.254603147506714,
    "Step 3.2.2.2.3: Content fetching (result 6)": 17.64496397972107,
    "Step 3.2.2.2.4: Evidence extraction (result 3)": 0.8762140274047852,
    "Step 3.2.2.2.4: Evidence extraction (result 6)": 1.2713956832885742,
    "Step 3.2.2.2.4: Evidence extraction (result 4)": 2.7337450981140137,
    "Step 3.2.2.2.4: Evidence extraction (result 5)": 2.940962076187134,
    "Step 3.2.2.2.4: Evidence extraction (result 1)": 3.217228889465332,
    "Step 3.2.2.2.4: Evidence extraction (result 2)": 3.62282395362854,
    "Step 3.2.2: Search execution for claim 2 query 2": 32.477638959884644,
    "Step 3.1.2.1.3: Content fetching (result 2)": 9.879122257232666,
    "Step 3.1.2.1.3: Content fetching (result 4)": 9.867144107818604,
    "Step 3.1.2.1.3: Content fetching (result 5)": 9.550819158554077,
    "Step 3.1.2.1.3: Content fetching (result 1)": 9.510744094848633,
    "Step 3.1.2.1.3: Content fetching (result 3)": 9.489568948745728,
    "Step 3.2.3: Verdict generation for claim 2": 2.172863006591797,
    "Step 3.1.2.1.4: Evidence extraction (result 5)": 2.440645217895508,
    "Step 3.1.2.1.4: Evidence extraction (result 1)": 2.4821910858154297,
    "Step 3.1.2.1.4: Evidence extraction (result 3)": 2.4899230003356934,
    "Step 3.1.2.1.4: Evidence extraction (result 2)": 3.4793381690979004,
    "Step 3.1.2.1.4: Evidence extraction (result 4)": 3.6761538982391357,
    "Step 3.1.2: Search execution for claim 1 query 1": 36.654725790023804,
    "Step 3.1.3: Verdict generation for claim 1": 2.042562961578369,
    "Step 3: Query generation + search + verdicts for all claims (PARALLEL)": 41.1393940448761,
    "Step 4: Sort and assemble final output": 4.7206878662109375e-05
  },
  "llm": {
    "total_calls": 35,
    "total_cost_usd": 0.0071865,
    "total_latency_seconds": 112.52
  },