{
  "timing": {
    "total_seconds": 105.76745986938477,
    "Step 1: Transcript extraction": 0.9711511135101318,
    "Step 2: Claim extraction": 16.07867431640625,
    "Step 3.6.1: Query generation for claim 6": 1.8765449523925781,
    "Step 3.1.1: Query generation for claim 1": 2.1761929988861084,
    "Step 3.5.1: Query generation for claim 5": 2.2855002880096436,
    "Step 3.7.1: Query generation for claim 7": 2.3971009254455566,
    "Step 3.6.2.2.1.1: Google Search API (batch 1)": 0.7430500984191895,
    "Step 3.6.2.1.1.1: Google Search API (batch 1)": 0.8845701217651367,
    "Step 3.1.2.2.1.1: Google Search API (batch 1)": 0.9001901149749756,
    "Step 3.5.2.2.1.1: Google Search API (batch 1)": 0.8763279914855957,
    "Step 3.1.2.1.1.1: Google Search API (batch 1)": 1.0561490058898926,
    "Step 3.7.2.2.1.1: Google Search API (batch 1)": 0.8971858024597168,
    "Step 3.7.2.1.1.1: Google Search API (batch 1)": 0.9684069156646729,
    "Step 3.5.2.1.1.1: Google Search API (batch 1)": 1.1219067573547363,
    "Step 3.1.2.1.2: Reliability assessment (result 2)": 0.32053089141845703,
    "Step 3.1.2.1.2: Reliability assessment (result 3)": 0.3206510543823242,
    "Step 3.1.2.1.2: Reliability assessment (result 4)": 0.32067108154296875,
    "Step 3.1.2.1.2: Reliability assessment (result 5)": 0.3206822872161865,
    "Step 3.6.2.1.2: Reliability assessment (result 1)": 0.0004849433898925781,
    "Step 3.6.2.1.2: Reliability assessment (result 3)": 0.0005819797515869141,
    "Step 3.1.2.1.2: Reliability assessment (result 1)": 0.6673882007598877,
    "Step 3.6.2.1.2: Reliability assessment (result 4)": 0.34740400314331055,
    "Step 3.6.2.1.2: Reliability assessment (result 2)": 0.347700834274292,
    "Step 3.1.2.2.2: Reliability assessment (result 2)": 0.00145721435546875,
    "Step 3.1.2.2.2: Reliability assessment (result 3)": 0.0014851093292236328,
    "Step 3.1.2.2.2: Reliability assessment (result 4)": 0.0015780925750732422,
    "Step 3.1.2.2.2: Reliability assessment (result 6)": 0.0017578601837158203,
    "Step 3.1.2.2.2: Reliability assessment (result 1)": 0.369617223739624,
    "Step 3.1.2.2.2: Reliability assessment (result 5)": 0.3695800304412842,
    "Step 3.1.2.1.2: Reliability assessment (result 6)": 1.165205955505371,
    "Step 3.7.2.1.2: Reliability assessment (result 1)": 0.1289050579071045,
    "Step 3.6.2.1.2: Reliability assessment (result 5)": 1.0150229930877686,
    "Step 3.7.2.1.2: Reliability assessment (result 3)": 0.923651933670044,
    "Step 3.7.2.1.2: Reliability assessment (result 2)": 1.195505142211914,
    "Step 3.7.2.1.2: Reliability assessment (result 4)": 1.699402093887329,
    "Step 3.7.2.1.2: Reliability assessment (result 5)": 2.0110831260681152,
    "Step 3.6.2.1.3: Content fetching (result 1)": 5.044999837875366,
    "Step 3.6.2.1.3: Content fetching (result 3)": 5.04674506187439,
    "Step 3.6.2.1.3: Content fetching (result 4)": 4.70196795463562,
    "Step 3.6.2.1.3: Content fetching (result 2)": 4.7037131786346436,
    "Step 3.6.2.1.3: Content fetching (result 5)": 5.721955060958862,
    "Step 3.3.1: Query generation for claim 3": 15.3588547706604,
    "Step 3.4.1: Query generation for claim 4": 18.638681173324585,
    "Step 3.1.2.1.3: Content fetching (result 2)": 11.988350868225098,
    "Step 3.1.2.1.3: Content fetching (result 3)": 11.991891145706177,
    "Step 3.1.2.1.3: Content fetching (result 4)": 11.993704319000244,
    "Step 3.1.2.1.3: Content fetching (result 5)": 11.995776891708374,
    "Step 3.1.2.1.3: Content fetching (result 1)": 11.650959730148315,
    "Step 3.1.2.1.3: Content fetching (result 6)": 11.15520715713501,
    "Step 3.5.2.2.2: Reliability assessment (result 6)": 1.3828098773956299,
    "Step 3.5.2.2.2: Reliability assessment (result 4)": 1.615757942199707,
    "Step 3.5.2.2.2: Reliability assessment (result 5)": 2.4142630100250244,
    "Step 3.5.2.2.2: Reliability assessment (result 3)": 2.4143619537353516,
    "Step 3.5.2.2.2: Reliability assessment (result 1)": 2.414454698562622,
    "Step 3.5.2.2.2: Reliability assessment (result 2)": 2.4144351482391357,
    "Step 3.6.2.2.2: Reliability assessment (result 2)": 0.36170005798339844,
    "Step 3.6.2.2.2: Reliability assessment (result 3)": 0.6372191905975342,
    "Step 3.6.2.2.2: Reliability assessment (result 1)": 1.1191661357879639,
    "Step 3.6.2.2.2: Reliability assessment (result 4)": 1.1506357192993164,
    "Step 3.6.2.2.2: Reliability assessment (result 6)": 1.162309169769287,
    "Step 3.7.2.1.3: Content fetching (result 1)": 14.784438133239746,
    "Step 3.5.2.1.2: Reliability assessment (result 1)": 2.1693058013916016,
    "Step 3.7.2.1.3: Content fetching (result 3)": 13.995376825332642,
    "Step 3.5.2.1.2: Reliability assessment (result 3)": 2.1747970581054688,
    "Step 3.7.2.1.3: Content fetching (result 2)": 13.72580099105835,
    "Step 3.7.2.1.3: Content fetching (result 4)": 13.224349975585938,
    "Step 3.7.2.1.3: Content fetching (result 5)": 12.914793968200684,
    "Step 3.5.2.1.2: Reliability assessment (result 4)": 2.773322105407715,
    "Step 3.5.2.1.2: Reliability assessment (result 6)": 2.781949996948242,
    "Step 3.2.1: Query generation for claim 2": 23.263278007507324,
    "Step 3.5.2.1.2: Reliability assessment (result 2)": 3.200340986251831,
    "Step 3.6.2.2.3: Content fetching (result 2)": 7.230617046356201,
    "Step 3.6.2.2.3: Content fetching (result 3)": 6.958461046218872,
    "Step 3.6.2.2.3: Content fetching (result 1)": 6.479138135910034,
    "Step 3.5.2.2.3: Content fetching (result 6)": 10.416063070297241,
    "Step 3.5.2.2.3: Content fetching (result 4)": 10.185453176498413,
    "Step 3.5.2.2.3: Content fetching (result 5)": 9.755438089370728,
    "Step 3.5.2.2.3: Content fetching (result 3)": 9.756105184555054,
    "Step 3.5.2.2.3: Content fetching (result 1)": 9.757574081420898,
    "Step 3.5.2.2.3: Content fetching (result 2)": 9.757822036743164,
    "Step 3.7.2.2.2: Reliability assessment (result 1)": 0.004568815231323242,
    "Step 3.7.2.2.2: Reliability assessment (result 2)": 0.004590272903442383,
    "Step 3.6.2.2.3: Content fetching (result 4)": 9.106626033782959,
    "Step 3.6.2.2.2: Reliability assessment (result 5)": 10.461189270019531,
    "Step 3.7.2.2.2: Reliability assessment (result 4)": 1.3238139152526855,
    "Step 3.5.2.1.2: Reliability assessment (result 5)": 12.60031795501709,
    "Step 3.1.2.2.3: Content fetching (result 6)": 26.05125403404236,
    "Step 3.6.2.2.3: Content fetching (result 6)": 12.89723801612854,
    "Step 3.6.2.2.3: Content fetching (result 5)": 3.603559970855713,
    "Step 3.6.2.2.4: Evidence extraction (result 5)": 1.8385682106018066,
    "Step 3.6.2.2.4: Evidence extraction (result 6)": 1.9209318161010742,
    "Step 3.7.2.2.3: Content fetching (result 1)": 5.999098062515259,
    "Step 3.7.2.2.3: Content fetching (result 2)": 6.001492977142334,
    "Step 3.7.2.2.3: Content fetching (result 4)": 4.68488073348999,
    "Step 3.6.2.1.4: Evidence extraction (result 1)": 24.290486097335815,
    "Step 3.1.2.1.4: Evidence extraction (result 3)": 18.526181936264038,
    "Step 3.1.2.2.3: Content fetching (result 2)": 30.641051292419434,
    "Step 3.1.2.2.3: Content fetching (result 3)": 30.64531397819519,
    "Step 3.1.2.2.3: Content fetching (result 4)": 30.647366046905518,
    "Step 3.1.2.2.3: Content fetching (result 1)": 30.28167223930359,
    "Step 3.1.2.2.3: Content fetching (result 5)": 30.28363299369812,
    "Step 3.1.2.1.4: Evidence extraction (result 2)": 19.50415301322937,
    "Step 3.1.2.1.4: Evidence extraction (result 1)": 19.742775201797485,
    "Step 3.1.2.1.4: Evidence extraction (result 6)": 20.45588493347168,
    "Step 3.6.2.1.4: Evidence extraction (result 5)": 25.819841146469116,
    "Step 3.1.2.1.4: Evidence extraction (result 4)": 20.66446590423584,
    "Step 3.6.2.1.4: Evidence extraction (result 2)": 27.66919708251953,
    "Step 3.6.2.1.4: Evidence extraction (result 4)": 27.71562123298645,