{
  "timing": {
    "total_seconds": 53.07072925567627,
    "Step 1: Transcript extraction": 1.0687808990478516,
    "Step 2: Claim extraction": 11.706780910491943,
    "Step 3.1.1: Query generation for claim 1": 1.768603801727295,
    "Step 3.3.1: Query generation for claim 3": 1.9519028663635254,
    "Step 3.2.1: Query generation for claim 2": 2.0425310134887695,
    "Step 3.1.2.1.1.1: Google Search API (batch 1)": 1.0521519184112549,
    "Step 3.1.2.2.1.1: Google Search API (batch 1)": 1.016252040863037,
    "Step 3.3.2.2.1.1: Google Search API (batch 1)": 0.8990099430084229,
    "Step 3.2.2.1.1.1: Google Search API (batch 1)": 0.9767448902130127,
    "Step 3.3.2.1.1.1: Google Search API (batch 1)": 1.0974490642547607,
    "Step 3.3.2.1.2: Reliability assessment (result 1)": 0.0015909671783447266,
    "Step 3.3.2.1.2: Reliability assessment (result 2)": 0.0015947818756103516,
    "Step 3.2.2.2.1.1: Google Search API (batch 1)": 1.400458812713623,
    "Step 3.3.2.1.2: Reliability assessment (result 3)": 0.0021250247955322266,
    "Step 3.3.2.1.2: Reliability assessment (result 4)": 0.002137899398803711,
    "Step 3.3.2.1.2: Reliability assessment (result 5)": 0.0021791458129882812,
    "Step 3.2.2.2.2: Reliability assessment (result 1)": 0.0003941059112548828,
    "Step 3.2.2.2.2: Reliability assessment (result 2)": 0.0005462169647216797,
    "Step 3.2.2.2.2: Reliability assessment (result 3)": 0.0012819766998291016,
    "Step 3.2.2.2.2: Reliability assessment (result 5)": 0.001300811767578125,
    "Step 3.2.2.2.2: Reliability assessment (result 6)": 0.8713929653167725,
    "Step 3.1.2.1.2: Reliability assessment (result 3)": 0.0007410049438476562,
    "Step 3.1.2.1.2: Reliability assessment (result 4)": 0.0007879734039306641,
    "Step 3.1.2.1.2: Reliability assessment (result 5)": 0.0007979869842529297,
    "Step 3.1.2.1.2: Reliability assessment (result 6)": 0.0008072853088378906,
    "Step 3.2.2.2.2: Reliability assessment (result 4)": 1.257969856262207,
    "Step 3.1.2.1.2: Reliability assessment (result 1)": 1.3512778282165527,
    "Step 3.1.2.1.2: Reliability assessment (result 2)": 1.354827880859375,
    "Step 3.2.2.2.3: Content fetching (result 6)": 2.446779727935791,
    "Step 3.2.2.2.3: Content fetching (result 1)": 3.3191018104553223,
    "Step 3.2.2.2.3: Content fetching (result 5)": 3.3205928802490234,
    "Step 3.2.2.2.3: Content fetching (result 2)": 3.3218488693237305,
    "Step 3.3.2.2.2: Reliability assessment (result 4)": 0.7386360168457031,
    "Step 3.2.2.2.3: Content fetching (result 3)": 3.3216161727905273,
    "Step 3.3.2.2.2: Reliability assessment (result 1)": 1.3838729858398438,
    "Step 3.3.2.2.2: Reliability assessment (result 5)": 1.5637829303741455,
    "Step 3.3.2.2.2: Reliability assessment (result 3)": 1.565277099609375,
    "Step 3.2.2.2.3: Content fetching (result 4)": 3.0835988521575928,
    "Step 3.3.2.2.2: Reliability assessment (result 2)": 1.8316521644592285,
    "Step 3.3.2.2.2: Reliability assessment (result 6)": 1.9242258071899414,
    "Step 3.2.2.2.4: Evidence extraction (result 3)": 2.31951904296875,
    "Step 3.2.2.2.4: Evidence extraction (result 5)": 2.3207831382751465,
    "Step 3.2.2.2.4: Evidence extraction (result 4)": 1.3017358779907227,
    "Step 3.2.2.2.4: Evidence extraction (result 1)": 2.32425594329834,
    "Step 3.2.2.2.4: Evidence extraction (result 2)": 2.3220040798187256,
    "Step 3.2.2.2.4: Evidence extraction (result 6)": 4.649255990982056,
    "Step 3.2.2: Search execution for claim 2 query 2": 11.586737871170044,
    "Step 3.1.2.2.2: Reliability assessment (result 1)": 3.760878086090088,
    "Step 3.1.2.2.2: Reliability assessment (result 2)": 4.944887161254883,
    "Step 3.1.2.1.3: Content fetching (result 3)": 9.981631994247437,
    "Step 3.1.2.1.3: Content fetching (result 4)": 9.98722219467163,
    "Step 3.1.2.1.3: Content fetching (result 5)": 9.989737033843994,
    "Step 3.1.2.1.3: Content fetching (result 6)": 9.991683959960938,
    "Step 3.1.2.1.3: Content fetching (result 1)": 8.643199920654297,
    "Step 3.1.2.1.3: Content fetching (result 2)": 8.642009019851685,
    "Step 3.1.2.2.2: Reliability assessment (result 3)": 5.599730968475342,
    "Step 3.2.2.1.2: Reliability assessment (result 1)": 0.0012700557708740234,
    "Step 3.2.2.1.2: Reliability assessment (result 2)": 0.00128173828125,
    "Step 3.2.2.1.2: Reliability assessment (result 3)": 0.0012898445129394531,
    "Step 3.1.2.2.2: Reliability assessment (result 4)": 6.103872060775757,
    "Step 3.3.2.1.3: Content fetching (result 1)": 13.85600996017456,
    "Step 3.3.2.1.3: Content fetching (result 2)": 13.857853889465332,
    "Step 3.3.2.1.3: Content fetching (result 3)": 13.8597571849823,
    "Step 3.3.2.1.3: Content fetching (result 4)": 13.861470937728882,
    "Step 3.3.2.1.3: Content fetching (result 5)": 13.864649295806885,
    "Step 3.1.2.2.2: Reliability assessment (result 5)": 6.524180889129639,
    "Step 3.1.2.2.2: Reliability assessment (result 6)": 6.667172908782959,
    "Step 3.3.2.1.4: Evidence extraction (result 1)": 2.427626848220825,
    "Step 3.3.2.1.4: Evidence extraction (result 5)": 2.5464980602264404,
    "Step 3.3.2.1.4: Evidence extraction (result 4)": 3.294965982437134,
    "Step 3.1.2.1.4: Evidence extraction (result 4)": 4.494170188903809,
    "Step 3.3.2.1.4: Evidence extraction (result 2)": 3.633955717086792,
    "Step 3.1.2.1.4: Evidence extraction (result 5)": 4.546724796295166,
    "Step 3.2.2.1.3: Content fetching (result 1)": 4.281189918518066,
    "Step 3.2.2.1.3: Content fetching (result 2)": 4.283237934112549,
    "Step 3.2.2.1.3: Content fetching (result 3)": 4.2848851680755615,
    "Step 3.1.2.1.4: Evidence extraction (result 2)": 4.877953767776489,
    "Step 3.1.2.1.4: Evidence extraction (result 3)": 4.9866111278533936,
    "Step 3.1.2.1.4: Evidence extraction (result 1)": 4.976577043533325,
    "Step 3.1.2.1.4: Evidence extraction (result 6)": 5.042611122131348,
    "Step 3.1.2: Search execution for claim 1 query 1": 19.86524486541748,
    "Step 3.3.2.1.4: Evidence extraction (result 3)": 5.766899108886719,
    "Step 3.3.2: Search execution for claim 3 query 1": 21.31150484085083,
    "Step 3.2.2.1.4: Evidence extraction (result 2)": 2.409929037094116,
    "Step 3.2.2.1.4: Evidence extraction (result 3)": 3.3299221992492676,
    "Step 3.2.2.1.4: Evidence extraction (result 1)": 4.125627756118774,
    "Step 3.2.2.1.2: Reliability assessment (result 4)": 10.425615072250366,
    "Step 3.2.2.1.3: Content fetching (result 4)": 1.1951940059661865,
    "Step 3.1.2.2.3: Content fetching (result 1)": 15.615514039993286,
    "Step 3.1.2.2.3: Content fetching (result 2)": 14.435760974884033,
    "Step 3.1.2.2.3: Content fetching (result 3)": 13.783057928085327,
    "Step 3.1.2.2.3: Content fetching (result 4)": 13.281301975250244,
    "Step 3.1.2.2.3: Content fetching (result 5)": 12.86332106590271,
    "Step 3.1.2.2.3: Content fetching (result 6)": 12.72225308418274,
    "Step 3.2.2.1.4: Evidence extraction (result 4)": 2.9549331665039062,
    "Step 3.2.2: Search execution for claim 2 query 1": 29.486889839172363,
    "Step 3.3.2.2.3: Content fetching (result 4)": 22.811970710754395,
    "Step 3.3.2.2.3: Content fetching (result 1)": 22.168800115585327,
    "Step 3.3.2.2.3: Content fetching (result 5)": 21.991312980651855,
    "Step 3.3.2.2.3: Content fetching (result 3)": 21.99220299720764,
    "Step 3.3.2.2.3: Content fetching (result 2)": 21.727921962738037,
    "Step 3.3.2.2.3: Content fetching (result 6)": 21.637091159820557,
    "Step 3.1.2.2.4: Evidence extraction (result 5)": 2.6967408657073975,
    "Step 3.1.2.2.4: Evidence extraction (result 1)": 2.860727071762085,
    "Step 3.1.2.2.4: Evidence extraction (result 2)": 3.0158541202545166,
    "Step 3.1.2.2.4: Evidence extraction (result 4)": 3.1483871936798096,
    "Step 3.2.3: Verdict generation for claim 2": 2.5824520587921143,
    "Step 3.1.2.2.4: Evidence extraction (result 3)": 3.7336132526397705,