{
  "timing": {
    "total_seconds": 45.65575385093689,
    "Step 1: Transcript extraction": 1.1561479568481445,
    "Step 2: Claim extraction": 14.163781881332397,
    "Step 3.1.1: Query generation for claim 1": 2.6978628635406494,
    "Step 3.1.2.1.1.1: Google Search API (batch 1)": 0.945260763168335,
    "Step 3.1.2.2.1.1: Google Search API (batch 1)": 0.9686691761016846,
    "Step 3.1.2.2.2: Reliability assessment (result 2)": 0.3126702308654785,
    "Step 3.1.2.2.2: Reliability assessment (result 3)": 0.3126649856567383,
    "Step 3.1.2.2.2: Reliability assessment (result 4)": 0.6119930744171143,
    "Step 3.1.2.2.2: Reliability assessment (result 5)": 0.6198651790618896,
    "Step 3.1.2.1.2: Reliability assessment (result 3)": 0.6222431659698486,
    "Step 3.1.2.2.2: Reliability assessment (result 1)": 1.034599781036377,
    "Step 3.1.2.1.2: Reliability assessment (result 2)": 0.9048788547515869,
    "Step 3.1.2.1.2: Reliability assessment (result 1)": 1.1286020278930664,
    "Step 3.1.2.1.3: Content fetching (result 3)": 4.04099702835083,
    "Step 3.1.2.1.3: Content fetching (result 2)": 3.7610719203948975,
    "Step 3.1.2.1.3: Content fetching (result 1)": 3.5389177799224854,
    "Step 3.1.2.2.3: Content fetching (result 2)": 8.204694032669067,
    "Step 3.1.2.2.3: Content fetching (result 3)": 8.206262111663818,
    "Step 3.1.2.2.3: Content fetching (result 4)": 7.908967971801758,
    "Step 3.1.2.2.3: Content fetching (result 5)": 7.903136968612671,
    "Step 3.1.2.2.3: Content fetching (result 1)": 7.491024971008301,
    "Step 3.1.2.1.4: Evidence extraction (result 1)": 4.699491024017334,
    "Step 3.1.2.1.4: Evidence extraction (result 2)": 4.910974979400635,
    "Step 3.1.2.2.4: Evidence extraction (result 4)": 3.30261492729187,
    "Step 3.1.2.1.4: Evidence extraction (result 3)": 7.189979791641235,
    "Step 3.1.2: Search execution for claim 1 query 1": 18.355259895324707,
    "Step 3.1.2.2.4: Evidence extraction (result 3)": 4.396648168563843,
    "Step 3.1.2.2.4: Evidence extraction (result 2)": 4.399753093719482,
    "Step 3.1.2.2.4: Evidence extraction (result 1)": 5.067305088043213,
    "Step 3.1.2.2.4: Evidence extraction (result 5)": 6.887242078781128,
    "Step 3.1.2: Search execution for claim 1 query 2": 21.524040937423706,
    "Step 3.1.3: Verdict generation for claim 1": 5.83240818977356,
    "Step 3: Query generation + search + verdicts for all claims (PARALLEL)": 30.142866134643555,
    "Step 4: Sort and assemble final output": 3.0994415283203125e-05
  },
  "llm": {
    "total_calls": 11,
    "total_cost_usd": 0.00333585,
    "total_latency_seconds": 60.0
  },
  "claims_extracted": 1,
  "success": true,
  "error": null
}
