{
  "timing": {
    "total_seconds": 117.6007239818573,
    "Step 1: Transcript extraction": 1.2397091388702393,
    "Step 2: Claim extraction": 31.909382343292236,
    "Step 3.7.1: Query generation for claim 7": 2.5557100772857666,
    "Step 3.5.1: Query generation for claim 5": 2.6822903156280518,
    "Step 3.4.1: Query generation for claim 4": 2.6832492351531982,
    "Step 3.1.1: Query generation for claim 1": 2.8536882400512695,
    "Step 3.6.1: Query generation for claim 6": 2.9348151683807373,
    "Step 3.6.2.2.1.1: Google Search API (batch 1)": 0.8122732639312744,
    "Step 3.7.2.1.1.1: Google Search API (batch 1)": 1.2178072929382324,
    "Step 3.5.2.2.1.1: Google Search API (batch 1)": 1.119490146636963,
    "Step 3.7.2.2.1.1: Google Search API (batch 1)": 1.251267671585083,
    "Step 3.1.2.1.1.1: Google Search API (batch 1)": 1.0440151691436768,
    "Step 3.6.2.1.1.1: Google Search API (batch 1)": 0.9723117351531982,
    "Step 3.5.2.1.1.1: Google Search API (batch 1)": 1.3888330459594727,
    "Step 3.4.2.1.1.1: Google Search API (batch 1)": 1.333820104598999,
    "Step 3.1.2.2.1.1: Google Search API (batch 1)": 1.2212610244750977,
    "Step 3.4.2.2.1.1: Google Search API (batch 1)": 1.323214054107666,
    "Step 3.5.2.1.2: Reliability assessment (result 1)": 0.6356840133666992,
    "Step 3.5.2.1.2: Reliability assessment (result 2)": 0.6357848644256592,
    "Step 3.5.2.1.2: Reliability assessment (result 3)": 0.6364288330078125,
    "Step 3.5.2.1.2: Reliability assessment (result 4)": 0.6365020275115967,
    "Step 3.4.2.1.2: Reliability assessment (result 1)": 0.0015718936920166016,
    "Step 3.4.2.1.2: Reliability assessment (result 2)": 0.0016131401062011719,
    "Step 3.4.2.1.2: Reliability assessment (result 3)": 0.0016508102416992188,
    "Step 3.4.2.1.2: Reliability assessment (result 4)": 0.0017049312591552734,
    "Step 3.1.2.2.2: Reliability assessment (result 1)": 0.0017101764678955078,
    "Step 3.1.2.2.2: Reliability assessment (result 2)": 0.0017228126525878906,
    "Step 3.1.2.2.2: Reliability assessment (result 3)": 0.001712799072265625,
    "Step 3.1.2.2.2: Reliability assessment (result 4)": 0.0017170906066894531,
    "Step 3.1.2.2.2: Reliability assessment (result 5)": 0.0017249584197998047,
    "Step 3.7.2.1.2: Reliability assessment (result 1)": 0.6628077030181885,
    "Step 3.7.2.1.2: Reliability assessment (result 2)": 0.6629879474639893,
    "Step 3.7.2.1.2: Reliability assessment (result 3)": 0.6630468368530273,
    "Step 3.7.2.1.2: Reliability assessment (result 4)": 0.6630799770355225,
    "Step 3.7.2.1.2: Reliability assessment (result 6)": 0.6631700992584229,
    "Step 3.5.2.2.2: Reliability assessment (result 1)": 0.0007328987121582031,
    "Step 3.5.2.2.2: Reliability assessment (result 2)": 0.0007319450378417969,
    "Step 3.5.2.2.2: Reliability assessment (result 3)": 0.0007371902465820312,
    "Step 3.5.2.2.2: Reliability assessment (result 4)": 0.0007457733154296875,
    "Step 3.7.2.1.2: Reliability assessment (result 5)": 0.8002502918243408,
    "Step 3.6.2.2.2: Reliability assessment (result 1)": 0.13770103454589844,
    "Step 3.6.2.2.2: Reliability assessment (result 2)": 0.13771700859069824,
    "Step 3.6.2.2.2: Reliability assessment (result 3)": 0.13772225379943848,
    "Step 3.6.2.2.2: Reliability assessment (result 5)": 0.1851489543914795,
    "Step 3.5.2.2.2: Reliability assessment (result 5)": 0.954265832901001,
    "Step 3.6.2.2.2: Reliability assessment (result 4)": 1.286466121673584,
    "Step 3.7.2.1.3: Content fetching (result 1)": 8.04299807548523,
    "Step 3.7.2.1.3: Content fetching (result 2)": 8.045104265213013,
    "Step 3.7.2.1.3: Content fetching (result 3)": 8.047308206558228,
    "Step 3.5.2.1.3: Content fetching (result 1)": 9.636123180389404,
    "Step 3.5.2.1.3: Content fetching (result 2)": 9.637981176376343,
    "Step 3.5.2.1.3: Content fetching (result 4)": 9.639569759368896,
    "Step 3.5.2.1.3: Content fetching (result 3)": 9.642132997512817,
    "Step 3.1.2.2.3: Content fetching (result 4)": 9.913842916488647,
    "Step 3.1.2.2.3: Content fetching (result 3)": 9.917119026184082,
    "Step 3.1.2.2.3: Content fetching (result 1)": 9.921962022781372,
    "Step 3.1.2.2.3: Content fetching (result 5)": 9.923835277557373,
    "Step 3.1.2.2.3: Content fetching (result 2)": 9.925940036773682,
    "Step 3.4.2.1.3: Content fetching (result 2)": 11.521867990493774,
    "Step 3.4.2.1.3: Content fetching (result 1)": 11.524703979492188,
    "Step 3.4.2.1.3: Content fetching (result 4)": 11.526914119720459,
    "Step 3.1.2.1.2: Reliability assessment (result 1)": 1.2238268852233887,
    "Step 3.1.2.1.2: Reliability assessment (result 2)": 1.2239561080932617,
    "Step 3.1.2.1.2: Reliability assessment (result 3)": 1.224017858505249,
    "Step 3.1.2.1.2: Reliability assessment (result 4)": 1.2241668701171875,
    "Step 3.4.2.1.3: Content fetching (result 3)": 11.530853748321533,
    "Step 3.3.1: Query generation for claim 3": 17.374346017837524,
    "Step 3.2.1: Query generation for claim 2": 17.37545680999756,
    "Step 3.1.2.1.2: Reliability assessment (result 5)": 2.0358550548553467,
    "Step 3.1.2.1.2: Reliability assessment (result 6)": 2.4746251106262207,
    "Step 3.5.2.2.3: Content fetching (result 1)": 17.562671184539795,
    "Step 3.5.2.2.3: Content fetching (result 2)": 17.56787109375,
    "Step 3.5.2.2.3: Content fetching (result 3)": 17.57084012031555,
    "Step 3.4.2.2.2: Reliability assessment (result 1)": 5.781096935272217,
    "Step 3.5.2.2.3: Content fetching (result 4)": 17.574399948120117,
    "Step 3.4.2.2.2: Reliability assessment (result 3)": 5.783793926239014,
    "Step 3.5.2.2.3: Content fetching (result 5)": 16.624005794525146,
    "Step 3.4.2.2.2: Reliability assessment (result 4)": 6.688288927078247,
    "Step 3.7.2.1.3: Content fetching (result 4)": 21.53275179862976,
    "Step 3.7.2.1.3: Content fetching (result 6)": 21.562628030776978,
    "Step 3.7.2.1.3: Content fetching (result 5)": 21.448949098587036,
    "Step 3.6.2.1.2: Reliability assessment (result 2)": 1.063572883605957,
    "Step 3.6.2.2.3: Content fetching (result 1)": 23.92894220352173,
    "Step 3.6.2.2.3: Content fetching (result 2)": 23.93174409866333,
    "Step 3.6.2.2.3: Content fetching (result 3)": 23.933837175369263,
    "Step 3.6.2.2.3: Content fetching (result 5)": 23.89009404182434,
    "Step 3.4.2.2.3: Content fetching (result 1)": 6.505252838134766,
    "Step 3.6.2.2.3: Content fetching (result 4)": 22.79178810119629,
    "Step 3.4.2.2.3: Content fetching (result 3)": 6.507627010345459,
    "Step 3.4.2.2.3: Content fetching (result 4)": 5.607682943344116,
    "Step 3.6.2.1.2: Reliability assessment (result 3)": 1.8944091796875,
    "Step 3.1.2.2.4: Evidence extraction (result 2)": 16.246581077575684,
    "Step 3.6.2.1.2: Reliability assessment (result 4)": 2.258592128753662,
    "Step 3.1.2.2.4: Evidence extraction (result 1)": 16.30173897743225,
    "Step 3.5.2.1.4: Evidence extraction (result 2)": 16.611945867538452,
    "Step 3.1.2.2.4: Evidence extraction (result 4)": 16.351457834243774,
    "Step 3.1.2.2.4: Evidence extraction (result 5)": 16.467719078063965,
    "Step 3.1.2.1.3: Content fetching (result 1)": 15.41555380821228,
    "Step 3.1.2.1.3: Content fetching (result 3)": 15.57641315460205,
    "Step 3.1.2.1.3: Content fetching (result 4)": 15.690038919448853,
    "Step 3.1.2.1.3: Content fetching (result 2)": 15.80081582069397,
    "Step 3.1.2.1.3: Content fetching (result 5)": 15.107487916946411,
    "Step 3.1.2.1.3: Content fetching (result 6)": 14.781317234039307,
    "Step 3.5.2.1.4: Evidence extraction (result 3)": 18.855417251586914,
    "Step 3.5.2.1.4: Evidence extraction (result 1)": 18.985162019729614,
    "Step 3.5.2.1.4: Evidence extraction (result 4)": 18.989809036254883,
    "Step 3.5.2: Search execution for claim 5 query 1": 31.55538296699524,
    "Step 3.1.2.2.4: Evidence extraction (result 3)": 18.827802896499634,