{
  "timing": {
    "total_seconds": 103.78210306167603,
    "Step 1: Transcript extraction": 1.3458566665649414,
    "Step 2: Claim extraction": 17.147042989730835,
    "Step 3.5.1: Query generation for claim 5": 2.8017818927764893,
    "Step 3.1.1: Query generation for claim 1": 2.9273297786712646,
    "Step 3.6.1: Query generation for claim 6": 3.0083048343658447,
    "Step 3.3.1: Query generation for claim 3": 3.010324001312256,
    "Step 3.4.1: Query generation for claim 4": 3.010172128677368,
    "Step 3.1.2.2.1.1: Google Search API (batch 1)": 1.3387200832366943,
    "Step 3.5.2.1.1.1: Google Search API (batch 1)": 1.4752240180969238,
    "Step 3.3.2.2.1.1: Google Search API (batch 1)": 1.1806800365447998,
    "Step 3.5.2.2.1.1: Google Search API (batch 1)": 1.433053970336914,
    "Step 3.6.2.2.1.1: Google Search API (batch 1)": 1.266273021697998,
    "Step 3.1.2.1.1.1: Google Search API (batch 1)": 1.3929920196533203,
    "Step 3.4.2.2.1.1: Google Search API (batch 1)": 1.106292963027954,
    "Step 3.6.2.1.1.1: Google Search API (batch 1)": 1.314222812652588,
    "Step 3.3.2.1.1.1: Google Search API (batch 1)": 1.2314739227294922,
    "Step 3.1.2.1.2: Reliability assessment (result 1)": 0.0011601448059082031,
    "Step 3.1.2.1.2: Reliability assessment (result 2)": 0.001165151596069336,
    "Step 3.4.2.1.1.1: Google Search API (batch 1)": 1.6298468112945557,
    "Step 3.1.2.1.2: Reliability assessment (result 3)": 0.001810312271118164,
    "Step 3.1.2.1.2: Reliability assessment (result 4)": 0.0019540786743164062,
    "Step 3.1.2.1.2: Reliability assessment (result 5)": 0.0020067691802978516,
    "Step 3.1.2.1.2: Reliability assessment (result 6)": 0.0020248889923095703,
    "Step 3.5.2.1.2: Reliability assessment (result 2)": 0.0013470649719238281,
    "Step 3.5.2.1.2: Reliability assessment (result 3)": 0.0014328956604003906,
    "Step 3.6.2.1.1.2: Google Search API (batch 2)": 0.7082960605621338,
    "Step 3.5.2.1.2: Reliability assessment (result 4)": 0.45085906982421875,
    "Step 3.3.2.2.2: Reliability assessment (result 2)": 0.32750391960144043,
    "Step 3.3.2.2.2: Reliability assessment (result 3)": 0.3276700973510742,
    "Step 3.4.2.2.2: Reliability assessment (result 2)": 0.37807202339172363,
    "Step 3.4.2.2.2: Reliability assessment (result 4)": 0.3781461715698242,
    "Step 3.5.2.1.2: Reliability assessment (result 1)": 1.1562440395355225,
    "Step 3.4.2.2.2: Reliability assessment (result 6)": 0.37816905975341797,
    "Step 3.4.2.2.2: Reliability assessment (result 1)": 0.3782839775085449,
    "Step 3.3.2.2.2: Reliability assessment (result 5)": 0.8238580226898193,
    "Step 3.3.2.2.2: Reliability assessment (result 4)": 0.8283042907714844,
    "Step 3.3.2.1.2: Reliability assessment (result 2)": 0.12303423881530762,
    "Step 3.3.2.1.2: Reliability assessment (result 3)": 0.1230928897857666,
    "Step 3.3.2.2.2: Reliability assessment (result 1)": 1.1391570568084717,
    "Step 3.4.2.2.2: Reliability assessment (result 3)": 1.2117676734924316,
    "Step 3.4.2.2.2: Reliability assessment (result 5)": 1.2118327617645264,
    "Step 3.3.2.1.2: Reliability assessment (result 4)": 0.9488332271575928,
    "Step 3.3.2.1.2: Reliability assessment (result 5)": 1.013044834136963,
    "Step 3.3.2.1.2: Reliability assessment (result 1)": 1.2310559749603271,
    "Step 3.3.2.2.3: Content fetching (result 2)": 4.54279088973999,
    "Step 3.3.2.2.3: Content fetching (result 3)": 4.544749021530151,
    "Step 3.3.2.2.3: Content fetching (result 5)": 4.0514349937438965,
    "Step 3.4.2.2.3: Content fetching (result 2)": 5.101119041442871,
    "Step 3.4.2.2.3: Content fetching (result 4)": 5.1030988693237305,
    "Step 3.1.2.2.2: Reliability assessment (result 1)": 4.270174980163574,
    "Step 3.4.2.2.3: Content fetching (result 6)": 5.106786727905273,
    "Step 3.4.2.2.3: Content fetching (result 1)": 5.110924005508423,
    "Step 3.1.2.2.2: Reliability assessment (result 2)": 5.338130950927734,
    "Step 3.1.2.2.2: Reliability assessment (result 3)": 5.352541923522949,
    "Step 3.3.2.2.3: Content fetching (result 4)": 7.641318321228027,
    "Step 3.3.2.2.3: Content fetching (result 1)": 7.332499980926514,
    "Step 3.4.2.1.2: Reliability assessment (result 1)": 4.537264108657837,
    "Step 3.4.2.1.2: Reliability assessment (result 2)": 4.536826848983765,
    "Step 3.5.2.1.3: Content fetching (result 2)": 9.649755954742432,
    "Step 3.5.2.1.3: Content fetching (result 3)": 9.653566122055054,
    "Step 3.5.2.1.3: Content fetching (result 4)": 9.206547975540161,
    "Step 3.5.2.1.3: Content fetching (result 1)": 8.50365686416626,
    "Step 3.4.2.1.2: Reliability assessment (result 3)": 5.179816961288452,
    "Step 3.5.2.2.2: Reliability assessment (result 1)": 3.3299710750579834,
    "Step 3.4.2.1.2: Reliability assessment (result 4)": 5.586958169937134,
    "Step 3.1.2.1.3: Content fetching (result 1)": 13.153335094451904,
    "Step 3.1.2.1.3: Content fetching (result 2)": 13.497320890426636,
    "Step 3.1.2.1.3: Content fetching (result 3)": 13.498006105422974,
    "Step 3.1.2.1.3: Content fetching (result 4)": 13.500538110733032,
    "Step 3.1.2.1.3: Content fetching (result 6)": 13.50398063659668,
    "Step 3.1.2.1.3: Content fetching (result 5)": 13.505409955978394,
    "Step 3.5.2.2.2: Reliability assessment (result 2)": 4.691264867782593,
    "Step 3.5.2.2.2: Reliability assessment (result 3)": 4.691348075866699,
    "Step 3.7.1: Query generation for claim 7": 19.103896141052246,
    "Step 3.2.1: Query generation for claim 2": 19.107485055923462,
    "Step 3.1.2.2.3: Content fetching (result 1)": 5.831673860549927,
    "Step 3.6.2.2.2: Reliability assessment (result 4)": 0.8288593292236328,
    "Step 3.6.2.2.2: Reliability assessment (result 3)": 1.6510741710662842,
    "Step 3.6.2.2.2: Reliability assessment (result 1)": 1.7113728523254395,
    "Step 3.6.2.2.2: Reliability assessment (result 2)": 1.8490307331085205,
    "Step 3.6.2.2.2: Reliability assessment (result 5)": 2.0864529609680176,
    "Step 3.3.2.1.3: Content fetching (result 2)": 12.235442161560059,
    "Step 3.3.2.1.3: Content fetching (result 3)": 12.239731311798096,
    "Step 3.3.2.1.3: Content fetching (result 4)": 11.41652774810791,
    "Step 3.3.2.1.3: Content fetching (result 5)": 11.354472160339355,
    "Step 3.3.2.1.3: Content fetching (result 1)": 11.140095949172974,
    "Step 3.6.2.2.2: Reliability assessment (result 6)": 2.309678077697754,
    "Step 3.4.2.2.3: Content fetching (result 3)": 11.797411918640137,
    "Step 3.4.2.2.3: Content fetching (result 5)": 11.80046796798706,
    "Step 3.6.2.1.2: Reliability assessment (result 2)": 2.609621047973633,
    "Step 3.1.2.2.3: Content fetching (result 2)": 7.492555141448975,
    "Step 3.1.2.2.3: Content fetching (result 3)": 7.480254173278809,
    "Step 3.6.2.1.3: Content fetching (result 2)": 2.0363008975982666,
    "Step 3.5.2.2.3: Content fetching (result 1)": 10.645618915557861,
    "Step 3.5.2.2.3: Content fetching (result 2)": 9.286572694778442,
    "Step 3.5.2.2.3: Content fetching (result 3)": 9.2884840965271,
    "Step 3.4.2.1.3: Content fetching (result 1)": 13.30176591873169,
    "Step 3.4.2.1.3: Content fetching (result 2)": 13.427134037017822,
    "Step 3.4.2.1.3: Content fetching (result 3)": 12.885334968566895,
    "Step 3.4.2.1.3: Content fetching (result 4)": 12.577034950256348,
    "Step 3.6.2.1.2: Reliability assessment (result 1)": 11.710054874420166,
    "Step 3.6.2.1.3: Content fetching (result 1)": 1.3770718574523926,
    "Step 3.3.2.2.4: Evidence extraction (result 2)": 24.727086067199707,
    "Step 3.4.2.2.4: Evidence extraction (result 1)": 23.8691987991333,
    "Step 3.3.2.2.4: Evidence extraction (result 3)": 24.880276918411255,
    "Step 3.4.2.2.4: Evidence extraction (result 6)": 23.951295852661133,
    "Step 3.3.2.2.4: Evidence extraction (result 1)": 21.341059923171997,
    "Step 3.4.2.2.4: Evidence extraction (result 4)": 24.49368405342102,