{
  "timing": {
    "total_seconds": 61.56866097450256,
    "Step 1: Transcript extraction": 0.9129939079284668,
    "Step 2: Claim extraction": 6.679034233093262,
    "Step 3.1.1: Query generation for claim 1": 2.171790838241577,
    "Step 3.4.1: Query generation for claim 4": 2.4578158855438232,
    "Step 3.2.1: Query generation for claim 2": 2.5665271282196045,
    "Step 3.1.2.1.1.1: Google Search API (batch 1)": 0.7783141136169434,
    "Step 3.1.2.2.1.1: Google Search API (batch 1)": 0.7909839153289795,
    "Step 3.2.2.1.1.1: Google Search API (batch 1)": 0.7288839817047119,
    "Step 3.4.2.1.1.1: Google Search API (batch 1)": 0.8381330966949463,
    "Step 3.2.2.2.1.1: Google Search API (batch 1)": 0.7813630104064941,
    "Step 3.4.2.2.1.1: Google Search API (batch 1)": 0.8809809684753418,
    "Step 3.5.1: Query generation for claim 5": 4.350529909133911,
    "Step 3.3.1: Query generation for claim 3": 4.47173285484314,
    "Step 3.2.2.1.2: Reliability assessment (result 1)": 0.340573787689209,
    "Step 3.2.2.1.2: Reliability assessment (result 3)": 0.34061384201049805,
    "Step 3.2.2.1.2: Reliability assessment (result 4)": 0.3406388759613037,
    "Step 3.5.2.2.1.1: Google Search API (batch 1)": 1.4512710571289062,
    "Step 3.3.2.2.1.1: Google Search API (batch 1)": 1.3662221431732178,
    "Step 3.2.2.1.2: Reliability assessment (result 6)": 0.34154605865478516,
    "Step 3.3.2.1.1.1: Google Search API (batch 1)": 1.4085979461669922,
    "Step 3.5.2.1.1.1: Google Search API (batch 1)": 1.4947960376739502,
    "Step 3.4.2.1.2: Reliability assessment (result 1)": 0.31734299659729004,
    "Step 3.4.2.1.2: Reliability assessment (result 3)": 0.31745266914367676,
    "Step 3.4.2.1.2: Reliability assessment (result 5)": 0.3175380229949951,
    "Step 3.4.2.1.2: Reliability assessment (result 4)": 0.31771111488342285,
    "Step 3.1.2.1.2: Reliability assessment (result 1)": 0.7070930004119873,
    "Step 3.1.2.1.2: Reliability assessment (result 3)": 0.7071719169616699,
    "Step 3.1.2.1.2: Reliability assessment (result 4)": 0.7074480056762695,
    "Step 3.2.2.1.2: Reliability assessment (result 5)": 1.3662269115447998,
    "Step 3.2.2.1.2: Reliability assessment (result 2)": 1.3667950630187988,
    "Step 3.4.2.1.2: Reliability assessment (result 2)": 1.026381254196167,
    "Step 3.1.2.2.2: Reliability assessment (result 1)": 0.0015289783477783203,
    "Step 3.1.2.2.2: Reliability assessment (result 3)": 0.0015327930450439453,
    "Step 3.1.2.2.2: Reliability assessment (result 6)": 0.0021402835845947266,
    "Step 3.4.2.2.2: Reliability assessment (result 1)": 0.0023691654205322266,
    "Step 3.1.2.1.2: Reliability assessment (result 6)": 0.7499780654907227,
    "Step 3.4.2.2.2: Reliability assessment (result 3)": 0.04208803176879883,
    "Step 3.1.2.1.2: Reliability assessment (result 2)": 0.8685028553009033,
    "Step 3.1.2.1.2: Reliability assessment (result 5)": 0.868743896484375,
    "Step 3.4.2.2.2: Reliability assessment (result 5)": 0.1607990264892578,
    "Step 3.4.2.2.2: Reliability assessment (result 6)": 0.16079115867614746,
    "Step 3.1.2.2.2: Reliability assessment (result 2)": 0.5155320167541504,
    "Step 3.4.2.2.2: Reliability assessment (result 4)": 0.5154898166656494,
    "Step 3.4.2.2.2: Reliability assessment (result 2)": 0.9244279861450195,
    "Step 3.1.2.2.2: Reliability assessment (result 5)": 0.9504210948944092,
    "Step 3.1.2.2.2: Reliability assessment (result 4)": 0.9533441066741943,
    "Step 3.4.2.2.3: Content fetching (result 1)": 2.904876708984375,
    "Step 3.1.2.2.3: Content fetching (result 1)": 4.014310836791992,
    "Step 3.1.2.2.3: Content fetching (result 3)": 4.01737117767334,
    "Step 3.1.2.2.3: Content fetching (result 6)": 4.020450830459595,
    "Step 3.4.2.2.3: Content fetching (result 3)": 5.111961126327515,
    "Step 3.4.2.1.3: Content fetching (result 1)": 7.275302171707153,
    "Step 3.4.2.1.3: Content fetching (result 3)": 7.27730393409729,
    "Step 3.4.2.1.3: Content fetching (result 5)": 7.279181003570557,
    "Step 3.4.2.1.3: Content fetching (result 4)": 7.280987977981567,
    "Step 3.2.2.2.2: Reliability assessment (result 2)": 6.0584940910339355,
    "Step 3.2.2.2.2: Reliability assessment (result 3)": 6.058526992797852,
    "Step 3.2.2.2.2: Reliability assessment (result 4)": 6.058540105819702,
    "Step 3.2.2.2.2: Reliability assessment (result 5)": 6.058546781539917,
    "Step 3.4.2.1.3: Content fetching (result 2)": 6.574398994445801,
    "Step 3.2.2.2.2: Reliability assessment (result 6)": 6.779430866241455,
    "Step 3.2.2.2.2: Reliability assessment (result 1)": 6.94233775138855,
    "Step 3.1.2.2.3: Content fetching (result 2)": 7.850684881210327,
    "Step 3.1.2.2.3: Content fetching (result 5)": 7.653314113616943,
    "Step 3.1.2.1.3: Content fetching (result 4)": 8.899713039398193,
    "Step 3.1.2.1.3: Content fetching (result 1)": 8.902875900268555,
    "Step 3.1.2.1.3: Content fetching (result 3)": 8.905034065246582,
    "Step 3.1.2.1.3: Content fetching (result 6)": 8.868848323822021,
    "Step 3.1.2.1.3: Content fetching (result 2)": 8.752437829971313,
    "Step 3.1.2.1.3: Content fetching (result 5)": 8.755293130874634,
    "Step 3.4.2.2.3: Content fetching (result 5)": 9.41672396659851,
    "Step 3.4.2.2.3: Content fetching (result 6)": 9.423003911972046,
    "Step 3.4.2.2.3: Content fetching (result 4)": 9.071595907211304,
    "Step 3.4.2.2.3: Content fetching (result 2)": 8.664528846740723,
    "Step 3.1.2.2.3: Content fetching (result 4)": 8.679656267166138,
    "Step 3.3.2.1.2: Reliability assessment (result 1)": 0.0010209083557128906,
    "Step 3.3.2.1.2: Reliability assessment (result 2)": 0.0010728836059570312,
    "Step 3.3.2.1.2: Reliability assessment (result 3)": 0.001138925552368164,
    "Step 3.3.2.1.2: Reliability assessment (result 6)": 0.0005881786346435547,
    "Step 3.4.2.2.4: Evidence extraction (result 3)": 5.458371877670288,
    "Step 3.1.2.2.4: Evidence extraction (result 1)": 6.597028970718384,
    "Step 3.3.2.1.2: Reliability assessment (result 5)": 0.7032108306884766,
    "Step 3.1.2.2.4: Evidence extraction (result 6)": 6.917349338531494,
    "Step 3.1.2.2.4: Evidence extraction (result 5)": 2.35691499710083,
    "Step 3.3.2.1.2: Reliability assessment (result 4)": 0.8875150680541992,
    "Step 3.5.2.1.2: Reliability assessment (result 2)": 0.4112997055053711,
    "Step 3.5.2.1.2: Reliability assessment (result 3)": 0.41134119033813477,
    "Step 3.5.2.1.2: Reliability assessment (result 4)": 0.9872210025787354,
    "Step 3.5.2.1.2: Reliability assessment (result 5)": 0.9873099327087402,
    "Step 3.5.2.1.2: Reliability assessment (result 1)": 1.1535470485687256,
    "Step 3.5.2.1.2: Reliability assessment (result 6)": 1.8148069381713867,
    "Step 3.1.2.2.4: Evidence extraction (result 3)": 8.430191040039062,
    "Step 3.4.2.2.4: Evidence extraction (result 1)": 10.53035020828247,
    "Step 3.4.2.2.4: Evidence extraction (result 2)": 3.8492207527160645,
    "Step 3.4.2.1.4: Evidence extraction (result 3)": 6.869156122207642,
    "Step 3.4.2.1.4: Evidence extraction (result 4)": 6.86727499961853,
    "Step 3.1.2.1.4: Evidence extraction (result 5)": 4.5251500606536865,
    "Step 3.4.2.2.4: Evidence extraction (result 4)": 3.854503870010376,
    "Step 3.1.2.1.4: Evidence extraction (result 3)": 5.001689910888672,
    "Step 3.1.2.2.4: Evidence extraction (result 4)": 4.300487041473389,
    "Step 3.1.2.1.4: Evidence extraction (result 2)": 5.391546010971069,
    "Step 3.1.2.1.4: Evidence extraction (result 6)": 5.76041316986084,
    "Step 3.1.2.1.4: Evidence extraction (result 1)": 5.819422006607056,
    "Step 3.4.2.1.4: Evidence extraction (result 2)": 8.261805772781372,
    "Step 3.1.2.1.4: Evidence extraction (result 4)": 5.985358715057373,
    "Step 3.1.2: Search execution for claim 1 query 1": 19.748924016952515,
    "Step 3.4.2.1.4: Evidence extraction (result 1)": 8.765082836151123,