{
  "timing": {
    "total_seconds": 94.76651811599731,
    "Step 1: Transcript extraction": 0.8934271335601807,
    "Step 2: Claim extraction": 14.95488691329956,
    "Step 3.5.1: Query generation for claim 5": 2.6544768810272217,
    "Step 3.3.1: Query generation for claim 3": 2.7789571285247803,
    "Step 3.4.1: Query generation for claim 4": 2.9198389053344727,
    "Step 3.2.1: Query generation for claim 2": 3.0357749462127686,
    "Step 3.1.1: Query generation for claim 1": 3.298586845397949,
    "Step 3.5.2.2.1.1: Google Search API (batch 1)": 1.1152079105377197,
    "Step 3.3.2.1.1.1: Google Search API (batch 1)": 1.0785291194915771,
    "Step 3.5.2.1.1.1: Google Search API (batch 1)": 1.1658298969268799,
    "Step 3.3.2.2.1.1: Google Search API (batch 1)": 1.0396742820739746,
    "Step 3.2.2.2.1.1: Google Search API (batch 1)": 0.7914960384368896,
    "Step 3.2.2.1.1.1: Google Search API (batch 1)": 0.8993370532989502,
    "Step 3.4.2.2.1.1: Google Search API (batch 1)": 0.9949300289154053,
    "Step 3.4.2.1.1.1: Google Search API (batch 1)": 1.1112546920776367,
    "Step 3.1.2.2.1.1: Google Search API (batch 1)": 0.8767869472503662,
    "Step 3.1.2.1.1.1: Google Search API (batch 1)": 1.0007150173187256,
    "Step 3.5.2.1.2: Reliability assessment (result 2)": 0.33812618255615234,
    "Step 3.5.2.1.2: Reliability assessment (result 3)": 0.3385012149810791,
    "Step 3.5.2.1.2: Reliability assessment (result 4)": 0.3386869430541992,
    "Step 3.5.2.1.2: Reliability assessment (result 5)": 0.339061975479126,
    "Step 3.2.2.1.2: Reliability assessment (result 1)": 0.311384916305542,
    "Step 3.2.2.1.2: Reliability assessment (result 2)": 0.31163501739501953,
    "Step 3.2.2.1.2: Reliability assessment (result 3)": 0.3119351863861084,
    "Step 3.2.2.1.2: Reliability assessment (result 5)": 0.3125429153442383,
    "Step 3.4.2.1.2: Reliability assessment (result 1)": 0.0016791820526123047,
    "Step 3.4.2.1.2: Reliability assessment (result 2)": 0.0017600059509277344,
    "Step 3.4.2.1.2: Reliability assessment (result 3)": 0.001802206039428711,
    "Step 3.4.2.1.2: Reliability assessment (result 4)": 0.0018181800842285156,
    "Step 3.5.2.1.2: Reliability assessment (result 1)": 1.338057041168213,
    "Step 3.4.2.1.2: Reliability assessment (result 5)": 0.6886940002441406,
    "Step 3.2.2.1.2: Reliability assessment (result 6)": 0.9999868869781494,
    "Step 3.4.2.1.2: Reliability assessment (result 6)": 1.0331039428710938,
    "Step 3.3.2.2.2: Reliability assessment (result 2)": 0.6921079158782959,
    "Step 3.3.2.2.2: Reliability assessment (result 3)": 0.6921777725219727,
    "Step 3.3.2.2.2: Reliability assessment (result 4)": 0.6922218799591064,
    "Step 3.3.2.2.2: Reliability assessment (result 5)": 0.6922280788421631,
    "Step 3.2.2.1.2: Reliability assessment (result 4)": 1.3447458744049072,
    "Step 3.3.2.1.2: Reliability assessment (result 2)": 0.6900649070739746,
    "Step 3.3.2.1.2: Reliability assessment (result 3)": 0.6901199817657471,
    "Step 3.3.2.1.2: Reliability assessment (result 4)": 0.6901431083679199,
    "Step 3.3.2.2.2: Reliability assessment (result 6)": 1.037506103515625,
    "Step 3.3.2.1.2: Reliability assessment (result 5)": 1.0705440044403076,
    "Step 3.4.2.2.2: Reliability assessment (result 1)": 0.7262721061706543,
    "Step 3.4.2.2.2: Reliability assessment (result 2)": 0.7262659072875977,
    "Step 3.4.2.2.2: Reliability assessment (result 3)": 0.7262856960296631,
    "Step 3.3.2.1.2: Reliability assessment (result 1)": 1.0707731246948242,
    "Step 3.3.2.2.2: Reliability assessment (result 1)": 1.4532759189605713,
    "Step 3.4.2.2.2: Reliability assessment (result 5)": 0.8494980335235596,
    "Step 3.4.2.2.2: Reliability assessment (result 4)": 1.2785463333129883,
    "Step 3.4.2.2.2: Reliability assessment (result 6)": 1.6002771854400635,
    "Step 3.3.2.2.3: Content fetching (result 2)": 4.70351505279541,
    "Step 3.3.2.2.3: Content fetching (result 3)": 6.789036750793457,
    "Step 3.3.2.2.3: Content fetching (result 4)": 9.885179281234741,
    "Step 3.3.2.2.3: Content fetching (result 5)": 9.890917778015137,
    "Step 3.3.2.1.3: Content fetching (result 2)": 11.237565994262695,
    "Step 3.5.2.1.3: Content fetching (result 2)": 14.032251834869385,
    "Step 3.5.2.1.3: Content fetching (result 3)": 14.03873896598816,
    "Step 3.5.2.1.3: Content fetching (result 5)": 14.040317296981812,
    "Step 3.5.2.1.3: Content fetching (result 4)": 14.04272985458374,
    "Step 3.2.2.2.2: Reliability assessment (result 2)": 12.354627132415771,
    "Step 3.2.2.2.2: Reliability assessment (result 3)": 12.354853868484497,
    "Step 3.2.2.2.2: Reliability assessment (result 4)": 12.354965925216675,
    "Step 3.2.2.2.2: Reliability assessment (result 5)": 12.355116128921509,
    "Step 3.5.2.1.3: Content fetching (result 1)": 13.0469229221344,
    "Step 3.2.2.2.2: Reliability assessment (result 1)": 14.122454166412354,
    "Step 3.4.2.1.3: Content fetching (result 1)": 15.550701141357422,
    "Step 3.4.2.1.3: Content fetching (result 2)": 15.55286192893982,
    "Step 3.4.2.1.3: Content fetching (result 3)": 15.555012226104736,
    "Step 3.4.2.1.3: Content fetching (result 4)": 15.557435750961304,
    "Step 3.5.2.2.2: Reliability assessment (result 2)": 13.800130128860474,
    "Step 3.4.2.1.3: Content fetching (result 5)": 14.872752904891968,
    "Step 3.4.2.1.3: Content fetching (result 6)": 14.53073525428772,
    "Step 3.5.2.2.2: Reliability assessment (result 5)": 13.806140184402466,
    "Step 3.5.2.2.2: Reliability assessment (result 3)": 14.926312923431396,
    "Step 3.5.2.2.2: Reliability assessment (result 4)": 15.405852794647217,
    "Step 3.5.2.2.2: Reliability assessment (result 1)": 15.43871521949768,
    "Step 3.2.2.1.3: Content fetching (result 1)": 17.95243501663208,
    "Step 3.2.2.1.3: Content fetching (result 2)": 17.954761028289795,
    "Step 3.2.2.1.3: Content fetching (result 3)": 17.95907211303711,
    "Step 3.2.2.1.3: Content fetching (result 5)": 17.961863040924072,
    "Step 3.2.2.1.3: Content fetching (result 6)": 17.27661919593811,
    "Step 3.2.2.1.3: Content fetching (result 4)": 16.934334993362427,
    "Step 3.1.2.1.2: Reliability assessment (result 1)": 2.4681828022003174,
    "Step 3.1.2.1.2: Reliability assessment (result 2)": 2.467711925506592,
    "Step 3.3.2.2.3: Content fetching (result 6)": 17.214720964431763,
    "Step 3.1.2.1.2: Reliability assessment (result 4)": 3.0928828716278076,
    "Step 3.3.2.2.3: Content fetching (result 1)": 16.800920009613037,
    "Step 3.1.2.1.2: Reliability assessment (result 3)": 3.9117560386657715,
    "Step 3.1.2.1.2: Reliability assessment (result 6)": 4.3544793128967285,
    "Step 3.1.2.1.2: Reliability assessment (result 5)": 4.355197906494141,
    "Step 3.3.2.1.3: Content fetching (result 3)": 18.791107177734375,
    "Step 3.3.2.1.3: Content fetching (result 4)": 18.793659925460815,
    "Step 3.3.2.1.3: Content fetching (result 5)": 18.415007829666138,
    "Step 3.3.2.1.3: Content fetching (result 1)": 18.417314052581787,
    "Step 3.1.2.1.3: Content fetching (result 1)": 6.23455810546875,
    "Step 3.1.2.1.3: Content fetching (result 2)": 6.236257076263428,
    "Step 3.1.2.1.3: Content fetching (result 4)": 9.322899103164673,
    "Step 3.1.2.2.2: Reliability assessment (result 1)": 8.06248688697815,
    "Step 3.1.2.2.2: Reliability assessment (result 2)": 8.062412023544312,
    "Step 3.1.2.1.3: Content fetching (result 3)": 8.50608491897583,
    "Step 3.2.2.2.3: Content fetching (result 2)": 14.692703247070312,
    "Step 3.1.2.2.2: Reliability assessment (result 5)": 8.571341037750244,
    "Step 3.2.2.2.3: Content fetching (result 3)": 14.694602012634277,
    "Step 3.2.2.2.3: Content fetching (result 4)": 14.69722294807434,
    "Step 3.2.2.2.3: Content fetching (result 5)": 14.699410915374756,
    "Step 3.2.2.2.3: Content fetching (result 1)": 12.934834957122803,
    "Step 3.1.2.2.2: Reliability assessment (result 3)": 9.13764476776123,